,peso
0,23.09
1,30.5
2,19.5
3,25.5
4,26.5
5,26.0
6,26.5
7,25.5
8,27.0
9,27.0
10,29.0
11,31.0
12,29.0
13,29.5
14,24.5
15,26.0
16,35.0
17,35.0
18,27.0
19,28.0
20,32.59
21,29.5
22,27.5
23,26.5
24,24.5
25,18.5
26,25.0
27,23.0
28,32.5
29,31.5
30,25.0
31,23.5
32,24.5
33,28.5
34,27.0
35,25.0
36,28.0
37,34.0
38,28.5
39,30.0
40,29.09
41,26.5
42,23.5
43,25.0
44,25.0
45,18.5
46,29.0
47,30.5
48,28.0
49,24.0
50,23.5
51,23.0
52,24.5
53,27.5
54,20.5
55,27.0
56,24.5
57,28.5
58,24.0
59,28.09
60,25.5
61,22.0
62,14.0
63,28.5
64,15.5
65,25.5
66,27.5
67,25.5
68,13.5
69,27.5
70,23.5
71,29.0
72,22.5
73,29.0
74,29.0
75,37.0
76,24.0
77,29.0
78,26.5
79,25.09
80,26.5
81,27.5
82,29.5
83,24.0
84,30.5
85,24.0
86,30.5
87,28.5
88,32.5
89,24.5
90,23.5
91,29.5
92,29.5
93,33.0
94,15.5
95,13.0
96,20.5
97,28.0
98,32.0
99,24.59
100,24.5
101,34.0
102,12.5
103,17.0
104,27.5
105,22.0
106,25.5
107,21.5
108,27.0
109,25.5
110,27.5
111,22.5
112,30.0
113,26.0
114,31.0
115,32.5
116,36.0
117,13.0
118,19.0
119,21.59
120,23.0
121,26.5
122,27.0
123,24.5
124,14.0
125,23.5
126,27.0
127,28.5
128,13.0
129,21.0
130,23.5
131,27.5
132,23.5
133,21.0
134,15.0
135,27.0
136,23.0
137,23.5
138,20.0
139,21.59
140,26.0
141,19.0
142,29.0
143,23.0
144,25.0
145,26.0
146,26.0
147,23.0
148,17.5
149,21.5
150,29.5
151,13.5
152,21.5
153,20.5
154,28.59
155,25.0
156,26.5
157,27.0
158,24.0
159,25.5
160,26.5
161,28.5
162,26.5
163,32.5
164,29.0
165,17.0
166,28.0
167,30.0
168,22.5
169,27.0
170,21.0
171,29.5
172,27.5
173,28.5
174,26.09
175,31.5
176,27.0
177,30.0
178,26.0
179,20.5
180,21.5
181,22.0
182,23.0
183,27.0
184,21.5
185,33.0
186,27.5
187,34.0
188,24.0
189,26.5
190,30.0
191,29.0
192,18.0
193,20.0
194,32.09
195,25.5
196,32.5
197,22.5
198,22.0
199,22.0
200,18.5
201,21.0
202,27.0
203,25.5
204,23.5
205,25.5
206,25.0
207,32.0
208,28.5
209,26.0
210,24.5
211,18.5
212,32.59
213,21.0
214,25.0
215,28.0
216,22.0
217,26.0
218,23.5
219,29.0
220,27.5
221,26.0
222,21.0
223,27.0
224,30.0
225,24.0
226,23.0
227,23.5
228,22.0
229,17.5
230,31.0
231,32.5
232,24.0
233,31.0
234,25.0
235,25.0
236,24.0
237,23.59
238,31.5
239,28.5
240,31.5
241,31.0
242,29.5
243,21.0
244,21.5
245,23.5
246,27.5
247,34.0
248,27.0
249,25.59
250,26.0
251,24.5
252,24.0
253,19.0
254,28.0
255,26.0
256,28.5
257,30.0
258,32.0
259,31.5
260,26.0
261,26.5
262,31.0
263,15.0
264,21.0
265,29.0
266,24.5
267,24.0
268,23.5
269,22.5
270,25.59
271,24.0
272,21.0
273,24.5
274,24.5
275,22.5
276,22.0
277,26.0
278,27.5
279,22.0
280,30.5
281,33.5
282,26.5
283,24.0
284,28.5
285,31.5
286,25.0
287,21.0
288,24.0
289,25.5
290,21.0
291,18.59
292,29.5
293,19.5
294,28.5
295,20.5
296,23.5
297,26.0
298,26.0
299,26.0
300,26.5
301,15.0
302,27.5
303,21.5
304,21.0
305,22.0
306,25.0
307,17.5
308,20.5
309,17.0
310,24.5
311,26.09
312,18.0
313,20.0
314,18.5
315,34.5
316,19.0
317,31.5
318,24.5
319,30.0
320,17.5
321,22.0
322,27.0
323,24.0
324,23.0
325,32.0
326,30.5
327,21.0
328,25.0
329,22.5
330,27.5
331,29.09
332,25.0
333,16.5
334,26.0
335,23.0
336,25.0
337,23.0
338,21.0
339,25.5
340,22.0
341,28.0
342,30.0
343,20.5
344,21.5
345,25.5
346,25.0
347,27.0
348,26.5
349,39.0
350,25.59
351,18.5
352,24.0
353,17.0
354,19.5
355,14.5
356,21.0
357,21.5
358,22.5
359,21.5
360,25.5
361,18.0
362,27.0
363,23.0
364,33.5
365,14.5
366,17.0
367,34.5
368,20.5
369,27.5
370,22.0
371,22.0
372,22.59
373,18.5
374,33.5
375,21.5
376,17.5
377,21.5
378,20.0
379,14.0
380,16.5
381,16.5
382,23.5
383,21.5
384,19.0
385,28.5
386,25.0
387,22.5
388,33.0
389,18.5
390,25.5
391,18.0
392,19.0
393,24.5
394,26.0
395,29.5
396,29.0
397,30.5
398,26.0
399,28.5
400,29.5
401,8.5
402,24.5
403,14.59
404,29.0
405,20.0
406,23.0
407,22.5
408,27.5
409,34.5
410,24.5
411,19.5
412,23.5
413,25.5
414,26.5
415,13.5
416,22.0
417,23.0
418,19.59
419,17.5
420,17.5
421,23.0
422,29.0
423,30.0
424,26.5
425,21.5
426,25.0
427,22.0
428,32.0
429,30.0
430,26.0
431,22.5
432,29.0
433,24.0
434,33.0
435,26.5
436,25.5
437,26.09
438,21.5
439,33.0
440,35.5
441,20.0
442,25.0
443,22.0
444,25.5
445,24.0
446,23.5
447,27.0
448,31.5
449,33.0
450,19.5
451,41.0
452,15.0
453,26.5
454,30.5
455,27.5
456,33.0
457,34.59
458,24.5
459,32.5
460,26.0
461,13.0
462,26.5
463,22.5
464,29.5
465,27.5
466,27.0
467,31.5
468,28.5
469,30.5
470,23.0
471,16.5
472,34.0
473,20.5
474,19.0
475,16.0
476,20.0
477,17.09
478,26.0
479,23.5
480,15.5
481,29.5
482,24.0
483,31.0
484,26.0
485,25.5
486,25.5
487,26.0
488,30.0
489,22.5
490,25.0
491,29.5
492,31.5
493,24.5
494,28.0
495,23.0
496,24.59
497,32.5
498,24.5
499,28.0
500,33.0
501,30.0
502,26.0
503,23.0
504,18.0
505,21.5
506,23.0
507,25.0
508,27.5
509,26.5
510,30.0
511,23.5
512,26.5
513,20.5
514,20.5
515,28.0
516,25.09
517,26.5
518,17.5
519,26.0
520,33.5
521,20.0
522,32.0
523,21.0
524,23.0
525,22.5
526,29.5
527,19.0
528,33.0
529,24.5
530,29.0
531,21.5
532,26.0
533,28.0
534,22.0
535,25.09
536,25.5
537,24.0
538,19.5
539,25.0
540,26.5
541,31.5
542,23.5
543,26.5
544,24.0
545,24.5
546,22.5
547,26.0
548,25.5
549,28.0
550,23.5
551,23.5
552,25.0
553,22.5
554,29.0
555,28.59
556,21.0
557,16.5
558,25.5
559,36.0
560,24.0
561,32.5
562,26.5
563,35.0
564,30.5
565,37.5
566,34.0
567,22.5
568,24.5
569,29.0
570,30.5
571,19.0
572,20.0
573,19.5
574,22.59
575,25.5
576,28.5
577,25.0
578,21.0
579,22.5
580,25.0
581,19.0
582,29.0
583,23.5
584,29.5
585,21.5
586,28.5
587,21.0
588,11.5
589,22.5
590,24.5
591,21.5
592,25.0
593,28.5
594,30.59
595,25.0
596,22.0
597,23.0
598,32.0
599,29.5
600,23.0
601,24.5
602,22.5
603,21.0
604,23.0
605,28.0
606,25.5
607,13.5
608,19.0
609,24.0
610,24.5
611,20.5
612,22.5
613,24.0
614,29.59
615,30.5
616,32.0
617,23.5
618,19.0
619,28.5
620,31.5
621,21.0
622,26.0
623,24.5
624,26.5
625,20.0
626,22.5
627,26.0
628,28.5
629,22.5
630,30.5
631,19.0
632,25.5
633,19.0
634,12.0
635,22.09
636,19.5
637,12.0
638,14.5
639,25.5
640,15.5
641,24.5
642,17.0
643,18.0
644,20.0
645,18.5
646,23.0
647,22.0
648,25.0
649,25.5
650,18.0
651,21.5
652,21.0
653,25.5
654,25.5
655,23.0
656,16.5
657,18.5
658,21.0
659,23.5
660,29.5
661,23.5
662,24.5
663,25.5
664,17.59
665,16.5
666,15.0
667,18.5
668,22.5
669,23.0
670,21.0
671,21.0
672,10.0
673,17.5
674,31.0
675,25.0
676,18.5
677,16.0
678,25.5
679,22.0
680,23.0
681,18.0
682,25.0
683,21.0
684,22.0
685,22.5
686,32.59
687,31.5
688,23.5
689,34.0
690,30.5
691,30.0
692,12.0
693,16.5
694,17.0
695,30.5
696,18.5
697,27.0
698,23.5
699,24.0
700,29.0
701,23.5
702,27.0
703,21.0
704,22.0
705,25.09
706,23.5
707,19.0
708,26.5
709,22.0
710,28.0
711,20.0
712,24.0
713,21.0
714,21.0
715,18.5
716,19.0
717,25.0
718,16.5
719,23.5
720,16.5
721,18.0
722,32.0
723,34.5
724,32.5
725,25.5
726,29.09
727,22.5
728,26.5
729,16.0
730,25.5
731,18.5
732,27.0
733,26.5
734,28.5
735,25.0
736,26.5
737,22.0
738,13.09
739,17.5
740,17.5
741,12.5
742,18.0
743,15.0
744,21.0
745,26.09
746,26.0
747,18.0
748,13.5
749,22.5
750,29.5
751,26.0
752,29.5
753,24.5
754,27.5
755,22.0
756,30.5
757,31.5
758,29.5
759,12.5
760,19.5
761,13.5
762,32.0
763,21.5
764,26.0
765,18.0
766,22.5
767,24.5
768,24.0
769,28.0
770,29.5
771,27.5
772,27.0
773,23.5
774,25.0
775,27.59
776,29.0
777,20.5
778,31.5
779,27.5
780,14.0
781,30.5
782,24.5
783,21.0
784,18.0
785,26.0
786,24.0
787,32.5
788,23.0
789,25.5
790,31.0
791,26.5
792,23.0
793,24.0
794,23.5
795,28.09
796,30.5
797,34.5
798,28.0
799,25.5
800,27.0
801,24.5
802,25.5
803,28.0
804,23.5
805,20.5
806,19.0
807,27.5
808,17.0
809,17.0
810,29.0
811,18.5
812,18.5
813,17.0
814,9.09
815,16.0
816,7.5
817,19.5
818,30.59
819,21.0
820,32.0
821,25.0
822,30.5
823,26.0
824,16.0
825,20.5
826,24.0
827,23.5
828,12.0
829,23.0
830,25.5
831,24.0
832,22.0
833,19.0
834,16.0
835,22.5
836,18.0
837,24.5
838,24.09
839,24.5
840,20.5
841,20.0
842,22.0
843,11.0
844,14.0
845,16.5
846,28.5
847,27.0
848,27.5
849,24.0
850,27.5
851,20.5
852,19.0
853,22.0
854,20.5
855,20.0
856,24.5
857,17.0
858,23.59
859,20.0
860,22.5
861,27.5
862,27.0
863,22.5
864,20.0
865,24.0
866,20.59
867,20.0
868,22.0
869,27.5
870,26.0
871,26.5
872,28.5
873,24.5
874,28.0
875,17.0
876,22.5
877,21.0
878,30.5
879,22.0
880,26.5
881,21.0
882,24.0
883,21.5
884,19.0
885,16.5
886,21.59
887,21.0
888,18.5
889,21.0
890,25.5
891,24.5
892,22.5
893,29.0
894,17.0
895,26.5
896,19.0
897,19.5
898,12.0
899,14.0
900,17.0
901,23.0
902,21.0
903,15.0
904,19.0
905,20.09
906,26.5
907,30.5
908,32.0
909,21.5
910,29.0
911,24.0
912,25.0
913,21.0
914,26.0
915,25.0
916,26.0
917,25.5
918,21.5
919,27.5
920,27.5
921,15.0
922,27.5
923,23.0
924,20.0
925,13.09
926,26.0
927,16.5
928,22.0
929,16.0
930,17.5
931,21.0
932,12.0
933,26.0
934,21.0
935,15.5
936,18.5
937,20.0
938,21.5
939,19.5
940,22.0
941,20.5
942,21.5
943,18.5
944,21.0
945,18.59
946,30.5
947,31.5
948,23.0
949,29.5
950,24.5
951,31.5
952,26.0
953,22.0
954,18.5
955,20.5
956,21.0
957,32.0
958,27.5
959,27.5
960,35.0
961,21.5
962,22.0
963,28.5
964,29.5
965,28.59
966,29.5
967,26.5
968,19.0
969,30.0
970,22.0
971,26.0
972,20.0
973,14.0
974,18.5
975,24.5
976,19.5
977,25.0
978,29.5
979,21.5
980,17.0
981,21.0
982,31.0
983,24.5
984,28.0
985,29.09
986,28.0
987,25.0
988,27.0
989,23.5
990,12.0
991,23.5
992,17.0
993,18.5
994,22.0
995,26.0
996,26.0
997,27.0
998,23.0
999,21.0
1000,29.5
1001,23.5
1002,19.0
1003,25.5
1004,15.5
1005,14.0
1006,24.09
1007,21.5
1008,23.5
1009,20.5
1010,19.5
1011,20.0
1012,27.0
1013,28.5
1014,27.0
1015,14.5
1016,22.0
1017,16.0
1018,18.0
1019,16.5
1020,22.5
1021,19.5
1022,12.0
1023,18.5
1024,13.0
1025,19.0
1026,20.0
1027,25.0
1028,19.59
1029,25.5
1030,16.0
1031,22.0
1032,29.5
1033,27.5
1034,17.5
1035,27.5
1036,25.5
1037,17.5
1038,24.5
1039,12.5
1040,22.0
1041,22.5
1042,21.5
1043,28.0
1044,21.5
1045,21.5
1046,17.0
1047,33.09
1048,24.5
1049,28.5
1050,30.0
1051,31.5
1052,30.5
1053,32.0
1054,35.5
1055,28.5
1056,27.0
1057,30.5
1058,22.0
1059,32.5
1060,30.5
1061,25.5
1062,26.0
1063,25.5
1064,21.5
1065,26.5
1066,29.09
1067,26.0
1068,14.0
1069,20.5
1070,19.0
1071,22.5
1072,25.5
1073,24.0
1074,28.0
1075,27.5
1076,19.5
1077,26.0
1078,24.5
1079,24.0
1080,20.0
1081,17.0
1082,20.0
1083,24.0
1084,26.5
1085,24.5
1086,13.0
1087,26.5
1088,23.0
1089,19.0
1090,27.0
1091,24.0
1092,22.0
1093,28.5
1094,33.0
1095,25.59
1096,14.5
1097,23.5
1098,22.0
1099,22.5
1100,17.5
1101,23.5
1102,25.0
1103,24.5
1104,25.0
1105,23.5
1106,19.0
1107,25.0
1108,30.0
1109,35.5
1110,26.0
1111,19.0
1112,27.5
1113,20.5
1114,21.0
1115,22.59
1116,30.0
1117,21.0
1118,32.5
1119,14.0
1120,28.5
1121,26.0
1122,31.5
1123,25.5
1124,28.5
1125,24.0
1126,35.0
1127,34.5
1128,26.0
1129,25.5
1130,24.5
1131,30.5
1132,25.5
1133,23.0
1134,27.0
1135,28.09
1136,24.0
1137,18.0
1138,23.5
1139,15.5
1140,23.5
1141,20.5
1142,22.5
1143,24.5
1144,23.0
1145,27.0
1146,17.5
1147,20.0
1148,26.5
1149,18.0
1150,16.5
1151,21.5
1152,24.5
1153,24.0
1154,20.5
1155,13.59
1156,19.0
1157,18.0
1158,21.5
1159,28.0
1160,27.0
1161,26.0
1162,26.5
1163,24.0
1164,28.0
1165,30.5
1166,22.5
1167,15.0
1168,20.5
1169,20.5
1170,29.0
1171,27.0
1172,20.0
1173,22.0
1174,18.0
1175,29.5
1176,22.5
1177,35.5
1178,25.0
1179,24.0
1180,26.0
1181,26.5
1182,23.0
1183,20.0
1184,15.0
1185,18.09
1186,23.0
1187,29.5
1188,23.0
1189,16.5
1190,21.0
1191,26.0
1192,20.0
1193,16.5
1194,24.0
1195,29.5
1196,27.5
1197,27.0
1198,30.0
1199,22.5
1200,24.5
1201,26.0
1202,24.0
1203,18.0
1204,17.5
1205,28.09
1206,26.5
1207,24.0
1208,24.0
1209,21.0
1210,23.0
1211,18.5
1212,24.0
1213,31.0
1214,19.5
1215,18.59
1216,19.0
1217,27.0
1218,19.0
1219,22.0
1220,17.5
1221,14.0
1222,28.0
1223,31.0
1224,28.0
1225,27.0
1226,24.0
1227,24.0
1228,34.0
1229,20.0
1230,22.5
1231,28.5
1232,21.0
1233,21.0
1234,36.0
1235,22.09
1236,26.0
1237,20.5
1238,20.5
1239,21.5
1240,20.0
1241,16.0
1242,25.5
1243,24.0
1244,20.0
1245,24.5
1246,27.0
1247,26.0
1248,17.5
1249,24.5
1250,18.0
1251,29.0
1252,17.0
1253,18.5
1254,25.09
1255,28.0
1256,21.5
1257,19.0
1258,19.5
1259,24.0
1260,22.0
1261,21.5
1262,23.5
1263,20.5
1264,32.0
1265,15.5
1266,30.5
1267,27.5
1268,19.0
1269,14.0
1270,25.0
1271,26.0
1272,30.0
1273,28.5
1274,19.09
1275,27.5
1276,24.5
1277,26.5
1278,25.5
1279,16.5
1280,19.5
1281,16.5
1282,18.5
1283,18.0
1284,24.5
1285,16.0
1286,26.5
1287,28.5
1288,19.0
1289,30.0
1290,22.5
1291,18.0
1292,19.0
1293,17.09
1294,18.5
1295,22.0
1296,21.0
1297,18.0
1298,21.5
1299,21.0
1300,17.0
1301,13.0
1302,19.5
1303,17.0
1304,21.5
1305,26.5
1306,20.0
1307,21.5
1308,26.0
1309,24.5
1310,15.5
1311,26.5
1312,22.0
1313,14.09
1314,16.5
1315,18.5
1316,22.0
1317,19.0
1318,27.5
1319,23.5
1320,19.5
1321,18.5
1322,15.0
1323,19.5
1324,22.0
1325,22.5
1326,22.0
1327,27.5
1328,17.5
1329,24.5
1330,17.5
1331,20.0
1332,19.5
1333,4.59
1334,19.59
1335,23.5
1336,23.5
1337,23.0
1338,15.5
1339,30.5
1340,18.0
1341,27.0
1342,27.5
1343,25.5
1344,26.5
1345,15.0
1346,22.5
1347,16.5
1348,28.5
1349,19.0
1350,20.5
1351,18.5
1352,20.5
1353,16.0
1354,28.09
1355,38.0
1356,27.5
1357,29.0
1358,21.5
1359,23.0
1360,22.5
1361,19.0
1362,20.0
1363,23.5
1364,18.0
1365,19.5
1366,18.5
1367,19.5
1368,21.5
1369,23.5
1370,19.0
1371,23.5
1372,21.0
1373,22.59
1374,11.5
1375,22.0
1376,20.5
1377,24.0
1378,20.0
1379,15.5
1380,28.0
1381,23.0
1382,19.5
1383,19.5
1384,19.5
1385,22.5
1386,22.5
1387,21.5
1388,18.5
1389,22.0
1390,20.0
1391,21.0
1392,17.5
1393,23.59
1394,17.5
1395,17.0
1396,18.5
1397,22.5
1398,15.5
1399,23.0
1400,22.0
1401,23.0
1402,23.0
1403,16.0
1404,26.5
1405,23.0
1406,22.0
1407,27.5
1408,16.5
1409,18.0
1410,24.0
1411,19.0
1412,18.0
1413,18.09
1414,24.0
1415,21.5
1416,24.0
1417,23.5
1418,19.0
1419,19.5
1420,11.5
1421,20.0
1422,19.5
1423,20.0
1424,21.0
1425,24.0
1426,23.0
1427,19.5
1428,29.0
1429,25.5
1430,24.5
1431,24.0
1432,22.0
1433,21.59
1434,19.0
1435,28.5
1436,18.0
1437,19.0
1438,20.0
1439,18.0
1440,22.0
1441,21.5
1442,17.5
1443,22.5
1444,20.5
1445,22.5
1446,19.5
1447,17.5
1448,13.0
1449,19.0
1450,25.5
1451,23.0
1452,23.09
1453,19.0
1454,25.0
1455,17.0
1456,23.5
1457,17.0
1458,23.0
1459,14.5
1460,20.0
1461,31.0
1462,27.5
1463,28.0
1464,15.0
1465,18.0
1466,22.0
1467,26.0
1468,22.0
1469,29.0
1470,24.0
1471,26.0
1472,30.0
1473,13.09
1474,21.0
1475,28.5
1476,24.0
1477,22.0
1478,19.5
1479,19.5
1480,22.5
1481,27.0
1482,25.0
1483,13.5
1484,31.5
1485,18.0
1486,21.5
1487,22.5
1488,22.5
1489,23.5
1490,19.5
1491,19.5
1492,20.5
1493,33.09
1494,23.0
1495,12.5
1496,15.5
1497,18.0
1498,12.0
1499,13.5
1500,28.5
1501,19.5
1502,15.5
1503,19.5
1504,25.0
1505,21.5
1506,31.0
1507,24.5
1508,29.5
1509,20.0
1510,24.5
1511,17.5
1512,25.0
1513,14.59
1514,28.5
1515,19.5
1516,18.0
1517,29.0
1518,25.5
1519,19.0
1520,22.5
1521,17.5
1522,22.0
1523,29.0
1524,26.5
1525,26.5
1526,21.5
1527,18.5
1528,19.5
1529,30.0
1530,23.5
1531,23.0
1532,29.5
1533,22.59
1534,26.0
1535,32.0
1536,24.5
1537,18.5
1538,27.0
1539,24.0
1540,30.5
1541,27.5
1542,23.5
1543,20.0
1544,26.0
1545,21.0
1546,21.0
1547,23.5
1548,22.5
1549,23.5
1550,20.0
1551,21.5
1552,28.0
1553,19.09
1554,27.5
1555,22.5
1556,20.5
1557,25.5
1558,20.0
1559,21.0
1560,23.5
1561,26.0
1562,13.5
1563,22.5
1564,12.5
1565,21.0
1566,18.5
1567,17.5
1568,18.0
1569,26.5
1570,20.5
1571,17.0
1572,21.0
1573,22.59
1574,20.5
1575,19.5
1576,21.0
1577,21.5
1578,19.0
1579,20.5
1580,20.0
1581,15.5
1582,15.0
1583,18.5
1584,23.5
1585,16.5
1586,26.0
1587,12.5
1588,25.5
1589,21.0
1590,17.0
1591,17.5
1592,15.5
1593,15.59
1594,19.5
1595,25.0
1596,15.5
1597,23.5
1598,29.0
1599,24.0
1600,31.5
1601,19.0
1602,14.0
1603,28.0
1604,18.0
1605,21.5
1606,17.09
1607,22.0
1608,16.5
1609,27.5
1610,21.5
1611,19.0
1612,26.5
1613,16.0
1614,29.0
1615,23.0
1616,18.59
1617,27.5
1618,25.5
1619,21.5
1620,29.5
1621,30.5
1622,20.5
1623,14.5
1624,27.0
1625,28.5
1626,28.0
1627,20.0
1628,21.0
1629,18.5
1630,30.59
1631,26.5
1632,26.0
1633,23.0
1634,18.5
1635,27.5
1636,29.0
1637,18.5
1638,23.0
1639,19.0
1640,14.5
1641,23.5
1642,21.0
1643,23.09
1644,22.0
1645,27.5
1646,25.0
1647,17.5
1648,22.0
1649,30.0
1650,28.5
1651,20.5
1652,17.0
1653,30.0
1654,26.0
1655,29.0
1656,27.5
1657,27.0
1658,16.5
1659,18.5
1660,18.0
1661,26.5
1662,30.59
1663,24.0
1664,16.5
1665,22.5
1666,26.5
1667,32.5
1668,20.0
1669,22.5
1670,32.5
1671,24.5
1672,24.5
1673,30.0
1674,28.0
1675,28.5
1676,25.5
1677,20.0
1678,21.5
1679,30.5
1680,26.0
1681,28.5
1682,9.5
1683,8.0
1684,8.0
1685,16.59
1686,27.5
1687,24.0
1688,28.0
1689,23.0
1690,31.0
1691,19.5
1692,28.5
1693,27.0
1694,30.5
1695,14.5
1696,32.5
1697,33.0
1698,33.5
1699,24.0
1700,29.0
1701,27.5
1702,27.0
1703,29.5
1704,32.09
1705,28.5
1706,27.0
1707,21.5
1708,30.5
1709,6.0
1710,18.0
1711,19.5
1712,30.5
1713,22.0
1714,27.0
1715,28.0
1716,26.0
1717,25.5
1718,30.5
1719,25.5
1720,30.5
1721,25.5
1722,30.0
1723,26.5
1724,23.5
1725,23.0
1726,34.0
1727,25.5
1728,22.09
1729,30.5
1730,24.5
1731,27.0
1732,21.5
1733,18.5
1734,29.5
1735,29.5
1736,24.0
1737,25.5
1738,27.0
1739,23.5
1740,21.5
1741,25.0
1742,22.0
1743,20.5
1744,18.5
1745,20.0
1746,18.0
1747,12.5
1748,31.59
1749,23.5
1750,14.5
1751,26.5
1752,26.0
1753,21.5
1754,34.5
1755,27.0
1756,26.5
1757,26.0
1758,26.0
1759,29.5
1760,13.5
1761,34.0
1762,32.5
1763,24.0
1764,28.5
1765,23.0
1766,27.5
1767,24.0
1768,26.09
1769,19.5
1770,22.5
1771,21.0
1772,29.5
1773,20.0
1774,16.0
1775,30.5
1776,31.0
1777,24.0
1778,29.0
1779,27.5
1780,24.0
1781,17.5
1782,25.0
1783,17.0
1784,33.0
1785,23.5
1786,28.0
1787,23.0
1788,24.09
1789,19.5
1790,22.0
1791,20.5
1792,19.5
1793,32.5
1794,30.0
1795,26.5
1796,24.0
1797,23.5
1798,24.5
1799,22.0
1800,16.5
1801,13.0
1802,19.0
1803,19.5
1804,27.0
1805,22.0
1806,31.0
1807,29.5
1808,23.5
1809,28.09
1810,24.5
1811,27.0
1812,11.0
1813,26.0
1814,24.5
1815,17.5
1816,21.0
1817,23.5
1818,27.0
1819,26.5
1820,23.0
1821,24.5
1822,21.5
1823,18.5
1824,18.5
1825,22.0
1826,25.5
1827,23.5
1828,24.59
1829,28.5
1830,23.5
1831,25.0
1832,25.0
1833,26.5
1834,25.0
1835,16.0
1836,13.0
1837,24.5
1838,27.0
1839,23.0
1840,32.5
1841,30.0
1842,27.0
1843,24.0
1844,25.5
1845,30.0
1846,23.0
1847,21.0
1848,26.59
1849,15.5
1850,32.0
1851,25.0
1852,27.5
1853,24.0
1854,41.0
1855,25.5
1856,34.5
1857,24.0
1858,28.0
1859,16.5
1860,21.5
1861,26.5
1862,33.0
1863,23.0
1864,26.5
1865,34.5
1866,16.5
1867,29.0
1868,20.09
1869,14.5
1870,16.0
1871,17.0
1872,29.5
1873,23.5
1874,25.5
1875,19.0
1876,26.0
1877,30.5
1878,21.5
1879,24.5
1880,26.0
1881,21.5
1882,31.0
1883,17.5
1884,24.5
1885,30.5
1886,24.0
1887,25.0
1888,19.59
1889,20.5
1890,20.0
1891,15.0
1892,22.5
1893,26.0
1894,19.5
1895,27.5
1896,31.0
1897,24.0
1898,19.0
1899,25.5
1900,27.0
1901,20.0
1902,22.5
1903,26.0
1904,27.0
1905,31.5
1906,31.09
1907,20.5
1908,30.0
1909,22.0
1910,20.5
1911,24.0
1912,34.0
1913,17.0
1914,20.5
1915,23.5
1916,22.0
1917,25.0
1918,18.5
1919,26.0
1920,28.0
1921,20.0
1922,28.5
1923,24.0
1924,24.5
1925,16.0
1926,19.59
1927,24.5
1928,21.5
1929,14.0
1930,29.5
1931,24.0
1932,21.5
1933,17.5
1934,19.0
1935,24.0
1936,24.5
1937,21.0
1938,27.0
1939,22.0
1940,23.5
1941,27.0
1942,12.5
1943,25.0
1944,23.0
1945,16.5
1946,15.09
1947,26.5
1948,18.0
1949,29.5
1950,16.0
1951,21.5
1952,17.5
1953,21.5
1954,17.5
1955,21.5
1956,28.5
1957,23.5
1958,32.0
1959,24.0
1960,34.0
1961,15.0
1962,26.5
1963,29.5
1964,31.5
1965,23.09
1966,29.5
1967,32.5
1968,41.5
1969,31.5
1970,13.5
1971,16.5
1972,26.5
1973,32.5
1974,24.5
1975,33.0
1976,19.0
1977,23.5
1978,26.0
1979,24.5
1980,27.5
1981,26.0
1982,22.0
1983,23.0
1984,30.0
1985,33.59
1986,21.0
1987,39.5
1988,17.5
1989,20.5
1990,29.0
1991,28.0
1992,28.0
1993,30.0
1994,26.0
1995,15.5
1996,21.5
1997,22.0
1998,19.0
1999,19.5
2000,20.5
2001,20.5
2002,21.5
2003,25.0
2004,29.5
2005,35.09
2006,24.5
2007,23.0
2008,24.0
2009,28.5
2010,29.0
2011,30.0
2012,29.5
2013,31.0
2014,23.5
2015,29.5
2016,27.0
2017,28.0
2018,24.5
2019,37.0
2020,29.5
2021,26.0
2022,29.0
2023,26.0
2024,26.0
2025,31.5
2026,32.59
2027,37.0
2028,21.5
2029,19.0
2030,30.5
2031,26.0
2032,30.5
2033,22.5
2034,29.0
2035,30.5
2036,27.5
2037,23.5
2038,19.0
2039,26.0
2040,26.5
2041,23.0
2042,26.0
2043,26.5
2044,33.0
2045,17.5
2046,30.59
2047,26.0
2048,32.5
2049,24.0
2050,26.0
2051,36.5
2052,26.5
2053,30.0
2054,24.0
2055,33.5
2056,26.5
2057,21.5
2058,13.0
2059,26.0
2060,21.0
2061,26.0
2062,31.5
2063,21.5
2064,24.5
2065,24.5
2066,18.59
2067,21.5
2068,23.0
2069,23.0
2070,26.0
2071,26.0
2072,33.5
2073,21.5
2074,28.5
2075,26.5
2076,31.0
2077,30.0
2078,31.5
2079,26.0
2080,22.5
2081,25.5
2082,30.5
2083,25.5
2084,17.0
2085,22.09
2086,24.5
2087,24.5
2088,28.5
2089,23.0
2090,21.5
2091,19.5
2092,24.0
2093,25.0
2094,25.5
2095,21.5
2096,30.0
2097,31.0
2098,25.5
2099,29.0
2100,25.5
2101,17.5
2102,12.0
2103,24.5
2104,19.59
2105,23.5
2106,37.0
2107,29.5
2108,34.5
2109,26.5
2110,21.5
2111,20.5
2112,27.0
2113,30.0
2114,31.5
2115,27.5
2116,21.5
2117,20.5
2118,27.0
2119,34.5
2120,30.0
2121,37.0
2122,23.5
2123,23.0
2124,13.09
2125,31.5
2126,23.5
2127,23.5
2128,29.5
2129,27.0
2130,22.0
2131,28.0
2132,26.0
2133,34.5
2134,22.0
2135,26.5
2136,22.5
2137,20.5
2138,25.5
2139,25.0
2140,19.0
2141,25.5
2142,16.0
2143,30.0
2144,18.09
2145,25.09
2146,22.0
2147,28.5
2148,22.5
2149,25.5
2150,28.0
2151,23.5
2152,25.5
2153,25.5
2154,22.5
2155,15.5
2156,19.5
2157,17.5
2158,14.5
2159,25.5
2160,25.0
2161,28.0
2162,27.0
2163,23.0
2164,23.59
2165,21.0
2166,28.5
2167,24.5
2168,32.0
2169,19.0
2170,25.5
2171,23.0
2172,18.0
2173,20.5
2174,15.5
2175,16.0
2176,24.5
2177,19.0
2178,25.0
2179,20.0
2180,18.0
2181,23.5
2182,22.0
2183,13.5
2184,18.09
2185,19.0
2186,19.0
2187,22.5
2188,21.5
2189,18.0
2190,27.5
2191,18.0
2192,17.0
2193,23.0
2194,13.0
2195,18.5
2196,24.5
2197,23.0
2198,25.5
2199,20.0
2200,19.5
2201,22.5
2202,19.5
2203,16.5
2204,17.09
2205,25.5
2206,20.0
2207,22.5
2208,17.5
2209,30.5
2210,26.5
2211,22.0
2212,23.0
2213,18.5
2214,21.0
2215,30.0
2216,15.0
2217,27.0
2218,31.0
2219,24.5
2220,23.5
2221,23.0
2222,23.0
2223,21.5
2224,27.09
2225,20.0
2226,22.5
2227,27.5
2228,25.0
2229,21.0
2230,23.5
2231,22.5
2232,22.5
2233,24.5
2234,29.0
2235,28.0
2236,25.5
2237,30.0
2238,29.5
2239,29.0
2240,23.5
2241,18.5
2242,18.5
2243,19.0
2244,20.59
2245,26.0
2246,34.5
2247,37.0
2248,20.0
2249,27.0
2250,26.0
2251,27.0
2252,32.0
2253,22.0
2254,28.0
2255,24.5
2256,26.0
2257,30.0
2258,20.0
2259,23.0
2260,20.5
2261,22.0
2262,18.0
2263,22.5
2264,13.59
2265,21.0
2266,27.5
2267,27.0
2268,22.5
2269,22.0
2270,29.0
2271,30.5
2272,26.5
2273,18.0
2274,17.0
2275,24.0
2276,21.5
2277,23.5
2278,31.0
2279,19.0
2280,22.5
2281,23.0
2282,27.0
2283,30.5
2284,27.59
2285,26.5
2286,27.5
2287,17.0
2288,31.0
2289,28.5
2290,24.5
2291,21.0
2292,19.5
2293,25.0
2294,16.0
2295,24.0
2296,32.5
2297,25.5
2298,24.5
2299,14.5
2300,17.5
2301,20.5
2302,25.0
2303,19.09
2304,26.0
2305,19.0
2306,25.5
2307,30.5
2308,26.0
2309,18.5
2310,22.0
2311,24.0
2312,22.5
2313,21.0
2314,33.0
2315,29.0
2316,29.0
2317,28.0
2318,28.5
2319,19.5
2320,19.0
2321,12.5
2322,20.09
2323,34.0
2324,23.5
2325,24.5
2326,27.0
2327,33.5
2328,21.5
2329,15.0
2330,23.0
2331,20.5
2332,17.5
2333,30.5
2334,23.5
2335,28.0
2336,24.5
2337,20.5
2338,31.0
2339,27.5
2340,24.5
2341,12.59
2342,30.0
2343,23.0
2344,23.5
2345,32.5
2346,25.5
2347,23.5
2348,20.5
2349,31.0
2350,19.0
2351,19.0
2352,25.5
2353,25.0
2354,34.0
2355,25.0
2356,22.0
2357,30.0
2358,23.0
2359,22.0
2360,23.5
2361,16.59
2362,25.0
2363,22.5
2364,26.0
2365,23.0
2366,19.0
2367,19.0
2368,25.0
2369,21.0
2370,23.0
2371,24.5
2372,19.5
2373,21.0
2374,19.0
2375,26.0
2376,31.0
2377,23.0
2378,22.0
2379,19.5
2380,37.5
2381,22.59
2382,28.0
2383,27.0
2384,20.0
2385,22.5
2386,20.0
2387,25.5
2388,31.0
2389,20.5
2390,26.0
2391,26.0
2392,31.5
2393,18.5
2394,19.5
2395,27.0
2396,21.5
2397,30.5
2398,24.5
2399,23.5
2400,24.0
2401,19.09
2402,24.5
2403,31.5
2404,33.5
2405,19.0
2406,31.0
2407,31.0
2408,30.5
2409,30.0
2410,26.0
2411,30.0
2412,24.5
2413,25.0
2414,25.5
2415,21.5
2416,29.5
2417,39.0
2418,34.0
2419,24.5
2420,26.0
2421,21.5
2422,29.5
2423,30.5
2424,24.5
2425,23.0
2426,25.59
2427,31.0
2428,24.5
2429,19.0
2430,19.0
2431,27.5
2432,27.0
2433,24.5
2434,13.5
2435,23.0
2436,23.5
2437,27.59
2438,27.0
2439,29.5
2440,27.5
2441,21.0
2442,30.5
2443,28.5
2444,32.5
2445,31.0
2446,29.0
2447,19.0
2448,22.0
2449,29.0
2450,26.0
2451,29.5
2452,29.0
2453,9.0
2454,21.0
2455,13.59
2456,19.09
2457,32.0
2458,25.5
2459,32.5
2460,20.5
2461,29.5
2462,26.0
2463,33.59
2464,36.0
2465,29.0
2466,29.0
2467,28.5
2468,28.0
2469,25.5
2470,27.5
2471,33.5
2472,22.5
2473,16.0
2474,28.0
2475,35.5
2476,29.5
2477,33.5
2478,23.0
2479,32.0
2480,26.0
2481,23.0
2482,40.5
2483,33.5
2484,27.0
2485,30.0
2486,23.59
2487,20.5
2488,27.0
2489,22.5
2490,22.5
2491,25.5
2492,23.5
2493,28.0
2494,20.5
2495,24.5
2496,10.5
2497,23.5
2498,23.5
2499,27.5
2500,28.5
2501,20.5
2502,21.5
2503,27.5
2504,21.0
2505,36.59
2506,31.5
2507,34.5
2508,36.0
2509,27.0
2510,27.0
2511,22.0
2512,34.0
2513,25.5
2514,25.5
2515,29.5
2516,26.5
2517,31.0
2518,37.5
2519,32.5
2520,29.5
2521,32.0
2522,25.5
2523,32.5
2524,33.5
2525,25.5
2526,23.0
2527,33.0
2528,23.5
2529,34.59
2530,34.5
2531,34.5
2532,28.0
2533,35.0
2534,25.5
2535,19.5
2536,29.5
2537,28.0
2538,24.0
2539,33.0
2540,39.5
2541,27.0
2542,28.0
2543,23.0
2544,25.5
2545,25.5
2546,28.0
2547,24.0
2548,28.0
2549,37.0
2550,27.5
2551,37.5
2552,33.5
2553,29.0
2554,31.59
2555,28.0
2556,33.5
2557,38.0
2558,31.0
2559,26.0
2560,25.5
2561,31.5
2562,28.0
2563,20.5
2564,24.5
2565,24.0
2566,31.5
2567,30.5
2568,33.0
2569,30.5
2570,25.0
2571,17.0
2572,25.5
2573,28.5
2574,29.0
2575,33.59
2576,17.0
2577,30.0
2578,31.5
2579,40.0
2580,30.5
2581,38.0
2582,30.5
2583,27.0
2584,39.0
2585,40.0
2586,20.0
2587,31.0
2588,28.0
2589,38.5
2590,15.5
2591,25.5
2592,33.0
2593,31.5
2594,27.09
2595,27.5
2596,21.0
2597,33.5
2598,22.5
2599,25.5
2600,31.5
2601,39.5
2602,28.5
2603,35.5
2604,27.0
2605,25.0
2606,35.0
2607,29.0
2608,28.5
2609,22.5
2610,26.5
2611,29.0
2612,24.5
2613,26.0
2614,26.5
2615,31.09
2616,36.0
2617,34.5
2618,44.0
2619,32.5
2620,31.5
2621,26.5
2622,29.5
2623,34.0
2624,25.5
2625,30.0
2626,21.0
2627,32.5
2628,25.0
2629,31.0
2630,31.5
2631,30.0
2632,25.5
2633,19.0
2634,25.5
2635,27.59
2636,22.0
2637,41.5
2638,33.0
2639,30.0
2640,25.0
2641,25.5
2642,29.5
2643,18.5
2644,23.5
2645,28.0
2646,19.0
2647,22.0
2648,29.0
2649,32.5
2650,21.5
2651,23.0
2652,24.0
2653,17.5
2654,20.5
2655,26.09
2656,30.0
2657,36.5
2658,35.0
2659,30.0
2660,24.5
2661,25.5
2662,18.5
2663,17.0
2664,19.5
2665,27.0
2666,33.0
2667,27.5
2668,28.0
2669,27.5
2670,26.0
2671,25.0
2672,32.5
2673,28.5
2674,19.5
2675,29.59
2676,26.0
2677,31.0
2678,31.0
2679,25.5
2680,19.5
2681,25.5
2682,18.5
2683,22.0
2684,24.5
2685,25.0
2686,17.0
2687,30.0
2688,29.0
2689,19.0
2690,30.5
2691,17.5
2692,32.5
2693,42.5
2694,17.5
2695,20.59
2696,23.0
2697,22.5
2698,30.0
2699,30.5
2700,30.0
2701,25.0
2702,18.09
2703,20.5
2704,27.5
2705,20.0
2706,27.0
2707,21.5
2708,15.5
2709,24.5
2710,24.5
2711,20.0
2712,16.0
2713,36.5
2714,20.0
2715,18.59
2716,24.5
2717,27.5
2718,25.5
2719,21.5
2720,30.0
2721,30.0
2722,19.5
2723,23.5
2724,25.0
2725,23.5
2726,22.5
2727,22.0
2728,25.0
2729,31.0
2730,23.0
2731,33.5
2732,26.0
2733,16.5
2734,17.0
2735,19.09
2736,27.0
2737,27.5
2738,18.5
2739,33.5
2740,23.0
2741,25.0
2742,24.5
2743,23.5
2744,22.5
2745,25.5
2746,29.5
2747,26.5
2748,26.5
2749,11.0
2750,29.5
2751,19.0
2752,35.0
2753,28.5
2754,27.0
2755,16.09
2756,27.0
2757,20.0
2758,27.0
2759,17.5
2760,26.5
2761,27.5
2762,23.0
2763,24.0
2764,30.5
2765,20.0
2766,21.0
2767,29.5
2768,20.0
2769,26.5
2770,29.0
2771,23.5
2772,21.0
2773,23.09
2774,28.0
2775,20.59
2776,23.5
2777,29.5
2778,26.0
2779,28.0
2780,28.5
2781,31.0
2782,26.5
2783,24.0
2784,22.0
2785,19.0
2786,21.5
2787,21.0
2788,28.5
2789,34.0
2790,21.5
2791,26.5
2792,29.59
2793,30.0
2794,22.0
2795,26.0
2796,28.5
2797,34.0
2798,34.0
2799,20.0
2800,31.0
2801,28.5
2802,31.5
2803,28.0
2804,30.5
2805,28.5
2806,21.5
2807,32.5
2808,27.5
2809,38.0
2810,26.0
2811,21.5
2812,31.5
2813,31.0
2814,36.09
2815,22.5
2816,33.5
2817,31.5
2818,22.0
2819,38.0
2820,31.0
2821,32.0
2822,20.5
2823,25.5
2824,19.5
2825,21.0
2826,21.0
2827,21.0
2828,26.5
2829,23.0
2830,13.0
2831,20.5
2832,16.0
2833,20.0
2834,26.5
2835,36.59
2836,22.5
2837,24.0
2838,28.0
2839,31.5
2840,26.0
2841,31.0
2842,28.5
2843,20.0
2844,21.5
2845,28.5
2846,26.5
2847,26.0
2848,21.0
2849,21.0
2850,22.0
2851,21.5
2852,19.0
2853,21.0
2854,26.5
2855,22.59
2856,27.5
2857,18.5
2858,16.5
2859,24.5
2860,20.0
2861,25.0
2862,42.0
2863,28.0
2864,18.5
2865,28.0
2866,24.0
2867,30.0
2868,25.5
2869,24.5
2870,32.5
2871,13.0
2872,33.0
2873,26.0
2874,23.0
2875,19.09
2876,17.5
2877,17.5
2878,29.5
2879,30.5
2880,22.5
2881,22.0
2882,21.0
2883,16.0
2884,24.5
2885,23.0
2886,21.5
2887,26.5
2888,22.5
2889,27.0
2890,30.0
2891,27.0
2892,24.0
2893,31.5
2894,14.5
2895,22.59
2896,24.0
2897,34.0
2898,25.0
2899,34.5
2900,31.5
2901,29.0
2902,29.0
2903,26.0
2904,24.5
2905,30.5
2906,27.0
2907,28.5
2908,30.5
2909,28.0
2910,30.5
2911,16.5
2912,29.0
2913,27.5
2914,31.0
2915,28.5
2916,22.59
2917,31.5
2918,33.0
2919,18.5
2920,16.5
2921,23.0
2922,30.0
2923,23.5
2924,21.5
2925,26.0
2926,24.0
2927,25.0
2928,23.0
2929,27.5
2930,29.5
2931,26.5
2932,35.0
2933,25.0
2934,14.0
2935,11.5
2936,21.09
2937,26.0
2938,26.0
2939,24.0
2940,14.5
2941,20.5
2942,21.5
2943,18.5
2944,20.5
2945,22.0
2946,29.0
2947,14.0
2948,20.0
2949,13.0
2950,16.5
2951,16.5
2952,15.0
2953,23.0
2954,13.0
2955,10.0
2956,22.59
2957,19.5
2958,13.0
2959,23.0
2960,16.0
2961,22.0
2962,16.5
2963,12.5
2964,26.0
2965,17.0
2966,14.5
2967,19.0
2968,23.0
2969,23.0
2970,9.0
2971,15.5
2972,22.0
2973,24.0
2974,21.0
2975,25.5
2976,22.59
2977,21.5
2978,23.5
2979,27.5
2980,23.09
2981,18.59
2982,32.0
2983,25.5
2984,21.0
2985,23.0
2986,22.5
2987,22.0
2988,22.5
2989,21.0
2990,27.0
2991,23.5
2992,21.5
2993,23.5
2994,14.0
2995,23.5
2996,11.0
2997,27.59
2998,22.5
2999,16.5
3000,12.0
3001,21.5
3002,17.5
3003,24.0
3004,18.5
3005,31.5
3006,26.0
3007,26.0
3008,27.0
3009,24.5
3010,19.5
3011,20.5
3012,21.0
3013,21.0
3014,26.5
3015,22.5
3016,18.5
3017,32.09
3018,35.0
3019,24.5
3020,36.0
3021,26.5
3022,32.0
3023,29.0
3024,23.0
3025,20.5
3026,24.5
3027,26.0
3028,33.0
3029,23.0
3030,28.5
3031,24.5
3032,15.5
3033,27.0
3034,26.5
3035,26.0
3036,26.5
3037,28.59
3038,19.5
3039,38.0
3040,28.5
3041,26.5
3042,27.5
3043,27.0
3044,22.0
3045,27.0
3046,25.0
3047,23.0
3048,27.5
3049,23.0
3050,22.0
3051,21.5
3052,19.0
3053,22.0
3054,22.5
3055,14.5
3056,26.0
3057,20.09
3058,24.0
3059,13.5
3060,12.0
3061,22.5
3062,14.0
3063,23.5
3064,18.5
3065,18.0
3066,35.5
3067,17.5
3068,23.5
3069,20.0
3070,17.0
3071,23.0
3072,29.0
3073,17.5
3074,25.0
3075,27.0
3076,24.59
3077,24.0
3078,22.5
3079,29.5
3080,23.5
3081,21.5
3082,24.5
3083,20.5
3084,20.0
3085,21.5
3086,23.0
3087,26.5
3088,26.5
3089,21.5
3090,26.5
3091,22.0
3092,26.5
3093,23.5
3094,32.0
3095,28.09
3096,20.0
3097,16.0
3098,24.5
3099,26.0
3100,27.5
3101,23.0
3102,19.5
3103,24.0
3104,31.0
3105,23.0
3106,26.0
3107,25.0
3108,20.0
3109,25.0
3110,25.5
3111,15.5
3112,19.0
3113,23.5
3114,31.5
3115,19.0
3116,21.5
3117,28.0
3118,15.5
3119,25.0
3120,26.09
3121,19.5
3122,26.0
3123,20.5
3124,20.0
3125,18.0
3126,25.0
3127,24.5
3128,16.0
3129,21.0
3130,14.0
3131,20.5
3132,14.0
3133,30.5
3134,29.5
3135,29.0
3136,14.5
3137,27.0
3138,20.5
3139,22.0
3140,22.0
3141,24.09
3142,18.0
3143,24.0
3144,18.0
3145,20.0
3146,19.5
3147,24.0
3148,22.0
3149,24.5
3150,31.0
3151,17.5
3152,24.5
3153,17.5
3154,21.0
3155,16.5
3156,19.0
3157,21.5
3158,21.5
3159,18.0
3160,21.5
3161,19.0
3162,14.5
3163,20.0
3164,27.0
3165,15.0
3166,20.5
3167,20.59
3168,25.0
3169,19.5
3170,32.0
3171,22.0
3172,23.5
3173,24.0
3174,15.5
3175,19.5
3176,23.0
3177,27.5
3178,22.5
3179,32.5
3180,26.0
3181,26.5
3182,25.0
3183,20.5
3184,29.5
3185,15.5
3186,21.0
3187,17.0
3188,20.0
3189,26.5
3190,26.5
3191,28.5
3192,12.59
3193,16.5
3194,22.5
3195,28.5
3196,28.5
3197,26.0
3198,18.5
3199,13.5
3200,23.5
3201,26.5
3202,19.5
3203,25.0
3204,23.5
3205,25.0
3206,29.5
3207,22.0
3208,19.5
3209,26.0
3210,22.5
3211,20.0
3212,21.5
3213,23.0
3214,28.5
3215,24.5
3216,22.09
3217,31.0
3218,20.5
3219,19.5
3220,24.5
3221,30.5
3222,29.5
3223,22.0
3224,22.5
3225,24.0
3226,32.0
3227,29.5
3228,23.0
3229,25.0
3230,23.5
3231,25.5
3232,22.5
3233,19.5
3234,22.0
3235,31.5
3236,27.0
3237,23.09
3238,23.0
3239,19.0
3240,24.5
3241,21.5
3242,41.0
3243,21.0
3244,12.0
3245,29.0
3246,32.5
3247,25.0
3248,22.0
3249,28.0
3250,25.5
3251,32.5
3252,26.0
3253,16.5
3254,27.0
3255,25.0
3256,15.5
3257,24.0
3258,22.59
3259,25.5
3260,22.5
3261,21.5
3262,23.0
3263,25.0
3264,19.5
3265,17.5
3266,15.5
3267,28.0
3268,19.0
3269,30.0
3270,24.5
3271,25.5
3272,16.5
3273,17.5
3274,38.0
3275,21.59
3276,23.5
3277,22.5
3278,23.5
3279,29.5
3280,23.5
3281,14.5
3282,25.0
3283,20.5
3284,18.0
3285,26.0
3286,27.5
3287,21.0
3288,24.0
3289,20.0
3290,20.5
3291,24.0
3292,23.5
3293,29.0
3294,32.0
3295,26.5
3296,28.0
3297,28.0
3298,20.5
3299,20.5
3300,15.0
3301,20.09
3302,23.0
3303,31.5
3304,31.0
3305,36.0
3306,34.0
3307,23.0
3308,20.5
3309,26.0
3310,36.5
3311,17.5
3312,21.5
3313,26.5
3314,27.0
3315,19.0
3316,35.0
3317,29.0
3318,18.0
3319,32.0
3320,28.5
3321,25.0
3322,18.5
3323,18.5
3324,22.5
3325,19.5
3326,33.5
3327,26.5
3328,24.0
3329,31.0
3330,24.59
3331,34.5
3332,33.0
3333,16.0
3334,24.5
3335,17.5
3336,25.0
3337,14.5
3338,34.0
3339,29.5
3340,29.0
3341,18.5
3342,18.0
3343,26.5
3344,24.5
3345,13.5
3346,30.0
3347,31.0
3348,26.5
3349,29.0
3350,24.5
3351,26.09
3352,27.0
3353,11.0
3354,20.0
3355,26.5
3356,35.0
3357,38.0
3358,20.0
3359,20.5
3360,22.0
3361,22.5
3362,24.5
3363,19.5
3364,32.0
3365,24.0
3366,24.0
3367,21.5
3368,23.0
3369,28.5
3370,29.0
3371,16.09
3372,20.5
3373,21.5
3374,29.0
3375,11.5
3376,32.5
3377,26.5
3378,28.0
3379,15.0
3380,20.0
3381,20.5
3382,14.5
3383,17.0
3384,24.0
3385,15.5
3386,24.0
3387,16.0
3388,15.5
3389,16.59
3390,29.0
3391,24.5
3392,28.0
3393,20.0
3394,26.0
3395,21.0
3396,27.5
3397,26.0
3398,15.0
3399,22.0
3400,26.5
3401,23.0
3402,32.5
3403,26.0
3404,28.5
3405,22.5
3406,16.0
3407,22.5
3408,18.5
3409,20.0
3410,21.0
3411,16.5
3412,22.0
3413,36.5
3414,26.0
3415,26.0
3416,22.09
3417,25.5
3418,29.5
3419,25.0
3420,30.0
3421,17.5
3422,17.5
3423,22.0
3424,28.0
3425,28.5
3426,20.5
3427,22.5
3428,22.5
3429,20.0
3430,19.0
3431,21.5
3432,27.0
3433,21.5
3434,15.0
3435,26.0
3436,24.0
3437,20.5
3438,11.0
3439,25.5
3440,24.5
3441,27.5
3442,25.0
3443,32.0
3444,26.5
3445,29.0
3446,26.0
3447,27.59
3448,28.0
3449,17.0
3450,21.5
3451,23.5
3452,24.5
3453,22.5
3454,24.5
3455,21.5
3456,22.5
3457,20.5
3458,19.0
3459,27.0
3460,14.0
3461,15.5
3462,21.5
3463,28.5
3464,29.5
3465,30.5
3466,26.5
3467,32.5
3468,22.5
3469,18.0
3470,22.5
3471,23.0
3472,23.09
3473,23.5
3474,18.0
3475,19.0
3476,17.5
3477,17.0
3478,28.0
3479,24.5
3480,31.0
3481,31.0
3482,21.5
3483,21.0
3484,34.0
3485,30.5
3486,23.5
3487,30.5
3488,32.5
3489,23.5
3490,19.0
3491,29.5
3492,26.5
3493,25.5
3494,28.5
3495,21.5
3496,36.59
3497,24.5
3498,27.5
3499,16.5
3500,25.5
3501,29.0
3502,22.5
3503,24.5
3504,26.0
3505,22.0
3506,25.0
3507,26.5
3508,30.5
3509,20.5
3510,26.0
3511,37.5
3512,24.5
3513,30.5
3514,27.5
3515,22.0
3516,16.0
3517,29.0
3518,20.5
3519,21.0
3520,24.0
3521,32.5
3522,27.09
3523,17.5
3524,28.5
3525,22.5
3526,26.5
3527,29.5
3528,27.5
3529,19.5
3530,27.5
3531,26.0
3532,31.5
3533,26.5
3534,20.5
3535,26.5
3536,28.0
3537,15.5
3538,29.0
3539,30.0
3540,29.09
3541,24.0
3542,24.0
3543,21.5
3544,22.5
3545,19.5
3546,25.0
3547,18.0
3548,23.0
3549,27.5
3550,20.0
3551,27.5
3552,15.0
3553,29.5
3554,18.0
3555,20.5
3556,27.5
3557,23.5
3558,16.0
3559,23.5
3560,15.5
3561,17.0
3562,28.09
3563,26.0
3564,26.5
3565,25.0
3566,23.5
3567,27.0
3568,21.5
3569,26.0
3570,33.5
3571,16.5
3572,26.5
3573,26.5
3574,23.5
3575,24.0
3576,33.5
3577,22.0
3578,26.5
3579,27.0
3580,26.5
3581,23.0
3582,23.09
3583,21.5
3584,19.0
3585,31.5
3586,19.0
3587,38.5
3588,23.0
3589,28.0
3590,23.0
3591,29.0
3592,31.0
3593,18.5
3594,13.0
3595,15.0
3596,15.0
3597,36.5
3598,21.5
3599,20.5
3600,30.5
3601,23.5
3602,18.09
3603,20.5
3604,25.5
3605,17.0
3606,25.5
3607,21.0
3608,16.0
3609,23.5
3610,27.5
3611,19.0
3612,21.5
3613,30.5
3614,26.0
3615,27.0
3616,32.5
3617,24.5
3618,21.0
3619,17.5
3620,29.09
3621,28.5
3622,25.5
3623,16.0
3624,19.5
3625,19.0
3626,36.0
3627,40.0
3628,21.0
3629,32.5
3630,17.5
3631,32.0
3632,24.0
3633,13.5
3634,28.5
3635,31.0
3636,31.5
3637,24.5
3638,28.0
3639,24.0
3640,33.09
3641,34.0
3642,28.5
3643,31.0
3644,19.0
3645,20.0
3646,29.0
3647,27.5
3648,24.5
3649,26.0
3650,25.0
3651,35.0
3652,13.0
3653,25.5
3654,17.5
3655,16.0
3656,23.5
3657,30.0
3658,24.0
3659,30.0
3660,22.59
3661,28.0
3662,25.0
3663,24.5
3664,30.0
3665,22.5
3666,30.5
3667,21.0
3668,17.0
3669,20.0
3670,27.5
3671,21.5
3672,24.0
3673,21.5
3674,20.0
3675,22.5
3676,22.0
3677,25.0
3678,19.0
3679,20.0
3680,14.09
3681,19.0
3682,18.5
3683,25.5
3684,20.5
3685,25.5
3686,28.0
3687,24.0
3688,17.5
3689,19.0
3690,19.0
3691,27.0
3692,25.5
3693,20.5
3694,24.0
3695,25.5
3696,25.0
3697,19.0
3698,32.0
3699,20.0
3700,29.59
3701,20.0
3702,26.0
3703,23.0
3704,22.0
3705,19.0
3706,19.0
3707,21.0
3708,22.5
3709,20.5
3710,24.5
3711,19.0
3712,30.5
3713,28.0
3714,18.5
3715,29.0
3716,19.5
3717,37.5
3718,24.0
3719,28.5
3720,29.0
3721,24.5
3722,18.0
3723,25.5
3724,28.5
3725,30.5
3726,26.59
3727,25.5
3728,28.0
3729,27.0
3730,19.5
3731,20.0
3732,24.0
3733,26.5
3734,27.0
3735,29.5
3736,12.0
3737,20.5
3738,23.5
3739,24.0
3740,25.0
3741,28.5
3742,21.0
3743,29.5
3744,17.5
3745,21.0
3746,22.0
3747,20.0
3748,29.5
3749,17.0
3750,27.09
3751,24.0
3752,27.0
3753,23.0
3754,15.0
3755,21.0
3756,15.0
3757,28.0
3758,35.0
3759,30.0
3760,32.5
3761,24.5
3762,25.5
3763,29.0
3764,13.0
3765,21.5
3766,23.0
3767,28.5
3768,22.5
3769,24.0
3770,22.0
3771,29.0
3772,11.5
3773,23.5
3774,22.5
3775,21.09
3776,17.5
3777,15.0
3778,17.5
3779,30.5
3780,19.0
3781,23.0
3782,24.5
3783,20.0
3784,21.0
3785,18.5
3786,24.0
3787,24.0
3788,25.0
3789,28.5
3790,21.5
3791,28.0
3792,27.5
3793,22.0
3794,22.5
3795,22.0
3796,25.0
3797,29.0
3798,30.5
3799,34.0
3800,24.09
3801,22.09
3802,27.5
3803,26.5
3804,32.5
3805,25.0
3806,21.5
3807,18.5
3808,27.0
3809,29.0
3810,21.0
3811,17.09
3812,25.5
3813,32.5
3814,31.0
3815,27.5
3816,26.0
3817,32.0
3818,42.0
3819,4.59
3820,11.0
3821,26.09
3822,16.5
3823,15.0
3824,29.0
3825,24.5
3826,15.0
3827,19.5
3828,20.5
3829,23.5
3830,26.0
3831,18.5
3832,26.0
3833,21.5
3834,21.0
3835,23.0
3836,22.0
3837,31.5
3838,24.0
3839,28.0
3840,32.0
3841,25.0
3842,21.5
3843,17.0
3844,20.0
3845,23.0
3846,20.0
3847,27.0
3848,20.0
3849,23.5
3850,31.0
3851,30.59
3852,31.0
3853,28.0
3854,20.0
3855,28.0
3856,23.0
3857,20.0
3858,16.5
3859,25.5
3860,24.0
3861,18.5
3862,21.5
3863,19.0
3864,31.0
3865,26.5
3866,31.0
3867,24.5
3868,24.0
3869,30.0
3870,20.5
3871,21.5
3872,29.5
3873,18.0
3874,15.5
3875,30.0
3876,30.0
3877,19.0
3878,19.5
3879,22.0
3880,18.5
3881,29.5
3882,23.0
3883,21.09
3884,14.5
3885,28.0
3886,32.0
3887,22.0
3888,24.0
3889,24.0
3890,31.5
3891,22.5
3892,31.5
3893,31.0
3894,35.5
3895,20.0
3896,25.5
3897,28.0
3898,29.0
3899,28.5
3900,25.0
3901,29.0
3902,18.5
3903,22.0
3904,24.0
3905,25.0
3906,23.0
3907,21.59
3908,23.5
3909,14.0
3910,28.5
3911,22.0
3912,30.0
3913,22.5
3914,21.5
3915,20.5
3916,23.5
3917,18.0
3918,26.0
3919,30.0
3920,31.5
3921,25.5
3922,30.0
3923,21.5
3924,14.5
3925,16.0
3926,22.0
3927,28.5
3928,29.0
3929,25.5
3930,24.0
3931,31.09
3932,25.5
3933,29.5
3934,18.0
3935,31.5
3936,21.0
3937,25.5
3938,25.5
3939,26.5
3940,26.5
3941,25.0
3942,30.0
3943,29.5
3944,31.0
3945,19.0
3946,27.0
3947,30.5
3948,29.5
3949,27.5
3950,20.0
3951,26.0
3952,24.0
3953,23.0
3954,24.5
3955,40.0
3956,30.0
3957,29.5
3958,30.0
3959,23.0
3960,24.0
3961,23.59
3962,22.0
3963,25.5
3964,14.5
3965,33.5
3966,23.5
3967,22.5
3968,28.5
3969,26.5
3970,21.0
3971,32.5
3972,32.5
3973,27.5
3974,25.0
3975,22.0
3976,32.0
3977,18.0
3978,33.5
3979,30.5
3980,21.5
3981,22.5
3982,30.0
3983,30.0
3984,27.5
3985,27.0
3986,29.5
3987,26.0
3988,21.0
3989,27.0
3990,14.5
3991,21.09
3992,24.0
3993,22.0
3994,27.0
3995,20.5
3996,32.5
3997,31.0
3998,20.0
3999,24.0
4000,23.5
4001,24.5
4002,24.5
4003,18.0
4004,29.0
4005,17.0
4006,20.0
4007,26.0
4008,13.0
4009,19.0
4010,27.0
4011,26.5
4012,20.5
4013,25.5
4014,18.5
4015,23.0
4016,18.5
4017,26.0
4018,25.5
4019,25.59
4020,26.0
4021,25.5
4022,28.0
4023,21.0
4024,18.5
4025,28.5
4026,20.5
4027,23.5
4028,28.0
4029,16.5
4030,26.0
4031,16.0
4032,20.5
4033,18.5
4034,34.5
4035,15.5
4036,17.0
4037,22.0
4038,29.0
4039,24.5
4040,29.0
4041,23.5
4042,29.5
4043,30.5
4044,23.59
4045,22.0
4046,22.0
4047,28.5
4048,21.5
4049,19.5
4050,28.0
4051,31.5
4052,18.0
4053,25.0
4054,23.0
4055,23.0
4056,31.5
4057,26.0
4058,22.5
4059,25.0
4060,21.5
4061,24.5
4062,23.5
4063,36.0
4064,27.09
4065,22.5
4066,24.0
4067,18.5
4068,19.5
4069,20.0
4070,19.0
4071,20.0
4072,30.0
4073,20.5
4074,27.0
4075,24.5
4076,29.5
4077,25.0
4078,20.5
4079,29.5
4080,19.0
4081,23.5
4082,21.0
4083,22.5
4084,22.5
4085,14.59
4086,14.5
4087,18.5
4088,20.0
4089,18.5
4090,21.0
4091,20.5
4092,23.0
4093,22.5
4094,20.0
4095,21.5
4096,17.0
4097,19.5
4098,24.0
4099,22.0
4100,22.5
4101,22.0
4102,18.5
4103,26.5
4104,20.0
4105,18.09
4106,16.0
4107,21.5
4108,18.5
4109,33.0
4110,14.5
4111,18.5
4112,18.5
4113,30.5
4114,29.0
4115,19.0
4116,24.0
4117,23.0
4118,20.0
4119,26.5
4120,29.0
4121,24.5
4122,28.0
4123,24.5
4124,27.0
4125,29.5
4126,24.5
4127,17.5
4128,22.5
4129,30.59
4130,21.5
4131,15.0
4132,20.0
4133,26.5
4134,24.5
4135,18.0
4136,29.0
4137,16.5
4138,25.5
4139,20.5
4140,20.0
4141,26.5
4142,28.0
4143,21.0
4144,22.5
4145,26.0
4146,23.5
4147,28.5
4148,16.0
4149,17.0
4150,22.5
4151,23.5
4152,21.0
4153,25.5
4154,27.09
4155,16.0
4156,34.5
4157,20.5
4158,26.5
4159,23.5
4160,33.0
4161,14.5
4162,22.5
4163,27.0
4164,21.5
4165,26.0
4166,15.5
4167,23.0
4168,18.0
4169,26.5
4170,28.5
4171,25.5
4172,18.5
4173,28.0
4174,23.5
4175,24.5
4176,29.0
4177,17.5
4178,20.0
4179,25.5
4180,22.0
4181,14.0
4182,26.0
4183,24.59
4184,23.5
4185,21.5
4186,30.5
4187,15.5
4188,24.5
4189,16.0
4190,25.5
4191,21.5
4192,18.0
4193,27.0
4194,24.0
4195,22.0
4196,27.5
4197,29.5
4198,23.0
4199,23.5
4200,21.0
4201,25.5
4202,20.5
4203,21.09
4204,27.5
4205,17.5
4206,27.0
4207,23.5
4208,22.0
4209,31.5
4210,21.0
4211,21.5
4212,15.5
4213,19.5
4214,14.0
4215,27.5
4216,30.0
4217,22.0
4218,25.5
4219,24.0
4220,21.5
4221,23.5
4222,13.5
4223,19.09
4224,14.0
4225,23.5
4226,18.0
4227,23.5
4228,20.5
4229,26.0
4230,20.0
4231,18.0
4232,17.5
4233,21.0
4234,21.5
4235,24.5
4236,21.0
4237,15.5
4238,21.5
4239,19.09
4240,25.5
4241,21.0
4242,30.5
4243,19.0
4244,13.0
4245,16.5
4246,20.0
4247,14.5
4248,14.5
4249,20.5
4250,24.5
4251,22.0
4252,19.0
4253,20.0
4254,20.59
4255,18.0
4256,19.0
4257,17.5
4258,19.5
4259,21.5
4260,16.5
4261,18.0
4262,23.0
4263,17.0
4264,28.0
4265,18.0
4266,19.5
4267,16.0
4268,24.5
4269,25.5
4270,22.5
4271,19.5
4272,19.5
4273,19.5
4274,28.5
4275,28.0
4276,29.0
4277,20.5
4278,19.0
4279,20.09
4280,25.0
4281,23.0
4282,14.0
4283,31.0
4284,20.0
4285,17.0
4286,25.0
4287,21.5
4288,17.0
4289,20.5
4290,27.0
4291,21.0
4292,24.0
4293,14.5
4294,19.5
4295,20.5
4296,20.0
4297,25.5
4298,23.5
4299,16.59
4300,26.0
4301,15.5
4302,20.5
4303,16.0
4304,21.5
4305,15.5
4306,23.5
4307,18.0
4308,26.0
4309,21.0
4310,27.5
4311,20.5
4312,12.5
4313,28.0
4314,18.59
4315,23.5
4316,17.0
4317,16.5
4318,22.5
4319,18.0
4320,18.0
4321,21.0
4322,13.5
4323,21.0
4324,20.5
4325,21.5
4326,19.0
4327,16.0
4328,27.0
4329,23.5
4330,23.0
4331,22.0
4332,14.5
4333,22.0
4334,17.09
4335,19.0
4336,14.5
4337,16.0
4338,17.5
4339,19.0
4340,26.5
4341,12.0
4342,12.5
4343,17.0
4344,17.0
4345,20.5
4346,10.5
4347,19.0
4348,15.0
4349,22.0
4350,23.0
4351,15.5
4352,13.5
4353,19.5
4354,15.09
4355,10.0
4356,16.0
4357,23.0
4358,23.0
4359,21.5
4360,25.0
4361,23.0
4362,23.5
4363,18.0
4364,13.0
4365,18.5
4366,18.0
4367,20.0
4368,16.0
4369,17.5
4370,20.5
4371,21.5
4372,21.5
4373,24.5
4374,19.09
4375,22.5
4376,24.5
4377,24.5
4378,19.5
4379,19.0
4380,24.0
4381,24.5
4382,17.0
4383,19.0
4384,23.5
4385,33.5
4386,25.0
4387,15.5
4388,21.0
4389,23.0
4390,19.5
4391,19.0
4392,28.5
4393,19.0
4394,16.09
4395,27.5
4396,18.5
4397,17.5
4398,20.0
4399,14.0
4400,22.5
4401,15.5
4402,22.5
4403,17.5
4404,18.5
4405,12.5
4406,30.0
4407,16.0
4408,23.5
4409,19.09
4410,20.0
4411,18.5
4412,19.5
4413,17.5
4414,21.5
4415,12.0
4416,12.5
4417,19.5
4418,23.5
4419,21.0
4420,17.5
4421,13.5
4422,21.5
4423,19.0
4424,17.0
4425,24.0
4426,20.0
4427,26.5
4428,29.5
4429,18.59
4430,14.0
4431,18.0
4432,17.0
4433,18.0
4434,12.0
4435,20.0
4436,18.0
4437,24.5
4438,22.5
4439,21.5
4440,19.5
4441,18.5
4442,20.0
4443,20.0
4444,18.0
4445,22.5
4446,20.0
4447,23.0
4448,27.5
4449,21.09
4450,21.5
4451,18.5
4452,20.5
4453,23.0
4454,27.5
4455,22.0
4456,18.5
4457,16.5
4458,23.09
4459,25.0
4460,16.5
4461,20.0
4462,16.5
4463,21.5
4464,19.5
4465,18.0
4466,24.5
4467,15.0
4468,20.0
4469,23.0
4470,18.5
4471,12.0
4472,20.59
4473,23.5
4474,27.0
4475,25.5
4476,25.5
4477,21.5
4478,23.0
4479,24.0
4480,23.0
4481,27.0
4482,26.0
4483,21.0
4484,22.0
4485,17.5
4486,19.0
4487,24.5
4488,23.5
4489,26.0
4490,23.0
4491,17.5
4492,19.59
4493,19.5
4494,23.0
4495,18.0
4496,19.0
4497,23.5
4498,15.5
4499,21.5
4500,25.5
4501,19.5
4502,24.0
4503,21.0
4504,23.0
4505,26.0
4506,28.0
4507,21.0
4508,26.0
4509,10.5
4510,23.0
4511,21.0
4512,20.5
4513,28.59
4514,24.5
4515,18.0
4516,21.5
4517,18.5
4518,20.5
4519,17.5
4520,23.5
4521,31.5
4522,21.0
4523,24.5
4524,29.5
4525,25.0
4526,30.5
4527,35.0
4528,22.0
4529,26.0
4530,23.0
4531,26.0
4532,23.59
4533,14.0
4534,26.5
4535,27.0
4536,26.5
4537,20.5
4538,25.5
4539,18.5
4540,27.0
4541,21.0
4542,17.5
4543,26.0
4544,18.0
4545,27.0
4546,27.5
4547,21.5
4548,23.5
4549,23.5
4550,23.0
4551,15.5
4552,25.59
4553,22.0
4554,27.5
4555,30.0
4556,21.0
4557,22.5
4558,27.0
4559,23.5
4560,25.5
4561,18.5
4562,15.0
4563,25.5
4564,24.5
4565,24.5
4566,17.0
4567,16.0
4568,21.5
4569,26.0
4570,14.09
4571,17.0
4572,23.0
4573,28.5
4574,26.0
4575,21.5
4576,28.0
4577,21.5
4578,17.5
4579,23.0
4580,19.0
4581,34.5
4582,26.5
4583,24.5
4584,11.0
4585,19.5
4586,25.0
4587,22.0
4588,24.5
4589,15.5
4590,26.5
4591,26.5
4592,27.0
4593,23.5
4594,26.0
4595,20.5
4596,22.09
4597,28.5
4598,24.5
4599,29.5
4600,20.0
4601,34.5
4602,19.0
4603,27.0
4604,17.0
4605,26.5
4606,24.0
4607,25.5
4608,29.0
4609,20.0
4610,19.0
4611,20.0
4612,19.0
4613,26.0
4614,30.0
4615,24.0
4616,24.09
4617,24.0
4618,26.0
4619,17.0
4620,31.5
4621,16.5
4622,23.0
4623,22.5
4624,16.0
4625,28.5
4626,27.0
4627,31.5
4628,18.0
4629,20.5
4630,23.0
4631,24.5
4632,25.0
4633,20.0
4634,24.0
4635,13.5
4636,19.5
4637,25.5
4638,16.5
4639,11.0
4640,15.5
4641,20.59
4642,21.0
4643,23.0
4644,15.0
4645,16.5
4646,18.5
4647,26.5
4648,23.0
4649,11.5
4650,10.5
4651,20.5
4652,20.0
4653,22.5
4654,15.5
4655,21.0
4656,16.5
4657,16.0
4658,18.5
4659,17.0
4660,16.5
4661,18.5
4662,24.0
4663,22.5
4664,20.0
4665,23.59
4666,26.0
4667,19.0
4668,23.0
4669,22.5
4670,28.0
4671,21.0
4672,25.5
4673,22.0
4674,25.0
4675,22.5
4676,15.5
4677,12.0
4678,21.0
4679,17.5
4680,18.0
4681,21.5
4682,14.0
4683,23.0
4684,24.0
4685,9.5
4686,17.0
4687,22.5
4688,20.5
4689,17.5
4690,14.09
4691,15.0
4692,20.0
4693,19.5
4694,23.0
4695,12.5
4696,35.0
4697,17.0
4698,22.0
4699,11.5
4700,14.5
4701,18.0
4702,18.5
4703,21.5
4704,21.0
4705,28.5
4706,12.0
4707,19.5
4708,23.5
4709,17.0
4710,17.0
4711,21.0
4712,22.5
4713,25.59
4714,28.5
4715,20.0
4716,24.0
4717,17.0
4718,27.0
4719,23.0
4720,23.5
4721,22.0
4722,21.0
4723,25.0
4724,21.5
4725,23.5
4726,20.0
4727,20.0
4728,17.0
4729,15.0
4730,18.5
4731,28.0
4732,21.0
4733,25.0
4734,28.5
4735,17.0
4736,28.0
4737,19.0
4738,26.5
4739,29.59
4740,19.0
4741,28.5
4742,23.5
4743,23.0
4744,40.0
4745,12.5
4746,32.5
4747,29.0
4748,19.5
4749,14.0
4750,26.0
4751,22.0
4752,21.0
4753,23.5
4754,22.5
4755,27.5
4756,28.5
4757,14.0
4758,19.0
4759,19.59
4760,22.5
4761,17.0
4762,20.5
4763,25.5
4764,27.0
4765,13.5
4766,24.0
4767,28.09
4768,24.0
4769,20.5
4770,20.5
4771,29.5
4772,23.5
4773,21.0
4774,19.0
4775,24.0
4776,28.0
4777,28.5
4778,21.0
4779,27.5
4780,26.5
4781,24.5
4782,24.0
4783,24.5
4784,29.5
4785,22.5
4786,29.5
4787,24.09
4788,20.5
4789,23.5
4790,22.0
4791,21.0
4792,23.5
4793,29.0
4794,30.0
4795,24.5
4796,26.5
4797,34.5
4798,30.5
4799,26.0
4800,22.0
4801,24.5
4802,20.5
4803,23.0
4804,22.0
4805,21.0
4806,27.5
4807,15.09
4808,25.5
4809,27.5
4810,24.0
4811,24.5
4812,19.5
4813,37.0
4814,29.0
4815,22.0
4816,24.0
4817,20.5
4818,18.5
4819,24.5
4820,28.0
4821,23.0
4822,32.0
4823,23.0
4824,22.0
4825,21.0
4826,18.5
4827,20.59
4828,29.0
4829,25.0
4830,25.5
4831,18.0
4832,20.5
4833,16.5
4834,22.0
4835,22.5
4836,31.5
4837,23.5
4838,20.0
4839,28.5
4840,23.5
4841,21.0
4842,23.5
4843,18.0
4844,19.0
4845,22.0
4846,19.0
4847,31.09
4848,26.0
4849,18.0
4850,18.5
4851,35.0
4852,24.0
4853,18.5
4854,30.5
4855,20.0
4856,17.5
4857,20.0
4858,22.0
4859,14.5
4860,22.5
4861,25.5
4862,25.5
4863,21.5
4864,26.0
4865,24.5
4866,27.09
4867,22.5
4868,12.5
4869,25.0
4870,24.0
4871,22.5
4872,21.0
4873,31.0
4874,12.0
4875,17.0
4876,17.5
4877,19.0
4878,18.0
4879,29.0
4880,23.5
4881,29.0
4882,24.5
4883,23.0
4884,17.0
4885,19.0
4886,27.09
4887,23.0
4888,22.0
4889,26.0
4890,14.5
4891,15.0
4892,12.0
4893,24.0
4894,28.0
4895,20.0
4896,16.5
4897,23.5
4898,18.5
4899,20.0
4900,21.5
4901,24.5
4902,32.5
4903,20.0
4904,21.5
4905,28.09
4906,19.0
4907,17.0
4908,26.5
4909,30.5
4910,24.0
4911,26.0
4912,25.0
4913,27.5
4914,22.5
4915,38.0
4916,26.5
4917,32.0
4918,19.0
4919,35.5
4920,37.5
4921,34.0
4922,31.0
4923,29.5
4924,31.0
4925,24.09
4926,37.0
4927,23.0
4928,34.0
4929,28.0
4930,35.0
4931,25.5
4932,29.5
4933,27.0
4934,32.5
4935,28.5
4936,23.5
4937,31.5
4938,29.0
4939,24.5
4940,30.5
4941,21.0
4942,18.5
4943,25.0
4944,29.0
4945,20.09
4946,24.5
4947,17.5
4948,26.0
4949,27.0
4950,24.0
4951,36.0
4952,21.5
4953,22.0
4954,24.0
4955,20.0
4956,17.0
4957,22.5
4958,22.5
4959,19.5
4960,16.0
4961,20.5
4962,19.09
4963,18.5
4964,30.5
4965,21.5
4966,25.0
4967,18.0
4968,27.0
4969,25.0
4970,21.5
4971,20.0
4972,16.0
4973,18.0
4974,31.0
4975,29.5
4976,34.5
4977,23.0
4978,20.5
4979,20.09
4980,29.0
4981,21.0
4982,27.0
4983,23.0
4984,20.0
4985,22.0
4986,32.0
4987,23.0
4988,24.5
4989,32.0
4990,22.0
4991,11.0
4992,30.0
4993,24.0
4994,30.0
4995,26.0
4996,24.5
4997,21.5
4998,22.5
4999,19.59
5000,19.5
5001,20.0
5002,17.0
5003,20.5
5004,22.5
5005,18.0
5006,20.0
5007,22.5
5008,21.5
5009,19.0
5010,30.0
5011,23.0
5012,21.5
5013,29.5
5014,25.5
5015,22.0
5016,29.09
5017,28.5
5018,27.0
5019,16.59
5020,20.0
5021,17.0
5022,14.5
5023,14.0
5024,20.0
5025,13.5
5026,17.5
5027,18.0
5028,16.0
5029,20.0
5030,22.0
5031,21.5
5032,18.59
5033,19.5
5034,22.5
5035,26.5
5036,19.5
5037,18.5
5038,18.5
5039,13.5
5040,23.0
5041,15.5
5042,21.0
5043,21.5
5044,21.0
5045,24.5
5046,23.5
5047,19.5
5048,18.0
5049,28.0
5050,16.0
5051,19.5
5052,13.0
5053,23.0
5054,25.0
5055,13.5
5056,24.0
5057,16.0
5058,16.59
5059,25.5
5060,20.5
5061,22.0
5062,14.0
5063,19.5
5064,27.5
5065,16.5
5066,22.5
5067,23.0
5068,26.0
5069,31.5
5070,19.5
5071,22.0
5072,21.5
5073,24.5
5074,24.0
5075,17.0
5076,23.0
5077,20.5
5078,18.5
5079,15.5
5080,18.0
5081,16.0
5082,21.0
5083,28.5
5084,20.0
5085,19.09
5086,27.0
5087,21.5
5088,22.5
5089,23.5
5090,16.0
5091,24.0
5092,27.0
5093,16.0
5094,16.0
5095,22.5
5096,27.5
5097,26.0
5098,19.5
5099,34.0
5100,21.0
5101,25.0
5102,20.5
5103,15.5
5104,17.0
5105,24.5
5106,20.0
5107,26.5
5108,19.0
5109,26.0
5110,20.09
5111,18.0
5112,30.0
5113,25.0
5114,32.5
5115,19.0
5116,27.0
5117,26.5
5118,28.0
5119,13.0
5120,27.5
5121,20.5
5122,15.5
5123,26.5
5124,25.5
5125,33.5
5126,21.5
5127,28.5
5128,15.0
5129,24.5
5130,25.5
5131,32.0
5132,35.5
5133,27.5
5134,18.09
5135,20.0
5136,21.5
5137,26.5
5138,24.0
5139,36.0
5140,31.0
5141,23.5
5142,25.0
5143,18.5
5144,25.0
5145,23.5
5146,27.5
5147,8.0
5148,34.0
5149,18.0
5150,17.0
5151,24.0
5152,30.0
5153,23.0
5154,12.0
5155,29.0
5156,26.0
5157,17.5
5158,29.5
5159,15.59
5160,17.0
5161,19.0
5162,17.0
5163,36.5
5164,21.0
5165,21.5
5166,32.0
5167,21.0
5168,20.5
5169,14.5
5170,19.0
5171,23.5
5172,21.0
5173,23.5
5174,25.0
5175,19.5
5176,19.5
5177,15.5
5178,18.5
5179,16.5
5180,17.0
5181,33.0
5182,13.0
5183,15.0
5184,15.59
5185,28.5
5186,22.0
5187,18.5
5188,23.5
5189,34.0
5190,19.5
5191,15.0
5192,31.5
5193,22.0
5194,20.0
5195,22.0
5196,30.0
5197,18.0
5198,24.0
5199,16.0
5200,18.5
5201,15.0
5202,17.5
5203,23.0
5204,27.0
5205,21.5
5206,21.5
5207,14.59
5208,19.0
5209,22.5
5210,27.5
5211,19.0
5212,19.0
5213,15.0
5214,8.0
5215,23.0
5216,22.09
5217,14.0
5218,15.0
5219,21.5
5220,18.5
5221,23.5
5222,29.0
5223,25.5
5224,22.0
5225,18.0
5226,18.5
5227,20.0
5228,24.5
5229,15.0
5230,21.0
5231,26.0
5232,23.0
5233,31.0
5234,16.0
5235,23.0
5236,23.5
5237,17.0
5238,24.0
5239,24.0
5240,20.5
5241,27.5
5242,25.5
5243,22.5
5244,29.0
5245,22.5
5246,16.5
5247,22.0
5248,26.5
5249,22.5
5250,22.5
5251,29.09
5252,14.5
5253,21.0
5254,15.0
5255,12.5
5256,23.0
5257,15.5
5258,24.5
5259,29.5
5260,18.0
5261,22.0
5262,13.5
5263,15.5
5264,23.5
5265,22.0
5266,19.0
5267,19.5
5268,20.5
5269,19.0
5270,11.59
5271,19.0
5272,14.5
5273,19.5
5274,23.0
5275,15.5
5276,17.5
5277,21.0
5278,26.5
5279,20.5
5280,13.0
5281,12.5
5282,24.0
5283,26.5
5284,22.0
5285,22.5
5286,20.0
5287,19.5
5288,24.0
5289,21.0
5290,21.0
5291,23.0
5292,32.5
5293,35.0
5294,19.0
5295,20.5
5296,32.09
5297,26.5
5298,20.5
5299,22.5
5300,13.0
5301,29.0
5302,22.0
5303,20.5
5304,14.0
5305,28.0
5306,20.0
5307,20.5
5308,23.5
5309,22.0
5310,25.0
5311,24.0
5312,23.5
5313,17.5
5314,19.59
5315,30.0
5316,31.5
5317,24.5
5318,22.5
5319,25.0
5320,16.0
5321,24.5
5322,22.0
5323,16.0
5324,28.0
5325,24.0
5326,27.0
5327,26.5
5328,24.0
5329,18.0
5330,27.5
5331,22.0
5332,38.09
5333,28.0
5334,25.0
5335,31.5
5336,15.0
5337,27.5
5338,26.5
5339,24.5
5340,25.5
5341,22.5
5342,31.0
5343,28.0
5344,12.0
5345,17.5
5346,19.0
5347,18.5
5348,20.5
5349,36.5
5350,19.5
5351,23.5
5352,14.59
5353,17.5
5354,18.5
5355,22.0
5356,13.5
5357,24.0
5358,23.5
5359,14.0
5360,15.0
5361,29.0
5362,32.09
5363,24.5
5364,27.5
5365,32.5
5366,18.0
5367,29.0
5368,31.0
5369,27.0
5370,27.5
5371,12.0
5372,18.5
5373,19.5
5374,19.5
5375,13.5
5376,20.0
5377,15.5
5378,16.5
5379,31.5
5380,13.0
5381,19.0
5382,20.09
5383,26.5
5384,23.5
5385,16.5
5386,20.5
5387,22.0
5388,23.5
5389,26.5
5390,21.0
5391,16.0
5392,19.0
5393,21.5
5394,11.0
5395,12.5
5396,20.5
5397,21.5
5398,21.5
5399,23.5
5400,12.5
5401,31.5
5402,24.59
5403,20.0
5404,15.5
5405,17.0
5406,14.5
5407,26.5
5408,32.0
5409,30.0
5410,24.5
5411,34.0
5412,13.5
5413,31.0
5414,19.0
5415,24.5
5416,23.0
5417,16.0
5418,16.0
5419,22.0
5420,20.5
5421,23.0
5422,27.59
5423,16.0
5424,21.5
5425,21.5
5426,17.0
5427,23.5
5428,30.0
5429,22.0
5430,27.5
5431,35.5
5432,47.5
5433,29.5
5434,25.5
5435,22.0
5436,21.5
5437,19.0
5438,15.0
5439,22.5
5440,32.0
5441,24.5
5442,26.09
5443,17.5
5444,24.0
5445,22.5
5446,24.5
5447,28.0
5448,28.0
5449,25.0
5450,16.5
5451,24.0
5452,31.5
5453,20.5
5454,19.5
5455,22.5
5456,28.5
5457,22.0
5458,22.5
5459,21.0
5460,29.0
5461,31.09
5462,25.0
5463,29.5
5464,30.5
5465,22.5
5466,17.0
5467,21.5
5468,21.5
5469,16.5
5470,16.5
5471,23.0
5472,13.0
5473,15.0
5474,17.5
5475,17.5
5476,15.5
5477,13.0
5478,19.0
5479,14.5
5480,22.5
5481,22.09
5482,26.5
5483,16.0
5484,20.0
5485,13.0
5486,19.0
5487,22.5
5488,22.5
5489,25.5
5490,21.5
5491,17.5
5492,21.5
5493,23.5
5494,27.5
5495,29.0
5496,30.5
5497,24.0
5498,14.5
5499,26.0
5500,18.0
5501,24.09
5502,18.5
5503,22.0
5504,23.5
5505,24.5
5506,14.0
5507,25.0
5508,20.0
5509,28.5
5510,22.0
5511,21.5
5512,25.5
5513,15.0
5514,21.5
5515,27.0
5516,22.0
5517,15.0
5518,25.0
5519,21.5
5520,22.5
5521,16.59
5522,16.0
5523,17.5
5524,17.5
5525,14.0
5526,20.5
5527,16.5
5528,18.0
5529,20.0
5530,28.0
5531,15.0
5532,27.0
5533,13.5
5534,17.0
5535,21.0
5536,11.5
5537,22.5
5538,20.0
5539,14.5
5540,14.0
5541,31.09
5542,25.0
5543,20.0
5544,14.0
5545,18.0
5546,27.5
5547,13.5
5548,21.0
5549,21.5
5550,24.5
5551,15.5
5552,25.5
5553,24.0
5554,26.5
5555,22.5
5556,21.5
5557,24.0
5558,16.59
5559,21.5
5560,26.5
5561,16.0
5562,19.5
5563,21.0
5564,22.5
5565,30.0
5566,20.5
5567,25.5
5568,25.5
5569,18.5
5570,19.0
5571,37.5
5572,15.5
5573,20.0
5574,24.0
5575,31.5
5576,18.59
5577,16.5
5578,19.5
5579,30.59
5580,24.5
5581,15.5
5582,27.0
5583,24.5
5584,19.5
5585,22.5
5586,18.0
5587,28.0
5588,20.0
5589,19.5
5590,27.0
5591,26.5
5592,19.5
5593,17.5
5594,24.0
5595,20.0
5596,25.5
5597,15.5
5598,22.0
5599,25.0
5600,18.09
5601,17.5
5602,18.0
5603,23.5
5604,34.0
5605,24.5
5606,25.5
5607,26.0
5608,36.0
5609,26.5
5610,23.5
5611,16.5
5612,25.0
5613,16.0
5614,32.0
5615,14.5
5616,16.0
5617,16.0
5618,19.59
5619,27.5
5620,27.09
5621,24.0
5622,21.0
5623,22.5
5624,30.5
5625,18.0
5626,23.0
5627,20.5
5628,30.0
5629,23.5
5630,22.09
5631,23.5
5632,27.0
5633,11.5
5634,11.5
5635,12.5
5636,25.0
5637,32.0
5638,21.5
5639,14.5
5640,17.5
5641,21.0
5642,15.0
5643,24.5
5644,22.0
5645,24.5
5646,23.0
5647,20.0
5648,28.5
5649,23.5
5650,21.5
5651,23.0
5652,28.0
5653,27.5
5654,30.59
5655,26.0
5656,23.0
5657,21.5
5658,12.0
5659,31.0
5660,20.5
5661,25.0
5662,27.5
5663,19.0
5664,31.0
5665,20.0
5666,11.5
5667,33.5
5668,20.5
5669,22.0
5670,27.5
5671,22.0
5672,27.5
5673,24.0
5674,25.0
5675,17.5
5676,31.0
5677,29.0
5678,21.5
5679,28.59
5680,28.5
5681,26.5
5682,25.0
5683,29.0
5684,14.5
5685,32.5
5686,35.0
5687,23.0
5688,18.5
5689,26.5
5690,19.0
5691,20.5
5692,19.5
5693,22.0
5694,18.0
5695,23.5
5696,22.0
5697,11.5
5698,21.0
5699,20.5
5700,14.0
5701,18.0
5702,21.0
5703,14.0
5704,29.09
5705,24.0
5706,23.0
5707,19.0
5708,13.5
5709,21.5
5710,25.5
5711,19.0
5712,17.0
5713,14.5
5714,16.0
5715,22.0
5716,20.0
5717,27.0
5718,20.5
5719,26.5
5720,23.5
5721,25.5
5722,15.0
5723,15.0
5724,18.5
5725,21.0
5726,14.0
5727,23.0
5728,30.09
5729,18.0
5730,29.0
5731,24.5
5732,26.0
5733,29.0
5734,35.5
5735,24.5
5736,22.0
5737,21.0
5738,25.0
5739,27.0
5740,31.0
5741,21.5
5742,16.0
5743,18.0
5744,21.5
5745,12.0
5746,17.0
5747,28.09
5748,19.5
5749,16.5
5750,29.5
5751,22.0
5752,22.5
5753,21.0
5754,17.0
5755,22.0
5756,28.5
5757,14.5
5758,19.5
5759,23.5
5760,25.5
5761,19.0
5762,25.5
5763,21.0
5764,24.0
5765,24.0
5766,23.0
5767,15.59
5768,17.5
5769,16.0
5770,14.5
5771,16.5
5772,16.0
5773,22.0
5774,19.5
5775,21.0
5776,25.5
5777,20.0
5778,22.5
5779,29.0
5780,26.0
5781,25.5
5782,22.5
5783,22.5
5784,26.0
5785,17.0
5786,18.0
5787,19.09
5788,20.0
5789,22.0
5790,24.0
5791,21.5
5792,25.0
5793,14.5
5794,21.5
5795,18.0
5796,19.5
5797,20.0
5798,13.0
5799,21.5
5800,26.5
5801,32.5
5802,15.5
5803,16.5
5804,27.0
5805,16.0
5806,21.0
5807,19.59
5808,16.0
5809,21.0
5810,18.0
5811,20.0
5812,17.0
5813,19.5
5814,25.5
5815,21.5
5816,26.0
5817,25.0
5818,29.0
5819,16.0
5820,20.5
5821,29.5
5822,24.0
5823,17.0
5824,21.0
5825,19.0
5826,17.0
5827,18.5
5828,21.5
5829,16.5
5830,23.5
5831,27.0
5832,19.59
5833,14.5
5834,24.0
5835,22.5
5836,29.0
5837,23.5
5838,26.5
5839,27.0
5840,27.5
5841,32.5
5842,22.0
5843,20.5
5844,18.5
5845,23.0
5846,25.5
5847,27.0
5848,22.5
5849,21.5
5850,22.0
5851,24.5
5852,22.5
5853,21.0
5854,25.5
5855,20.5
5856,24.5
5857,24.59
5858,19.0
5859,19.5
5860,20.5
5861,27.0
5862,23.5
5863,29.0
5864,31.0
5865,23.5
5866,16.0
5867,20.0
5868,18.5
5869,19.5
5870,32.5
5871,22.5
5872,22.0
5873,24.0
5874,16.5
5875,22.0
5876,25.0
5877,15.0
5878,21.5
5879,18.5
5880,15.5
5881,29.0
5882,17.09
5883,27.0
5884,27.5
5885,24.5
5886,18.5
5887,25.0
5888,16.5
5889,20.0
5890,19.0
5891,13.5
5892,24.0
5893,16.5
5894,14.5
5895,26.5
5896,21.0
5897,24.0
5898,24.5
5899,27.0
5900,19.0
5901,22.0
5902,11.0
5903,16.5
5904,18.0
5905,20.5
5906,22.0
5907,13.59
5908,17.5
5909,14.0
5910,14.0
5911,20.0
5912,14.5
5913,15.5
5914,13.0
5915,20.0
5916,17.5
5917,16.5
5918,23.0
5919,16.5
5920,13.0
5921,19.0
5922,25.0
5923,10.5
5924,16.5
5925,20.5
5926,16.0
5927,12.0
5928,13.0
5929,17.5
5930,18.09
5931,20.0
5932,18.0
5933,13.0
5934,23.0
5935,15.5
5936,22.5
5937,11.5
5938,26.0
5939,18.0
5940,23.0
5941,23.5
5942,20.5
5943,14.0
5944,29.5
5945,22.5
5946,17.5
5947,19.0
5948,26.0
5949,16.0
5950,23.5
5951,19.0
5952,22.0
5953,19.0
5954,19.5
5955,22.59
5956,20.0
5957,29.0
5958,14.5
5959,20.0
5960,26.0
5961,17.5
5962,22.5
5963,19.5
5964,27.0
5965,27.0
5966,16.5
5967,19.5
5968,19.0
5969,13.0
5970,25.0
5971,14.0
5972,17.09
5973,27.59
5974,18.09
5975,21.5
5976,19.5
5977,23.0
5978,23.5
5979,18.5
5980,18.0
5981,21.5
5982,17.5
5983,22.5
5984,30.0
5985,21.0
5986,21.0
5987,29.5
5988,18.0
5989,18.5
5990,14.5
5991,22.5
5992,17.5
5993,19.0
5994,27.0
5995,28.0
5996,16.5
5997,24.0
5998,23.59
5999,19.5
6000,13.0
6001,29.0
6002,28.5
6003,16.5
6004,21.0
6005,33.0
6006,26.0
6007,24.0
6008,21.5
6009,24.0
6010,27.5
6011,26.0
6012,22.5
6013,19.5
6014,27.0
6015,30.5
6016,19.0
6017,20.0
6018,21.59
6019,27.5
6020,34.5
6021,22.0
6022,19.5
6023,24.5
6024,18.0
6025,13.5
6026,18.5
6027,18.5
6028,27.5
6029,25.5
6030,22.5
6031,22.5
6032,31.0
6033,12.5
6034,20.5
6035,29.5
6036,20.5
6037,22.5
6038,16.09
6039,21.0
6040,14.5
6041,23.0
6042,31.0
6043,32.5
6044,34.5
6045,25.0
6046,19.5
6047,25.0
6048,20.0
6049,25.0
6050,21.5
6051,20.0
6052,26.0
6053,20.5
6054,19.5
6055,26.5
6056,22.5
6057,28.5
6058,24.09
6059,26.5
6060,17.0
6061,28.5
6062,25.5
6063,21.0
6064,28.0
6065,20.0
6066,22.0
6067,25.0
6068,22.5
6069,27.5
6070,27.5
6071,27.0
6072,30.5
6073,27.0
6074,34.5
6075,29.5
6076,31.0
6077,30.0
6078,12.0
6079,27.09
6080,25.0
6081,44.0
6082,16.0
6083,17.5
6084,30.0
6085,26.0
6086,34.0
6087,38.0
6088,31.5
6089,30.0
6090,26.5
6091,27.0
6092,21.0
6093,28.5
6094,28.5
6095,29.5
6096,28.0
6097,20.0
6098,20.0
6099,26.59
6100,28.0
6101,20.0
6102,25.0
6103,19.5
6104,36.0
6105,26.0
6106,29.0
6107,22.0
6108,39.0
6109,22.5
6110,16.5
6111,31.5
6112,23.5
6113,17.5
6114,26.59
6115,14.0
6116,23.5
6117,25.0
6118,19.5
6119,20.5
6120,43.0
6121,36.5
6122,27.5
6123,35.5
6124,30.0
6125,33.0
6126,32.5
6127,27.5
6128,35.5
6129,31.59
6130,33.0
6131,31.0
6132,21.0
6133,35.0
6134,27.0
6135,28.5
6136,24.5
6137,34.0
6138,15.0
6139,25.5
6140,30.0
6141,29.5
6142,24.5
6143,20.5
6144,19.5
6145,28.5
6146,30.5
6147,24.0
6148,26.0
6149,29.59
6150,18.0
6151,24.0
6152,28.0
6153,30.0
6154,26.5
6155,17.5
6156,20.5
6157,18.0
6158,27.0
6159,20.5
6160,21.5
6161,24.0
6162,23.0
6163,25.5
6164,30.0
6165,17.5
6166,37.5
6167,21.0
6168,38.5
6169,26.59
6170,28.5
6171,23.0
6172,35.0
6173,15.0
6174,34.0
6175,44.5
6176,38.5
6177,39.5
6178,30.5
6179,34.5
6180,30.5
6181,31.5
6182,31.0
6183,18.0
6184,29.5
6185,30.0
6186,23.5
6187,26.5
6188,29.5
6189,25.59
6190,18.5
6191,19.0
6192,22.0
6193,37.0
6194,26.5
6195,41.0
6196,28.5
6197,14.0
6198,29.5
6199,21.0
6200,26.5
6201,28.0
6202,38.5
6203,14.5
6204,23.5
6205,22.5
6206,14.5
6207,28.59
6208,15.0
6209,24.0
6210,19.5
6211,27.0
6212,26.5
6213,24.0
6214,22.0
6215,20.5
6216,19.0
6217,24.5
6218,25.0
6219,31.5
6220,24.0
6221,13.0
6222,17.0
6223,20.0
6224,31.0
6225,23.0
6226,25.5
6227,10.09
6228,13.5
6229,16.5
6230,25.0
6231,20.0
6232,16.5
6233,25.0
6234,18.5
6235,17.5
6236,21.5
6237,25.0
6238,13.0
6239,21.0
6240,18.5
6241,18.5
6242,16.0
6243,22.0
6244,16.5
6245,17.0
6246,21.5
6247,21.09
6248,20.5
6249,21.5
6250,16.5
6251,18.5
6252,24.5
6253,20.0
6254,18.5
6255,23.0
6256,22.0
6257,17.5
6258,18.0
6259,22.5
6260,16.0
6261,34.0
6262,24.5
6263,22.0
6264,16.5
6265,18.0
6266,21.0
6267,20.59
6268,19.5
6269,18.5
6270,20.0
6271,30.0
6272,29.5
6273,25.0
6274,16.0
6275,13.5
6276,24.5
6277,29.0
6278,25.0
6279,24.5
6280,32.0
6281,14.0
6282,17.5
6283,25.0
6284,22.5
6285,20.5
6286,28.5
6287,17.09
6288,17.0
6289,24.5
6290,21.5
6291,16.5
6292,23.5
6293,23.0
6294,17.0
6295,29.5
6296,27.0
6297,21.5
6298,22.5
6299,21.0
6300,25.0
6301,22.0
6302,29.0
6303,22.0
6304,20.5
6305,21.5
6306,23.0
6307,23.59
6308,22.0
6309,19.5
6310,10.5
6311,26.0
6312,18.5
6313,18.5
6314,22.5
6315,10.0
6316,16.0
6317,19.5
6318,18.5
6319,22.0
6320,24.0
6321,19.0
6322,16.0
6323,17.5
6324,15.5
6325,18.0
6326,24.0
6327,20.09
6328,23.5
6329,24.5
6330,28.0
6331,26.0
6332,22.5
6333,16.5
6334,30.0
6335,23.0
6336,22.0
6337,20.5
6338,29.0
6339,22.0
6340,24.0
6341,27.0
6342,29.0
6343,22.5
6344,23.5
6345,24.0
6346,19.59
6347,18.0
6348,17.5
6349,25.5
6350,25.0
6351,20.5
6352,21.0
6353,26.5
6354,28.0
6355,30.0
6356,24.5
6357,21.0
6358,28.5
6359,25.5
6360,31.0
6361,25.0
6362,19.5
6363,24.5
6364,21.5
6365,17.09
6366,16.5
6367,24.5
6368,17.0
6369,21.5
6370,28.5
6371,22.5
6372,25.5
6373,19.0
6374,18.5
6375,14.5
6376,18.0
6377,15.5
6378,13.5
6379,29.0
6380,22.5
6381,18.5
6382,22.0
6383,20.0
6384,16.0
6385,20.09
6386,23.5
6387,18.5
6388,24.5
6389,16.0
6390,9.5
6391,16.5
6392,25.5
6393,19.0
6394,20.0
6395,15.0
6396,11.5
6397,21.0
6398,16.0
6399,16.5
6400,30.5
6401,17.5
6402,17.5
6403,23.0
6404,20.5
6405,20.5
6406,13.59
6407,16.5
6408,19.0
6409,18.5
6410,21.0
6411,27.0
6412,17.5
6413,21.5
6414,18.0
6415,17.0
6416,24.0
6417,25.0
6418,30.5
6419,19.0
6420,15.0
6421,27.5
6422,13.5
6423,29.0
6424,17.0
6425,21.0
6426,31.09
6427,17.5
6428,18.0
6429,22.5
6430,12.5
6431,16.0
6432,28.5
6433,14.0
6434,18.0
6435,18.0
6436,18.5
6437,17.5
6438,16.5
6439,31.0
6440,24.0
6441,21.0
6442,22.5
6443,21.0
6444,24.5
6445,27.5
6446,25.59
6447,32.5
6448,20.5
6449,28.0
6450,24.5
6451,26.0
6452,21.5
6453,21.5
6454,27.0
6455,35.5
6456,29.5
6457,24.5
6458,28.5
6459,27.0
6460,26.5
6461,36.5
6462,28.0
6463,24.0
6464,20.5
6465,9.5
6466,24.59
6467,22.0
6468,37.0
6469,22.5
6470,14.5
6471,37.0
6472,25.0
6473,28.0
6474,34.5
6475,20.0
6476,28.5
6477,25.5
6478,30.0
6479,26.5
6480,22.0
6481,32.0
6482,21.5
6483,25.5
6484,26.0
6485,21.5
6486,32.09
6487,16.0
6488,21.5
6489,27.0
6490,34.0
6491,24.5
6492,25.5
6493,25.0
6494,26.5
6495,29.0
6496,13.5
6497,17.5
6498,25.5
6499,28.5
6500,20.0
6501,19.0
6502,22.0
6503,27.5
6504,33.0
6505,19.5
6506,26.09
6507,31.5
6508,27.5
6509,26.5
6510,24.0
6511,25.0
6512,24.5
6513,25.0
6514,31.0
6515,27.0
6516,23.0
6517,21.5
6518,29.0
6519,26.0
6520,28.5
6521,23.0
6522,23.5
6523,28.0
6524,14.5
6525,23.0
6526,34.5
6527,34.59
6528,18.0
6529,24.5
6530,22.0
6531,15.5
6532,22.5
6533,26.0
6534,25.0
6535,18.0
6536,30.0
6537,23.0
6538,25.5
6539,18.0
6540,19.0
6541,18.0
6542,24.5
6543,16.0
6544,17.0
6545,19.5
6546,20.5
6547,18.59
6548,17.0
6549,32.5
6550,16.5
6551,21.5
6552,17.5
6553,14.5
6554,22.0
6555,14.5
6556,17.5
6557,19.0
6558,21.5
6559,11.0
6560,12.5
6561,16.5
6562,20.0
6563,16.5
6564,19.0
6565,15.5
6566,21.0
6567,13.59
6568,14.0
6569,18.0
6570,18.5
6571,21.5
6572,21.5
6573,15.0
6574,20.5
6575,30.0
6576,27.5
6577,22.0
6578,26.0
6579,33.5
6580,25.0
6581,25.0
6582,31.5
6583,21.0
6584,24.5
6585,18.5
6586,21.09
6587,21.0
6588,24.5
6589,24.0
6590,19.0
6591,23.5
6592,29.0
6593,17.5
6594,24.5
6595,24.5
6596,17.59
6597,31.0
6598,25.0
6599,21.5
6600,17.5
6601,15.0
6602,27.0
6603,20.0
6604,13.5
6605,28.0
6606,8.0
6607,27.09
6608,21.0
6609,18.0
6610,18.5
6611,22.5
6612,27.0
6613,19.5
6614,27.5
6615,25.0
6616,24.0
6617,35.0
6618,21.5
6619,36.5
6620,21.5
6621,21.0
6622,24.0
6623,27.5
6624,23.5
6625,28.09
6626,31.5
6627,17.5
6628,23.5
6629,23.0
6630,22.5
6631,41.0
6632,19.5
6633,27.5
6634,27.5
6635,22.0
6636,27.0
6637,27.0
6638,23.5
6639,27.5
6640,28.0
6641,28.0
6642,23.5
6643,28.0
6644,21.0
6645,28.0
6646,28.09
6647,26.0
6648,29.0
6649,27.0
6650,21.0
6651,32.0
6652,29.0
6653,32.5
6654,29.0
6655,34.0
6656,27.5
6657,27.0
6658,23.0
6659,26.5
6660,26.0
6661,19.5
6662,29.0
6663,28.5
6664,20.0
6665,29.09
6666,22.0
6667,27.5
6668,23.5
6669,29.0
6670,26.5
6671,32.0
6672,27.5
6673,22.0
6674,20.0
6675,21.5
6676,25.5
6677,30.0
6678,26.0
6679,23.5
6680,18.0
6681,27.0
6682,31.5
6683,12.5
6684,32.0
6685,23.59
6686,21.5
6687,22.5
6688,29.0
6689,19.0
6690,19.5
6691,33.0
6692,22.0
6693,25.5
6694,25.5
6695,31.5
6696,16.5
6697,29.0
6698,22.5
6699,22.5
6700,23.5
6701,27.5
6702,24.5
6703,33.5
6704,16.0
6705,31.5
6706,25.0
6707,26.5
6708,25.0
6709,24.59
6710,29.0
6711,33.5
6712,27.0
6713,20.5
6714,25.0
6715,17.0
6716,29.5
6717,25.5
6718,29.5
6719,36.5
6720,32.5
6721,36.0
6722,22.5
6723,25.5
6724,33.0
6725,25.5
6726,33.0
6727,26.5
6728,27.0
6729,22.09
6730,31.0
6731,23.5
6732,24.5
6733,33.0
6734,27.0
6735,24.5
6736,23.5
6737,20.0
6738,29.5
6739,26.5
6740,28.5
6741,31.5
6742,41.0
6743,32.5
6744,24.5
6745,24.5
6746,17.5
6747,24.0
6748,18.0
6749,34.09
6750,30.5
6751,20.5
6752,12.5
6753,31.0
6754,21.0
6755,21.5
6756,36.5
6757,17.5
6758,29.0
6759,26.0
6760,26.0
6761,22.5
6762,26.0
6763,21.0
6764,19.5
6765,23.0
6766,25.0
6767,23.0
6768,30.5
6769,30.09
6770,35.0
6771,28.0
6772,25.0
6773,26.5
6774,26.0
6775,25.0
6776,25.5
6777,27.5
6778,27.5
6779,24.0
6780,29.5
6781,25.5
6782,18.0
6783,24.5
6784,28.5
6785,25.0
6786,31.5
6787,15.0
6788,14.5
6789,25.59
6790,27.0
6791,31.5
6792,21.5
6793,17.5
6794,19.0
6795,17.0
6796,15.5
6797,18.5
6798,21.5
6799,18.5
6800,19.5
6801,13.0
6802,21.5
6803,22.5
6804,34.5
6805,26.5
6806,18.0
6807,17.0
6808,22.5
6809,37.59
6810,24.0
6811,22.5
6812,24.0
6813,30.0
6814,28.5
6815,27.0
6816,35.0
6817,36.0
6818,27.5
6819,32.5
6820,16.5
6821,23.5
6822,26.5
6823,19.5
6824,34.5
6825,18.0
6826,14.0
6827,19.0
6828,28.0
6829,26.09
6830,21.5
6831,20.0
6832,21.5
6833,24.5
6834,19.5
6835,34.5
6836,23.5
6837,26.5
6838,24.0
6839,27.5
6840,31.5
6841,27.5
6842,21.0
6843,24.0
6844,30.0
6845,17.5
6846,10.0
6847,20.09
6848,20.0
6849,19.5
6850,32.5
6851,21.5
6852,28.0
6853,29.0
6854,16.5
6855,20.0
6856,20.0
6857,17.0
6858,34.0
6859,18.5
6860,17.5
6861,28.5
6862,30.0
6863,24.5
6864,33.0
6865,25.0
6866,27.59
6867,16.5
6868,26.0
6869,23.0
6870,30.5
6871,13.5
6872,21.0
6873,29.5
6874,17.0
6875,26.0
6876,24.0
6877,30.0
6878,25.0
6879,27.0
6880,19.5
6881,29.5
6882,20.0
6883,20.0
6884,22.0
6885,24.0
6886,32.59
6887,14.5
6888,15.5
6889,27.0
6890,29.0
6891,21.0
6892,26.0
6893,13.5
6894,19.5
6895,29.0
6896,28.5
6897,35.5
6898,16.5
6899,21.0
6900,24.0
6901,18.5
6902,13.0
6903,30.0
6904,30.5
6905,25.0
6906,32.5
6907,20.09
6908,21.5
6909,26.5
6910,27.0
6911,28.5
6912,23.5
6913,31.0
6914,32.5
6915,12.0
6916,28.5
6917,33.5
6918,28.5
6919,16.0
6920,17.0
6921,28.5
6922,17.0
6923,33.0
6924,32.0
6925,8.5
6926,27.0
6927,19.0
6928,29.59
6929,22.5
6930,14.5
6931,30.0
6932,29.0
6933,11.0
6934,25.5
6935,15.0
6936,23.5
6937,23.5
6938,24.0
6939,27.5
6940,26.0
6941,26.0
6942,19.0
6943,18.0
6944,16.0
6945,22.5
6946,11.5
6947,18.0
6948,24.59
6949,22.5
6950,19.0
6951,14.0
6952,17.5
6953,19.5
6954,14.0
6955,23.5
6956,13.5
6957,13.5
6958,11.0
6959,32.0
6960,24.0
6961,18.0
6962,23.0
6963,25.0
6964,19.0
6965,28.5
6966,20.09
6967,19.5
6968,23.09
6969,25.5
6970,30.5
6971,21.5
6972,28.0
6973,44.0
6974,28.59
6975,24.0
6976,23.0
6977,31.5
6978,24.5
6979,27.5
6980,17.0
6981,25.0
6982,16.5
6983,15.0
6984,28.0
6985,15.5
6986,35.5
6987,14.5
6988,15.59
6989,33.0
6990,26.0
6991,18.59
6992,24.0
6993,14.5
6994,31.5
6995,21.5
6996,24.5
6997,23.0
6998,17.0
6999,24.5
7000,16.59
7001,26.0
7002,16.5
7003,21.5
7004,28.5
7005,18.0
7006,21.5
7007,23.0
7008,15.59
7009,18.0
7010,15.5
7011,24.0
7012,19.0
7013,18.0
7014,16.5
7015,14.5
7016,26.5
7017,24.5
7018,15.5
7019,22.5
7020,21.0
7021,21.5
7022,17.0
7023,20.0
7024,23.5
7025,22.5
7026,12.0
7027,25.09
7028,20.0
7029,17.5
7030,17.0
7031,23.0
7032,17.5
7033,28.5
7034,25.5
7035,35.0
7036,22.0
7037,22.5
7038,23.0
7039,20.0
7040,19.0
7041,28.5
7042,25.5
7043,19.5
7044,23.5
7045,19.0
7046,18.09
7047,13.59
7048,26.5
7049,16.0
7050,14.5
7051,20.0
7052,20.5
7053,25.5
7054,26.5
7055,19.5
7056,25.5
7057,14.0
7058,20.0
7059,20.0
7060,17.0
7061,19.5
7062,18.0
7063,19.5
7064,18.5
7065,25.5
7066,19.0
7067,13.09
7068,14.0
7069,25.0
7070,31.0
7071,21.5
7072,15.5
7073,36.5
7074,18.0
7075,28.0
7076,29.0
7077,27.0
7078,24.5
7079,25.5
7080,20.0
7081,26.5
7082,16.0
7083,18.0
7084,20.0
7085,30.5
7086,21.5
7087,9.5
7088,13.59
7089,20.5
7090,19.5
7091,25.0
7092,20.0
7093,29.0
7094,39.0
7095,24.0
7096,30.0
7097,27.5
7098,30.5
7099,31.5
7100,16.5
7101,25.0
7102,19.5
7103,29.0
7104,14.5
7105,34.5
7106,43.5
7107,18.0
7108,57.09
7109,19.59
7110,20.0
7111,31.0
7112,20.5
7113,28.0
7114,26.0
7115,25.0
7116,25.5
7117,29.0
7118,20.0
7119,19.5
7120,29.0
7121,22.0
7122,18.5
7123,25.0
7124,27.5
7125,20.5
7126,29.0
7127,20.0
7128,19.5
7129,27.59
7130,21.0
7131,22.5
7132,32.5
7133,20.5
7134,17.5
7135,19.0
7136,23.0
7137,26.0
7138,22.5
7139,22.0
7140,18.0
7141,36.5
7142,22.0
7143,17.5
7144,26.5
7145,23.5
7146,25.5
7147,25.5
7148,29.09
7149,28.0
7150,13.5
7151,17.0
7152,27.5
7153,26.0
7154,17.5
7155,20.0
7156,22.0
7157,15.5
7158,29.0
7159,22.5
7160,24.0
7161,22.5
7162,30.5
7163,17.5
7164,30.5
7165,21.0
7166,21.09
7167,29.5
7168,27.0
7169,32.5
7170,25.5
7171,30.5
7172,23.5
7173,19.0
7174,21.0
7175,23.5
7176,21.5
7177,31.0
7178,22.09
7179,20.5
7180,31.5
7181,24.5
7182,20.0
7183,23.0
7184,26.0
7185,25.5
7186,19.0
7187,20.5
7188,27.0
7189,26.0
7190,16.0
7191,21.5
7192,13.5
7193,30.0
7194,33.5
7195,27.5
7196,26.0
7197,32.5
7198,29.0
7199,25.5
7200,25.0
7201,33.5
7202,21.0
7203,30.0
7204,26.09
7205,25.5
7206,18.5
7207,25.0
7208,13.0
7209,21.0
7210,17.0
7211,32.0
7212,30.5
7213,21.5
7214,19.5
7215,23.5
7216,23.5
7217,32.5
7218,20.0
7219,30.0
7220,22.0
7221,30.0
7222,26.0
7223,33.0
7224,34.0
7225,20.5
7226,29.5
7227,15.09
7228,22.5
7229,33.5
7230,24.5
7231,31.5
7232,27.5
7233,25.5
7234,31.0
7235,16.5
7236,31.5
7237,25.0
7238,27.0
7239,22.5
7240,30.5
7241,13.0
7242,18.5
7243,32.0
7244,19.0
7245,18.0
7246,20.5
7247,29.5
7248,26.5
7249,29.5
7250,24.5
7251,32.09
7252,30.0
7253,33.0
7254,32.5
7255,29.0
7256,22.5
7257,30.0
7258,20.59
7259,30.5
7260,31.0
7261,18.5
7262,32.0
7263,31.0
7264,17.0
7265,27.0
7266,23.0
7267,18.5
7268,25.0
7269,24.5
7270,27.0
7271,23.5
7272,24.09
7273,14.0
7274,19.5
7275,24.5
7276,30.0
7277,26.0
7278,30.5
7279,33.5
7280,16.5
7281,25.0
7282,19.0
7283,20.5
7284,16.5
7285,21.0
7286,28.0
7287,23.0
7288,21.0
7289,25.0
7290,24.0
7291,13.0
7292,21.5
7293,16.5
7294,32.5
7295,27.0
7296,25.59
7297,12.5
7298,17.0
7299,14.5
7300,10.5
7301,24.0
7302,21.5
7303,19.0
7304,26.5
7305,18.5
7306,20.5
7307,22.5
7308,27.0
7309,22.0
7310,20.0
7311,17.0
7312,23.0
7313,19.0
7314,19.5
7315,22.5
7316,16.0
7317,20.5
7318,22.5
7319,21.0
7320,18.0
7321,16.0
7322,15.0
7323,14.0
7324,15.0
7325,11.59
7326,20.0
7327,29.09
7328,22.5
7329,16.0
7330,15.0
7331,17.5
7332,15.5
7333,13.0
7334,15.0
7335,20.5
7336,32.5
7337,19.0
7338,18.5
7339,13.5
7340,33.0
7341,27.0
7342,19.0
7343,26.5
7344,22.5
7345,21.0
7346,14.5
7347,11.5
7348,17.5
7349,21.0
7350,13.5
7351,14.0
7352,20.5
7353,19.0
7354,21.5
7355,14.0
7356,20.0
7357,24.59
7358,26.0
7359,20.5
7360,20.0
7361,21.5
7362,34.5
7363,16.0
7364,30.5
7365,20.0
7366,18.0
7367,22.5
7368,32.5
7369,24.5
7370,29.5
7371,26.5
7372,35.5
7373,19.5
7374,28.5
7375,16.5
7376,33.0
7377,16.5
7378,24.0
7379,27.5
7380,23.5
7381,23.0
7382,30.0
7383,17.0
7384,13.59
7385,32.5
7386,12.0
7387,32.0
7388,21.5
7389,20.5
7390,24.5
7391,30.0
7392,29.5
7393,16.0
7394,18.0
7395,16.5
7396,17.5
7397,26.0
7398,14.5
7399,29.5
7400,21.0
7401,21.0
7402,16.5
7403,14.5
7404,16.0
7405,19.0
7406,23.5
7407,28.5
7408,17.5
7409,15.09
7410,19.5
7411,34.0
7412,8.5
7413,17.5
7414,14.0
7415,25.5
7416,18.0
7417,19.5
7418,11.5
7419,21.5
7420,24.5
7421,17.0
7422,20.0
7423,31.0
7424,21.0
7425,27.0
7426,27.0
7427,32.0
7428,24.0
7429,11.09
7430,22.5
7431,25.5
7432,33.0
7433,10.5
7434,35.5
7435,36.5
7436,25.5
7437,20.0
7438,27.5
7439,21.0
7440,16.5
7441,26.0
7442,17.5
7443,16.0
7444,27.0
7445,21.0
7446,20.0
7447,31.0
7448,28.0
7449,17.09
7450,23.0
7451,16.5
7452,16.0
7453,23.0
7454,28.0
7455,31.0
7456,23.5
7457,22.0
7458,23.5
7459,23.5
7460,31.5
7461,16.5
7462,16.0
7463,22.5
7464,26.5
7465,19.5
7466,32.0
7467,26.5
7468,14.5
7469,30.5
7470,19.09
7471,26.0
7472,19.5
7473,26.0
7474,23.5
7475,20.5
7476,20.5
7477,14.5
7478,21.0
7479,25.5
7480,31.0
7481,19.5
7482,20.0
7483,13.5
7484,10.0
7485,12.0
7486,24.0
7487,24.5
7488,29.5
7489,26.5
7490,18.5
7491,18.59
7492,19.0
7493,25.0
7494,20.0
7495,15.0
7496,15.0
7497,13.5
7498,36.0
7499,22.0
7500,28.0
7501,32.0
7502,26.0
7503,23.0
7504,19.5
7505,25.0
7506,23.0
7507,26.5
7508,24.5
7509,26.5
7510,19.0
7511,20.59
7512,20.0
7513,26.5
7514,23.5
7515,34.0
7516,23.0
7517,20.0
7518,19.5
7519,15.5
7520,18.0
7521,20.0
7522,24.0
7523,28.0
7524,28.0
7525,21.0
7526,22.5
7527,16.0
7528,21.0
7529,18.5
7530,18.5
7531,24.09
7532,26.0
7533,16.5
7534,25.5
7535,20.0
7536,18.0
7537,18.0
7538,13.5
7539,27.5
7540,13.0
7541,23.0
7542,23.0
7543,23.0
7544,25.0
7545,20.0
7546,23.5
7547,26.5
7548,21.5
7549,22.5
7550,25.5
7551,10.59
7552,15.5
7553,13.0
7554,22.5
7555,22.5
7556,19.0
7557,22.5
7558,28.5
7559,18.0
7560,30.5
7561,20.0
7562,14.0
7563,35.0
7564,22.0
7565,21.0
7566,29.0
7567,26.0
7568,15.0
7569,17.5
7570,26.5
7571,11.5
7572,26.59
7573,11.5
7574,25.5
7575,13.0
7576,11.5
7577,21.0
7578,19.0
7579,19.0
7580,12.0
7581,12.5
7582,16.5
7583,10.0
7584,23.5
7585,13.5
7586,22.5
7587,18.5
7588,12.0
7589,22.5
7590,16.5
7591,22.5
7592,17.5
7593,28.0
7594,19.0
7595,22.5
7596,26.0
7597,26.59
7598,16.0
7599,32.0
7600,12.5
7601,28.5
7602,19.5
7603,26.5
7604,15.5
7605,21.0
7606,18.0
7607,20.0
7608,19.5
7609,16.5
7610,11.5
7611,20.0
7612,23.0
7613,8.5
7614,28.0
7615,28.5
7616,13.5
7617,14.0
7618,12.0
7619,16.5
7620,23.5
7621,16.0
7622,33.59
7623,22.0
7624,17.0
7625,19.5
7626,28.5
7627,26.5
7628,19.5
7629,22.5
7630,25.5
7631,21.0
7632,12.0
7633,22.5
7634,20.0
7635,15.5
7636,20.5
7637,14.0
7638,15.5
7639,19.0
7640,15.5
7641,17.0
7642,13.5
7643,13.5
7644,20.5
7645,20.0
