Numero: ,Estoma:  ,Tara: ,Peso(Kg): ,Sobrepeso(Kg): ,Embarque(Kg): ,Fecha: 
1,PORVB2,2.78,19.52,0.02,19.5,2018-04-11 07:41:45
2,PORVB2,2.78,19.76,0.26,19.5,2018-04-11 07:41:54
3,PORVB2,2.78,19.54,0.04,19.5,2018-04-11 07:42:26
4,PORVB2,2.78,19.62,0.12,19.5,2018-04-11 07:43:03
5,PORVB2,2.78,19.64,0.14,19.5,2018-04-11 07:43:38
6,PORVB2,2.78,19.5,0,19.5,2018-04-11 07:44:15
7,PORVB2,2.78,19.72,0.22,19.5,2018-04-11 07:45:41
8,PORVB2,2.78,19.52,0.02,19.5,2018-04-11 07:45:56
9,PORVB2,2.78,19.56,0.06,19.5,2018-04-11 07:46:18
10,PORVB2,2.78,19.6,0.1,19.5,2018-04-11 07:46:27
11,PORVB2,2.78,19.54,0.04,19.5,2018-04-11 07:46:44
12,PORVB2,2.78,19.7,0.2,19.5,2018-04-11 07:46:54
13,PORVB2,2.78,19.52,0.02,19.5,2018-04-11 07:47:15
14,PORVB2,2.78,19.76,0.26,19.5,2018-04-11 07:47:56
15,PORVB2,2.78,19.78,0.28,19.5,2018-04-11 07:48:05
16,PORVB2,2.78,19.52,0.02,19.5,2018-04-11 07:48:29
17,PORVB2,2.78,19.62,0.12,19.5,2018-04-11 07:49:09
18,PORVB2,2.78,19.5,0,19.5,2018-04-11 07:49:26
19,PORVB2,2.78,19.52,0.02,19.5,2018-04-11 07:49:37
20,PORVB2,2.78,19.56,0.06,19.5,2018-04-11 07:50:03
21,PORVB2,2.78,19.52,0.02,19.5,2018-04-11 07:50:23
22,PORVB2,2.78,19.58,0.08,19.5,2018-04-11 07:50:37
23,PORVB2,2.78,19.58,0.08,19.5,2018-04-11 07:50:55
24,PORVB2,2.78,19.68,0.18,19.5,2018-04-11 07:51:07
25,PORVB2,2.78,19.52,0.02,19.5,2018-04-11 07:51:17
26,PORVB2,2.78,19.74,0.24,19.5,2018-04-11 07:51:26
27,PORVB2,2.78,19.66,0.16,19.5,2018-04-11 07:51:42
28,PORVB2,2.78,19.48,-0.02,19.5,2018-04-11 07:51:57
29,PORVB2,2.78,19.64,0.14,19.5,2018-04-11 07:52:10
30,PORVB2,2.78,19.72,0.22,19.5,2018-04-11 07:52:36
31,PORVB2,2.78,19.74,0.24,19.5,2018-04-11 07:52:50
32,PORVB2,2.78,19.68,0.18,19.5,2018-04-11 07:53:02
33,PORVB2,2.78,19.6,0.1,19.5,2018-04-11 07:53:17
34,PORVB2,2.78,19.68,0.18,19.5,2018-04-11 07:53:29
35,PORVB2,2.78,19.7,0.2,19.5,2018-04-11 07:53:50
36,PORVB2,2.78,19.66,0.16,19.5,2018-04-11 07:54:23
37,PORVB2,2.78,19.56,0.06,19.5,2018-04-11 07:54:41
38,PORVB2,2.78,19.54,0.04,19.5,2018-04-11 07:54:54
39,PORVB2,2.78,19.78,0.28,19.5,2018-04-11 07:55:05
40,PORVB2,2.78,19.8,0.3,19.5,2018-04-11 07:55:18
41,PORVB2,2.78,19.66,0.16,19.5,2018-04-11 07:55:29
42,PORVB2,2.78,19.52,0.02,19.5,2018-04-11 07:55:35
43,PORVB2,2.78,19.64,0.14,19.5,2018-04-11 07:55:47
44,PORVB2,2.78,19.64,0.14,19.5,2018-04-11 07:56:09
45,PORVB2,2.78,19.7,0.2,19.5,2018-04-11 07:56:19
46,PORVB2,2.78,19.58,0.08,19.5,2018-04-11 07:56:34
47,PORVB2,2.78,19.66,0.16,19.5,2018-04-11 07:56:48
48,PORVB2,2.78,19.78,0.28,19.5,2018-04-11 07:56:58
49,PORVB2,2.78,19.52,0.02,19.5,2018-04-11 07:57:13
50,PORVB2,2.78,19.52,0.02,19.5,2018-04-11 07:57:23
51,PORVB2,2.78,19.5,0,19.5,2018-04-11 07:57:35
52,PORVB2,2.78,19.7,0.2,19.5,2018-04-11 07:57:50
53,PORVB2,2.78,19.68,0.18,19.5,2018-04-11 07:58:09
54,PORVB2,2.78,19.52,0.02,19.5,2018-04-11 07:58:18
55,PORVB2,2.78,19.7,0.2,19.5,2018-04-11 07:58:34
56,PORVB2,2.78,19.62,0.12,19.5,2018-04-11 07:58:46
57,PORVB2,2.78,19.6,0.1,19.5,2018-04-11 07:58:56
58,PORVB2,2.78,19.64,0.14,19.5,2018-04-11 07:59:31
59,PORVB2,2.78,19.54,0.04,19.5,2018-04-11 07:59:46
60,PORVB2,2.78,19.54,0.04,19.5,2018-04-11 08:00:02
61,PORVB2,2.78,19.5,0,19.5,2018-04-11 08:00:17
62,PORVB2,2.78,19.6,0.1,19.5,2018-04-11 08:00:31
63,PORVB2,2.78,19.52,0.02,19.5,2018-04-11 08:00:44
64,PORVB2,2.78,19.58,0.08,19.5,2018-04-11 08:00:58
65,PORVB2,2.78,19.62,0.12,19.5,2018-04-11 08:37:07
66,PORVB2,2.78,19.6,0.1,19.5,2018-04-11 08:37:41
67,PORVB2,2.78,19.6,0.1,19.5,2018-04-11 08:37:52
68,PORVB2,2.78,19.58,0.08,19.5,2018-04-11 08:38:08
69,PORVB2,2.78,19.58,0.08,19.5,2018-04-11 08:38:25
70,PORVB2,2.78,19.56,0.06,19.5,2018-04-11 08:38:50
71,PORVB2,2.78,19.58,0.08,19.5,2018-04-11 08:39:29
72,PORVB2,2.78,19.5,0,19.5,2018-04-11 08:39:41
73,PORVB2,2.78,19.5,0,19.5,2018-04-11 08:40:00
74,PORVB2,2.78,19.68,0.18,19.5,2018-04-11 08:40:30
75,PORVB2,2.78,19.68,0.18,19.5,2018-04-11 08:40:54
76,PORVB2,2.78,19.6,0.1,19.5,2018-04-11 08:41:17
77,PORVB2,2.78,19.46,-0.04,19.5,2018-04-11 08:41:37
78,PORVB2,2.78,19.78,0.28,19.5,2018-04-11 08:41:52
79,PORVB2,2.78,19.66,0.16,19.5,2018-04-11 08:42:03
80,PORVB2,2.78,19.6,0.1,19.5,2018-04-11 08:42:13
81,PORVB2,2.78,19.48,-0.02,19.5,2018-04-11 08:42:22
82,PORVB2,2.78,19.6,0.1,19.5,2018-04-11 08:42:35
83,PORVB2,2.78,19.76,0.26,19.5,2018-04-11 08:42:45
84,PORVB2,2.78,19.58,0.08,19.5,2018-04-11 08:42:54
85,PORVB2,2.78,19.72,0.22,19.5,2018-04-11 08:43:06
86,PORVB2,2.78,19.48,-0.02,19.5,2018-04-11 08:43:20
87,PORVB2,2.78,19.58,0.08,19.5,2018-04-11 08:43:32
88,PORVB2,2.78,19.92,0.42,19.5,2018-04-11 08:43:52
89,PORVB2,2.78,19.68,0.18,19.5,2018-04-11 08:44:02
90,PORVB2,2.78,19.68,0.18,19.5,2018-04-11 08:44:14
91,PORVB2,2.78,19.52,0.02,19.5,2018-04-11 08:44:28
92,PORVB2,2.78,19.62,0.12,19.5,2018-04-11 08:44:39
93,PORVB2,2.78,19.52,0.02,19.5,2018-04-11 08:44:54
94,PORVB2,2.78,19.64,0.14,19.5,2018-04-11 08:45:12
95,PORVB2,2.78,19.54,0.04,19.5,2018-04-11 08:45:45
96,PORVB2,2.78,19.8,0.3,19.5,2018-04-11 08:45:54
97,PORVB2,2.78,19.8,0.3,19.5,2018-04-11 08:46:09
98,PORVB2,2.78,19.68,0.18,19.5,2018-04-11 08:46:25
99,PORVB2,2.78,19.66,0.16,19.5,2018-04-11 08:46:42
100,PORVB2,2.78,19.64,0.14,19.5,2018-04-11 08:47:01
101,PORVB2,2.78,19.52,0.02,19.5,2018-04-11 08:47:13
102,PORVB2,2.78,19.64,0.14,19.5,2018-04-11 08:47:24
103,PORVB2,2.78,19.56,0.06,19.5,2018-04-11 08:47:36
104,PORVB2,2.78,19.64,0.14,19.5,2018-04-11 08:48:05
105,PORVB2,2.78,19.52,0.02,19.5,2018-04-11 08:48:15
106,PORVB2,2.78,19.54,0.04,19.5,2018-04-11 08:48:25
107,PORVB2,2.78,19.52,0.02,19.5,2018-04-11 08:48:44
108,PORVB2,2.78,19.64,0.14,19.5,2018-04-11 08:49:05
109,PORVB2,2.78,19.64,0.14,19.5,2018-04-11 08:49:33
110,PORVB2,2.78,19.56,0.06,19.5,2018-04-11 08:49:48
111,PORVB2,2.78,19.72,0.22,19.5,2018-04-11 08:49:59
112,PORVB2,2.78,19.58,0.08,19.5,2018-04-11 08:50:20
113,PORVB2,2.78,19.6,0.1,19.5,2018-04-11 08:50:34
114,PORVB2,2.78,19.54,0.04,19.5,2018-04-11 08:50:51
115,PORVB2,2.78,19.66,0.16,19.5,2018-04-11 08:51:13
116,PORVB2,2.78,19.62,0.12,19.5,2018-04-11 08:51:37
117,PORVB2,2.78,19.32,0.22,19.1,2018-04-11 08:54:19
118,PORVB2,2.78,19.18,0.08,19.1,2018-04-11 08:54:58
119,PORVB2,2.78,19.14,0.04,19.1,2018-04-11 08:55:41
120,PORVB2,2.78,19.16,0.06,19.1,2018-04-11 08:55:53
121,PORVB2,2.78,19.26,0.16,19.1,2018-04-11 08:57:06
122,PORVB2,2.78,19.1,0,19.1,2018-04-11 08:57:22
123,PORVB2,2.78,19.22,0.12,19.1,2018-04-11 08:57:57
124,PORVB2,2.78,19.06,-0.04,19.1,2018-04-11 08:58:10
125,PORVB2,2.78,19.18,0.08,19.1,2018-04-11 08:58:38
126,PORVB2,2.78,19.14,0.04,19.1,2018-04-11 08:58:49
127,PORVB2,2.78,19.34,0.24,19.1,2018-04-11 08:59:11
128,PORVB2,2.78,19.26,0.16,19.1,2018-04-11 08:59:35
129,PORVB2,2.78,19.2,0.1,19.1,2018-04-11 09:00:13
130,PORVB2,2.78,19.1,0,19.1,2018-04-11 09:00:31
131,PORVB2,2.78,19.5,0,19.5,2018-04-11 09:07:53
132,PORVB2,2.78,19.76,0.26,19.5,2018-04-11 09:08:02
133,PORVB2,2.78,19.58,0.08,19.5,2018-04-11 09:08:15
134,PORVB2,2.78,19.66,0.16,19.5,2018-04-11 09:08:34
135,PORVB2,2.78,19.68,0.18,19.5,2018-04-11 09:08:54
136,PORVB2,2.78,19.54,0.04,19.5,2018-04-11 09:09:17
137,PORVB2,2.78,19.54,0.04,19.5,2018-04-11 09:09:36
138,PORVB2,2.78,19.72,0.22,19.5,2018-04-11 09:09:50
139,PORVB2,2.78,19.5,0,19.5,2018-04-11 09:10:16
140,PORVB2,2.78,19.7,0.2,19.5,2018-04-11 09:10:53
141,PORVB2,2.78,19.66,0.16,19.5,2018-04-11 09:11:04
142,PORVB2,2.78,19.56,0.06,19.5,2018-04-11 09:11:20
143,PORVB2,2.78,19.56,0.06,19.5,2018-04-11 09:11:41
144,PORVB2,2.78,19.66,0.16,19.5,2018-04-11 09:11:53
145,PORVB2,2.78,19.54,0.04,19.5,2018-04-11 09:12:13
146,PORVB2,2.78,19.5,0,19.5,2018-04-11 09:12:23
147,PORVB2,2.78,19.66,0.16,19.5,2018-04-11 09:12:33
148,PORVB2,2.78,19.62,0.12,19.5,2018-04-11 09:12:58
149,PORVB2,2.78,19.6,0.1,19.5,2018-04-11 09:13:10
150,PORVB2,2.78,19.54,0.04,19.5,2018-04-11 09:13:22
151,PORVB2,2.78,19.8,0.3,19.5,2018-04-11 09:13:36
152,PORVB2,2.78,19.52,0.02,19.5,2018-04-11 09:13:45
153,PORVB2,2.78,19.72,0.22,19.5,2018-04-11 09:13:55
154,PORVB2,2.78,19.62,0.12,19.5,2018-04-11 09:14:12
155,PORVB2,2.78,19.78,0.28,19.5,2018-04-11 09:14:25
156,PORVB2,2.78,19.6,0.1,19.5,2018-04-11 09:14:46
157,PORVB2,2.78,19.48,-0.02,19.5,2018-04-11 09:15:03
158,PORVB2,2.78,19.7,0.2,19.5,2018-04-11 09:15:14
159,PORVB2,2.78,19.72,0.22,19.5,2018-04-11 09:15:41
160,PORVB2,2.78,19.78,0.28,19.5,2018-04-11 09:15:57
161,PORVB2,2.78,19.7,0.2,19.5,2018-04-11 09:16:09
162,PORVB2,2.78,19.66,0.16,19.5,2018-04-11 09:16:30
163,PORVB2,2.78,19.9,0.4,19.5,2018-04-11 09:16:41
164,PORVB2,2.78,19.52,0.02,19.5,2018-04-11 09:17:03
165,PORVB2,2.78,19.58,0.08,19.5,2018-04-11 09:17:15
166,PORVB2,2.78,19.58,0.08,19.5,2018-04-11 09:17:25
167,PORVB2,2.78,19.72,0.22,19.5,2018-04-11 09:17:30
168,PORVB2,2.78,19.6,0.1,19.5,2018-04-11 09:17:39
169,PORVB2,2.78,19.56,0.06,19.5,2018-04-11 09:17:49
170,PORVB2,2.78,19.58,0.08,19.5,2018-04-11 09:17:59
171,PORVB2,2.78,19.62,0.12,19.5,2018-04-11 09:18:10
172,PORVB2,2.78,19.7,0.2,19.5,2018-04-11 09:18:36
173,PORVB2,2.78,19.68,0.18,19.5,2018-04-11 09:18:44
174,PORVB2,2.78,19.56,0.06,19.5,2018-04-11 09:19:03
175,PORVB2,2.78,19.62,0.12,19.5,2018-04-11 09:19:19
176,PORVB2,2.78,19.66,0.16,19.5,2018-04-11 09:19:28
177,PORVB2,2.78,19.66,0.16,19.5,2018-04-11 09:19:41
178,PORVB2,2.78,19.74,0.24,19.5,2018-04-11 09:20:03
179,PORVB2,2.78,19.68,0.18,19.5,2018-04-11 09:20:15
180,PORVB2,2.78,19.64,0.14,19.5,2018-04-11 09:20:25
181,PORVB2,2.78,19.76,0.26,19.5,2018-04-11 09:20:37
182,PORVB2,2.78,19.66,0.16,19.5,2018-04-11 09:20:47
183,PORVB2,2.78,19.66,0.16,19.5,2018-04-11 09:21:04
184,PORVB2,2.78,19.56,0.06,19.5,2018-04-11 09:21:11
185,PORVB2,2.78,19.58,0.08,19.5,2018-04-11 09:21:23
186,PORVB2,2.78,19.64,0.14,19.5,2018-04-11 09:21:36
187,PORVB2,2.78,19.58,0.08,19.5,2018-04-11 09:21:48
188,PORVB2,2.78,19.68,0.18,19.5,2018-04-11 09:22:01
189,PORVB2,2.78,19.58,0.08,19.5,2018-04-11 09:22:09
190,PORVB2,2.78,19.5,0,19.5,2018-04-11 09:22:35
191,PORVB2,2.78,19.7,0.2,19.5,2018-04-11 09:22:53
192,PORVB2,2.78,19.6,0.1,19.5,2018-04-11 09:23:01
193,PORVB2,2.78,19.5,0,19.5,2018-04-11 09:23:21
194,PORVB2,2.78,19.7,0.2,19.5,2018-04-11 09:23:42
195,PORVB2,2.78,19.58,0.08,19.5,2018-04-11 09:23:57
196,PORVB2,2.78,19.7,0.2,19.5,2018-04-11 09:24:11
197,PORVB2,2.78,19.68,0.18,19.5,2018-04-11 09:24:23
198,PORVB2,2.78,19.78,0.28,19.5,2018-04-11 09:24:41
199,PORVB2,2.78,19.66,0.16,19.5,2018-04-11 09:24:52
200,PORVB2,2.78,19.56,0.06,19.5,2018-04-11 09:25:01
201,PORVB2,2.78,19.5,0,19.5,2018-04-11 09:25:24
202,PORVB2,2.78,19.68,0.18,19.5,2018-04-11 09:25:32
203,PORVB2,2.78,19.64,0.14,19.5,2018-04-11 09:25:41
204,PORVB2,2.78,19.54,0.04,19.5,2018-04-11 09:25:57
205,PORVB2,2.78,19.62,0.12,19.5,2018-04-11 09:26:10
206,PORVB2,2.78,19.58,0.08,19.5,2018-04-11 09:26:23
207,PORVB2,2.78,19.74,0.24,19.5,2018-04-11 09:26:42
208,PORVB2,2.78,19.56,0.06,19.5,2018-04-11 09:26:53
209,PORVB2,2.78,19.54,0.04,19.5,2018-04-11 09:27:04
210,PORVB2,2.78,19.72,0.22,19.5,2018-04-11 09:27:18
211,PORVB2,2.78,19.6,0.1,19.5,2018-04-11 09:27:37
212,PORVB2,2.78,19.74,0.24,19.5,2018-04-11 09:27:56
213,PORVB2,2.78,19.64,0.14,19.5,2018-04-11 09:28:06
214,PORVB2,2.78,19.52,0.02,19.5,2018-04-11 09:28:32
215,PORVB2,2.78,19.74,0.24,19.5,2018-04-11 09:28:55
216,PORVB2,2.78,19.76,0.26,19.5,2018-04-11 09:29:14
217,PORVB2,2.78,19.74,0.24,19.5,2018-04-11 09:29:33
218,PORVB2,2.78,19.52,0.02,19.5,2018-04-11 09:29:47
219,PORVB2,2.78,19.58,0.08,19.5,2018-04-11 09:29:52
220,PORVB2,2.78,19.5,0,19.5,2018-04-11 09:30:04
221,PORVB2,2.78,19.62,0.12,19.5,2018-04-11 09:30:27
222,PORVB2,2.78,19.48,-0.02,19.5,2018-04-11 09:30:42
223,PORVB2,2.78,19.56,0.06,19.5,2018-04-11 09:30:53
224,PORVB2,2.78,19.56,0.06,19.5,2018-04-11 09:31:16
225,PORVB2,2.78,19.74,0.24,19.5,2018-04-11 09:31:25
226,PORVB2,2.78,19.64,0.14,19.5,2018-04-11 09:31:48
227,PORVB2,2.78,19.6,0.1,19.5,2018-04-11 09:32:17
228,PORVB2,2.78,20.3,0.8,19.5,2018-04-11 09:32:40
229,PORVB2,2.78,19.4,0.3,19.1,2018-04-11 09:33:25
230,PORVB2,2.78,19.06,-0.04,19.1,2018-04-11 09:33:39
231,PORVB2,2.78,19.36,0.26,19.1,2018-04-11 09:33:55
232,PORVB2,2.78,19.08,-0.02,19.1,2018-04-11 09:34:12
233,PORVB2,2.78,19.16,0.06,19.1,2018-04-11 09:34:22
234,PORVB2,2.78,19.1,0,19.1,2018-04-11 09:34:48
235,PORVB2,2.78,19.4,0.3,19.1,2018-04-11 09:35:11
236,PORVB2,2.78,19.12,0.02,19.1,2018-04-11 09:35:34
237,PORVB2,2.78,19.24,0.14,19.1,2018-04-11 09:35:58
238,PORVB2,2.78,19.2,0.1,19.1,2018-04-11 09:36:09
239,PORVB2,2.78,19.34,0.24,19.1,2018-04-11 09:36:34
240,PORVB2,2.78,19.1,0,19.1,2018-04-11 09:36:57
241,PORVB2,2.78,19.26,0.16,19.1,2018-04-11 09:37:15
242,PORVB2,2.78,19.2,0.1,19.1,2018-04-11 09:37:30
243,PORVB2,2.78,19.24,0.14,19.1,2018-04-11 09:37:46
244,PORVB2,2.78,19.36,0.26,19.1,2018-04-11 09:38:10
245,PORVB2,2.78,19.7,0.6,19.1,2018-04-11 09:38:17
246,PORVB2,2.78,19.52,0.42,19.1,2018-04-11 09:38:27
247,PORVB2,2.78,19.44,0.34,19.1,2018-04-11 09:38:50
248,PORVB2,2.78,19.48,0.38,19.1,2018-04-11 09:39:20
249,PORVB2,2.78,19.2,0.1,19.1,2018-04-11 09:39:31
250,PORVB2,2.78,19.12,0.02,19.1,2018-04-11 09:40:03
251,PORVB2,2.78,19.72,0.62,19.1,2018-04-11 09:40:18
252,PORVB2,2.78,19.52,0.42,19.1,2018-04-11 09:40:27
253,PORVB2,2.78,19.74,0.24,19.5,2018-04-11 09:42:40
254,PORVB2,2.78,19.66,0.16,19.5,2018-04-11 09:42:51
255,PORVB2,2.78,19.84,0.34,19.5,2018-04-11 09:43:01
256,PORVB2,2.78,19.56,0.06,19.5,2018-04-11 09:43:29
257,PORVB2,2.78,19.6,0.1,19.5,2018-04-11 09:43:44
258,PORVB2,2.78,19.74,0.24,19.5,2018-04-11 09:44:04
259,PORVB2,2.78,19.5,0,19.5,2018-04-11 09:44:48
260,PORVB2,2.78,19.68,0.18,19.5,2018-04-11 09:45:00
261,PORVB2,2.78,19.6,0.1,19.5,2018-04-11 09:45:18
262,PORVB2,2.78,19.5,0,19.5,2018-04-11 09:45:31
263,PORVB2,2.78,19.52,0.02,19.5,2018-04-11 09:45:45
264,PORVB2,2.78,19.62,0.12,19.5,2018-04-11 09:45:56
265,PORVB2,2.78,19.7,0.2,19.5,2018-04-11 09:46:09
266,PORVB2,2.78,19.5,0,19.5,2018-04-11 09:46:25
267,PORVB2,2.78,19.66,0.16,19.5,2018-04-11 09:46:37
268,PORVB2,2.78,19.68,0.18,19.5,2018-04-11 09:46:56
269,PORVB2,2.78,19.74,0.24,19.5,2018-04-11 09:47:15
270,PORVB2,2.78,19.68,0.18,19.5,2018-04-11 09:47:32
271,PORVB2,2.78,19.56,0.06,19.5,2018-04-11 09:48:04
272,PORVB2,2.78,19.72,0.22,19.5,2018-04-11 09:48:28
273,PORVB2,2.78,19.68,0.18,19.5,2018-04-11 09:48:54
274,PORVB2,2.78,19.74,0.24,19.5,2018-04-11 09:49:04
275,PORVB2,2.78,19.78,0.28,19.5,2018-04-11 09:49:13
276,PORVB2,2.78,19.66,0.16,19.5,2018-04-11 09:49:23
277,PORVB2,2.78,19.72,0.22,19.5,2018-04-11 09:49:36
278,PORVB2,2.78,19.82,0.32,19.5,2018-04-11 09:49:52
279,PORVB2,2.78,19.5,0,19.5,2018-04-11 09:50:03
280,PORVB2,2.78,19.74,0.24,19.5,2018-04-11 09:50:13
281,PORVB2,2.78,19.78,0.28,19.5,2018-04-11 09:50:23
282,PORVB2,2.78,19.56,0.06,19.5,2018-04-11 09:50:35
283,PORVB2,2.78,19.62,0.12,19.5,2018-04-11 09:50:59
284,PORVB2,2.78,19.5,0,19.5,2018-04-11 09:51:07
285,PORVB2,2.78,19.48,-0.02,19.5,2018-04-11 09:51:28
286,PORVB2,2.78,19.78,0.28,19.5,2018-04-11 09:51:39
287,PORVB2,2.78,19.52,0.02,19.5,2018-04-11 09:52:02
288,PORVB2,2.78,19.58,0.08,19.5,2018-04-11 09:52:15
289,PORVB2,2.78,19.54,0.04,19.5,2018-04-11 09:52:22
290,PORVB2,2.78,19.5,0,19.5,2018-04-11 09:52:31
291,PORVB2,2.78,19.52,0.02,19.5,2018-04-11 09:52:48
292,PORVB2,2.78,19.7,0.2,19.5,2018-04-11 09:53:00
293,PORVB2,2.78,19.5,0,19.5,2018-04-11 09:53:13
294,PORVB2,2.78,19.54,0.04,19.5,2018-04-11 09:53:34
295,PORVB2,2.78,19.58,0.08,19.5,2018-04-11 09:53:50
296,PORVB2,2.78,19.58,0.08,19.5,2018-04-11 09:54:14
297,PORVB2,2.78,19.7,0.2,19.5,2018-04-11 10:14:37
298,PORVB2,2.78,19.62,0.12,19.5,2018-04-11 10:15:03
299,PORVB2,2.78,19.68,0.18,19.5,2018-04-11 10:15:13
300,PORVB2,2.78,19.78,0.28,19.5,2018-04-11 10:15:31
301,PORVB2,2.78,19.74,0.24,19.5,2018-04-11 10:15:45
302,PORVB2,2.78,19.68,0.18,19.5,2018-04-11 10:15:56
303,PORVB2,2.78,19.62,0.12,19.5,2018-04-11 10:16:14
304,PORVB2,2.78,19.58,0.08,19.5,2018-04-11 10:16:44
305,PORVB2,2.78,19.66,0.16,19.5,2018-04-11 10:17:04
306,PORVB2,2.78,19.44,-0.06,19.5,2018-04-11 10:17:23
307,PORVB2,2.78,19.58,0.08,19.5,2018-04-11 10:17:33
308,PORVB2,2.78,19.66,0.16,19.5,2018-04-11 10:17:43
309,PORVB2,2.78,19.7,0.2,19.5,2018-04-11 10:18:13
310,PORVB2,2.78,19.56,0.06,19.5,2018-04-11 10:18:23
311,PORVB2,2.78,19.6,0.1,19.5,2018-04-11 10:18:35
312,PORVB2,2.78,19.54,0.04,19.5,2018-04-11 10:18:50
313,PORVB2,2.78,19.66,0.16,19.5,2018-04-11 10:19:25
314,PORVB2,2.78,19.56,0.06,19.5,2018-04-11 10:19:38
315,PORVB2,2.78,19.66,0.16,19.5,2018-04-11 10:20:00
316,PORVB2,2.78,19.88,0.38,19.5,2018-04-11 10:20:14
317,PORVB2,2.78,19.86,0.36,19.5,2018-04-11 10:20:37
318,PORVB2,2.78,19.7,0.2,19.5,2018-04-11 10:20:55
319,PORVB2,2.78,19.62,0.12,19.5,2018-04-11 10:21:27
320,PORVB2,2.78,19.84,0.34,19.5,2018-04-11 10:21:40
321,PORVB2,2.78,19.66,0.16,19.5,2018-04-11 10:21:54
322,PORVB2,2.78,19.6,0.1,19.5,2018-04-11 10:22:20
323,PORVB2,2.78,19.7,0.2,19.5,2018-04-11 10:22:35
324,PORVB2,2.78,19.7,0.2,19.5,2018-04-11 10:22:48
325,PORVB2,2.78,19.76,0.26,19.5,2018-04-11 10:23:03
326,PORVB2,2.78,19.52,0.02,19.5,2018-04-11 10:23:12
327,PORVB2,2.78,19.62,0.12,19.5,2018-04-11 10:23:36
328,PORVB2,2.78,19.72,0.22,19.5,2018-04-11 10:23:45
329,PORVB2,2.78,19.68,0.18,19.5,2018-04-11 10:23:57
330,PORVB2,2.78,19.58,0.08,19.5,2018-04-11 10:24:12
331,PORVB2,2.78,19.58,0.08,19.5,2018-04-11 10:24:28
332,PORVB2,2.78,19.7,0.2,19.5,2018-04-11 10:24:51
333,PORVB2,2.78,19.72,0.22,19.5,2018-04-11 10:25:01
334,PORVB2,2.78,19.74,0.24,19.5,2018-04-11 10:25:27
335,PORVB2,2.78,19.7,0.2,19.5,2018-04-11 10:25:43
336,PORVB2,2.78,19.68,0.18,19.5,2018-04-11 10:25:53
337,PORVB2,2.78,19.6,0.1,19.5,2018-04-11 10:26:03
338,PORVB2,2.78,19.68,0.18,19.5,2018-04-11 10:26:10
339,PORVB2,2.78,19.9,0.4,19.5,2018-04-11 10:26:24
340,PORVB2,2.78,19.68,0.18,19.5,2018-04-11 10:26:39
341,PORVB2,2.78,19.52,0.02,19.5,2018-04-11 10:26:51
342,PORVB2,2.78,19.6,0.1,19.5,2018-04-11 10:27:10
343,PORVB2,2.78,19.64,0.14,19.5,2018-04-11 10:27:22
344,PORVB2,2.78,19.72,0.22,19.5,2018-04-11 10:27:34
345,PORVB2,2.78,19.66,0.16,19.5,2018-04-11 10:27:58
346,PORVB2,2.78,19.74,0.24,19.5,2018-04-11 10:28:04
347,PORVB2,2.78,19.6,0.1,19.5,2018-04-11 10:28:19
348,PORVB2,2.78,19.64,0.14,19.5,2018-04-11 10:28:38
349,PORVB2,2.78,19.56,0.06,19.5,2018-04-11 10:28:51
350,PORVB2,2.78,19.52,0.02,19.5,2018-04-11 10:29:45
351,PORVB2,2.78,19.66,0.16,19.5,2018-04-11 10:29:59
352,PORVB2,2.78,19.78,0.28,19.5,2018-04-11 10:30:22
353,PORVB2,2.78,19.6,0.1,19.5,2018-04-11 10:30:29
354,PORVB2,2.78,19.58,0.08,19.5,2018-04-11 10:30:36
355,PORVB2,2.78,19.58,0.08,19.5,2018-04-11 10:30:51
356,PORVB2,2.78,19.54,0.04,19.5,2018-04-11 10:31:00
357,PORVB2,2.78,19.68,0.18,19.5,2018-04-11 10:31:23
358,PORVB2,2.78,19.52,0.02,19.5,2018-04-11 10:31:49
359,PORVB2,2.78,19.66,0.16,19.5,2018-04-11 10:32:00
360,PORVB2,2.78,19.52,0.02,19.5,2018-04-11 10:32:18
361,PORVB2,2.78,19.66,0.16,19.5,2018-04-11 10:32:27
362,PORVB2,2.78,19.64,0.14,19.5,2018-04-11 10:32:36
363,PORVB2,2.78,19.66,0.16,19.5,2018-04-11 10:32:49
364,PORVB2,2.78,19.58,0.08,19.5,2018-04-11 10:33:02
365,PORVB2,2.78,19.66,0.16,19.5,2018-04-11 10:33:12
366,PORVB2,2.78,19.56,0.06,19.5,2018-04-11 10:33:24
367,PORVB2,2.78,19.58,0.08,19.5,2018-04-11 10:33:32
368,PORVB2,2.78,19.54,0.04,19.5,2018-04-11 10:33:42
369,PORVB2,2.78,19.58,0.08,19.5,2018-04-11 10:33:58
370,PORVB2,2.78,19.54,0.04,19.5,2018-04-11 10:34:17
371,PORVB2,2.78,19.58,0.08,19.5,2018-04-11 10:34:36
372,PORVB2,2.78,19.54,0.04,19.5,2018-04-11 10:34:50
373,PORVB2,2.78,19.52,0.02,19.5,2018-04-11 10:35:09
374,PORVB2,2.78,19.62,0.12,19.5,2018-04-11 10:35:26
375,PORVB2,2.78,19.64,0.14,19.5,2018-04-11 10:35:38
376,PORVB2,2.78,19.56,0.06,19.5,2018-04-11 10:36:09
377,PORVB2,2.78,19.5,0,19.5,2018-04-11 10:36:22
378,PORVB2,2.78,19.52,0.02,19.5,2018-04-11 10:36:43
379,PORVB2,2.78,19.64,0.14,19.5,2018-04-11 10:36:53
380,PORVB2,2.78,19.54,0.04,19.5,2018-04-11 10:37:04
381,PORVB2,2.78,19.64,0.14,19.5,2018-04-11 10:37:14
382,PORVB2,2.78,19.52,0.02,19.5,2018-04-11 10:37:37
383,PORVB2,2.78,19.56,0.06,19.5,2018-04-11 10:37:50
384,PORVB2,2.78,19.6,0.1,19.5,2018-04-11 10:38:00
385,PORVB2,2.78,19.52,0.02,19.5,2018-04-11 10:38:14
386,PORVB2,2.78,19.64,0.14,19.5,2018-04-11 10:38:34
387,PORVB2,2.78,19.6,0.1,19.5,2018-04-11 10:38:46
388,PORVB2,2.78,19.56,0.06,19.5,2018-04-11 10:39:01
389,PORVB2,2.78,19.5,0,19.5,2018-04-11 10:39:10
390,PORVB2,2.78,19.62,0.12,19.5,2018-04-11 10:39:23
391,PORVB2,2.78,19.6,0.1,19.5,2018-04-11 10:39:30
392,PORVB2,2.78,19.58,0.08,19.5,2018-04-11 10:39:40
393,PORVB2,2.78,19.66,0.16,19.5,2018-04-11 10:39:48
394,PORVB2,2.78,19.58,0.08,19.5,2018-04-11 10:40:02
395,PORVB2,2.78,19.58,0.08,19.5,2018-04-11 10:40:12
396,PORVB2,2.78,19.6,0.1,19.5,2018-04-11 10:40:22
397,PORVB2,2.78,19.6,0.1,19.5,2018-04-11 10:40:36
398,PORVB2,2.78,19.52,0.02,19.5,2018-04-11 10:41:00
399,PORVB2,2.78,19.6,0.1,19.5,2018-04-11 10:41:14
400,PORVB2,2.78,19.52,0.02,19.5,2018-04-11 10:41:28
401,PORVB2,2.78,19.66,0.16,19.5,2018-04-11 10:41:44
402,PORVB2,2.78,19.6,0.1,19.5,2018-04-11 10:42:05
403,PORVB2,2.78,19.5,0,19.5,2018-04-11 10:42:17
404,PORVB2,2.78,19.68,0.18,19.5,2018-04-11 10:42:40
405,PORVB2,2.78,19.58,0.08,19.5,2018-04-11 10:42:53
406,PORVB2,2.78,19.52,0.02,19.5,2018-04-11 10:43:03
407,PORVB2,2.78,19.68,0.18,19.5,2018-04-11 10:43:22
408,PORVB2,2.78,19.54,0.04,19.5,2018-04-11 10:43:37
409,PORVB2,2.78,19.54,0.04,19.5,2018-04-11 10:43:54
410,PORVB2,2.78,19.64,0.14,19.5,2018-04-11 10:44:12
411,PORVB2,2.78,19.52,0.02,19.5,2018-04-11 10:44:26
412,PORVB2,2.78,19.66,0.16,19.5,2018-04-11 10:44:37
413,PORVB2,2.78,19.54,0.04,19.5,2018-04-11 10:44:46
414,PORVB2,2.78,19.64,0.14,19.5,2018-04-11 10:44:57
415,PORVB2,2.78,19.68,0.18,19.5,2018-04-11 10:45:16
416,PORVB2,2.78,19.5,0,19.5,2018-04-11 10:45:38
417,PORVB2,2.78,19.52,0.02,19.5,2018-04-11 10:46:05
418,PORVB2,2.78,19.48,-0.02,19.5,2018-04-11 10:46:22
419,PORVB2,2.78,19.76,0.26,19.5,2018-04-11 10:46:37
420,PORVB2,2.78,19.54,0.04,19.5,2018-04-11 10:46:49
421,PORVB2,2.78,19.6,0.1,19.5,2018-04-11 10:47:17
422,PORVB2,2.78,19.58,0.08,19.5,2018-04-11 10:47:32
423,PORVB2,2.78,19.6,0.1,19.5,2018-04-11 10:47:46
424,PORVB2,2.78,19.6,0.1,19.5,2018-04-11 10:47:54
425,PORVB2,2.78,19.48,-0.02,19.5,2018-04-11 10:48:17
426,PORVB2,2.78,19.62,0.12,19.5,2018-04-11 10:48:25
427,PORVB2,2.78,19.7,0.2,19.5,2018-04-11 10:48:37
428,PORVB2,2.78,19.56,0.06,19.5,2018-04-11 10:48:49
429,PORVB2,2.78,19.6,0.1,19.5,2018-04-11 10:49:09
430,PORVB2,2.78,19.52,0.02,19.5,2018-04-11 10:49:18
431,PORVB2,2.78,19.64,0.14,19.5,2018-04-11 10:49:30
432,PORVB2,2.78,19.6,0.1,19.5,2018-04-11 10:49:44
433,PORVB2,2.78,19.62,0.12,19.5,2018-04-11 10:49:57
434,PORVB2,2.78,19.6,0.1,19.5,2018-04-11 10:50:04
435,PORVB2,2.78,19.54,0.04,19.5,2018-04-11 10:50:13
436,PORVB2,2.78,19.58,0.08,19.5,2018-04-11 10:50:26
437,PORVB2,2.78,19.56,0.06,19.5,2018-04-11 10:50:40
438,PORVB2,2.78,19.64,0.14,19.5,2018-04-11 10:51:11
439,PORVB2,2.78,19.68,0.18,19.5,2018-04-11 10:51:26
440,PORVB2,2.78,19.6,0.1,19.5,2018-04-11 10:51:35
441,PORVB2,2.78,19.56,0.06,19.5,2018-04-11 10:51:45
442,PORVB2,2.78,19.6,0.1,19.5,2018-04-11 10:52:14
443,PORVB2,2.78,19.2,0.1,19.1,2018-04-11 10:54:43
444,PORVB2,2.78,19.14,0.04,19.1,2018-04-11 10:54:54
445,PORVB2,2.78,19.1,0,19.1,2018-04-11 10:55:25
446,PORVB2,2.78,19.2,0.1,19.1,2018-04-11 10:55:39
447,PORVB2,2.78,19.26,0.16,19.1,2018-04-11 10:56:02
448,PORVB2,2.78,19.4,0.3,19.1,2018-04-11 10:56:19
449,PORVB2,2.78,19.52,0.42,19.1,2018-04-11 10:56:53
450,PORVB2,2.78,19.18,0.08,19.1,2018-04-11 10:57:13
451,PORVB2,2.78,19.2,0.1,19.1,2018-04-11 10:57:30
452,PORVB2,2.78,19.12,0.02,19.1,2018-04-11 10:57:38
453,PORVB2,2.78,19.32,0.22,19.1,2018-04-11 10:58:00
454,PORVB2,2.78,19.22,0.12,19.1,2018-04-11 10:58:09
455,PORVB2,2.78,19.32,0.22,19.1,2018-04-11 10:58:55
456,PORVB2,2.78,19.14,0.04,19.1,2018-04-11 10:59:05
457,PORVB2,2.78,19.52,0.42,19.1,2018-04-11 10:59:12
458,PORVB2,2.78,19.36,0.26,19.1,2018-04-11 11:00:42
459,PORVB2,2.78,19.62,0.12,19.5,2018-04-11 11:04:06
460,PORVB2,2.78,19.62,0.12,19.5,2018-04-11 11:04:19
461,PORVB2,2.78,19.56,0.06,19.5,2018-04-11 11:05:19
462,PORVB2,2.78,19.52,0.02,19.5,2018-04-11 11:05:28
463,PORVB2,2.78,19.6,0.1,19.5,2018-04-11 11:05:44
464,PORVB2,2.78,19.68,0.18,19.5,2018-04-11 11:05:58
465,PORVB2,2.78,19.6,0.1,19.5,2018-04-11 11:06:19
466,PORVB2,2.78,19.6,0.1,19.5,2018-04-11 11:06:25
467,PORVB2,2.78,19.58,0.08,19.5,2018-04-11 11:06:56
468,PORVB2,2.78,19.6,0.1,19.5,2018-04-11 11:07:07
469,PORVB2,2.78,19.62,0.12,19.5,2018-04-11 11:07:25
470,PORVB2,2.78,19.62,0.12,19.5,2018-04-11 11:07:33
471,PORVB2,2.78,19.6,0.1,19.5,2018-04-11 11:07:46
472,PORVB2,2.78,19.74,0.24,19.5,2018-04-11 11:07:58
473,PORVB2,2.78,19.78,0.28,19.5,2018-04-11 11:08:15
474,PORVB2,2.78,19.56,0.06,19.5,2018-04-11 11:08:34
475,PORVB2,2.78,19.66,0.16,19.5,2018-04-11 11:08:49
476,PORVB2,2.78,19.64,0.14,19.5,2018-04-11 11:09:04
477,PORVB2,2.78,19.62,0.12,19.5,2018-04-11 11:09:23
478,PORVB2,2.78,19.82,0.32,19.5,2018-04-11 11:09:33
479,PORVB2,2.78,19.56,0.06,19.5,2018-04-11 11:09:39
480,PORVB2,2.78,19.68,0.18,19.5,2018-04-11 11:09:58
481,PORVB2,2.78,19.58,0.08,19.5,2018-04-11 11:10:11
482,PORVB2,2.78,19.74,0.24,19.5,2018-04-11 11:10:22
483,PORVB2,2.78,19.52,0.02,19.5,2018-04-11 11:10:37
484,PORVB2,2.78,19.6,0.1,19.5,2018-04-11 11:10:49
485,PORVB2,2.78,19.56,0.06,19.5,2018-04-11 11:10:59
486,PORVB2,2.78,19.72,0.22,19.5,2018-04-11 11:11:32
487,PORVB2,2.78,19.64,0.14,19.5,2018-04-11 11:11:51
488,PORVB2,2.78,19.54,0.04,19.5,2018-04-11 11:12:04
489,PORVB2,2.78,19.52,0.02,19.5,2018-04-11 11:12:14
490,PORVB2,2.78,19.68,0.18,19.5,2018-04-11 11:12:33
491,PORVB2,2.78,19.62,0.12,19.5,2018-04-11 11:12:46
492,PORVB2,2.78,19.58,0.08,19.5,2018-04-11 11:13:09
493,PORVB2,2.78,19.6,0.1,19.5,2018-04-11 11:13:29
494,PORVB2,2.78,19.76,0.26,19.5,2018-04-11 11:13:38
495,PORVB2,2.78,19.58,0.08,19.5,2018-04-11 11:14:02
496,PORVB2,2.78,19.74,0.24,19.5,2018-04-11 11:14:11
497,PORVB2,2.78,19.66,0.16,19.5,2018-04-11 11:14:19
498,PORVB2,2.78,19.64,0.14,19.5,2018-04-11 11:14:36
499,PORVB2,2.78,19.52,0.02,19.5,2018-04-11 11:14:54
500,PORVB2,2.78,19.66,0.16,19.5,2018-04-11 11:15:20
501,PORVB2,2.78,19.58,0.08,19.5,2018-04-11 11:15:36
502,PORVB2,2.78,19.72,0.22,19.5,2018-04-11 11:15:51
503,PORVB2,2.78,19.6,0.1,19.5,2018-04-11 11:16:09
504,PORVB2,2.78,19.6,0.1,19.5,2018-04-11 11:16:30
505,PORVB2,2.78,19.56,0.06,19.5,2018-04-11 11:16:41
506,PORVB2,2.78,19.76,0.26,19.5,2018-04-11 11:16:58
507,PORVB2,2.78,19.54,0.04,19.5,2018-04-11 11:17:20
508,PORVB2,2.78,19.56,0.06,19.5,2018-04-11 11:17:30
509,PORVB2,2.78,19.68,0.18,19.5,2018-04-11 11:17:45
510,PORVB2,2.78,19.68,0.18,19.5,2018-04-11 11:17:58
511,PORVB2,2.78,19.84,0.34,19.5,2018-04-11 11:18:15
512,PORVB2,2.78,19.52,0.02,19.5,2018-04-11 11:18:27
513,PORVB2,2.78,19.56,0.06,19.5,2018-04-11 11:18:53
514,PORVB2,2.78,19.7,0.2,19.5,2018-04-11 11:19:09
515,PORVB2,2.78,19.76,0.26,19.5,2018-04-11 11:19:17
516,PORVB2,2.78,19.72,0.22,19.5,2018-04-11 11:19:32
517,PORVB2,2.78,19.52,0.02,19.5,2018-04-11 11:19:42
518,PORVB2,2.78,19.66,0.16,19.5,2018-04-11 11:20:18
519,PORVB2,2.78,19.6,0.1,19.5,2018-04-11 11:20:43
520,PORVB2,2.78,19.52,0.02,19.5,2018-04-11 11:20:58
521,PORVB2,2.78,19.5,0,19.5,2018-04-11 11:21:09
522,PORVB2,2.78,19.74,0.24,19.5,2018-04-11 11:21:22
523,PORVB2,2.78,19.74,0.24,19.5,2018-04-11 11:21:34
524,PORVB2,2.78,19.6,0.1,19.5,2018-04-11 11:21:55
525,PORVB2,2.78,19.62,0.12,19.5,2018-04-11 11:22:09
526,PORVB2,2.78,19.54,0.04,19.5,2018-04-11 11:22:31
527,PORVB2,2.78,19.56,0.06,19.5,2018-04-11 11:22:57
528,PORVB2,2.78,19.56,0.06,19.5,2018-04-11 11:23:04
529,PORVB2,2.78,19.54,0.04,19.5,2018-04-11 11:36:23
530,PORVB2,2.78,19.7,0.2,19.5,2018-04-11 11:36:37
531,PORVB2,2.78,19.76,0.26,19.5,2018-04-11 11:36:56
532,PORVB2,2.78,19.56,0.06,19.5,2018-04-11 11:37:11
533,PORVB2,2.78,19.6,0.1,19.5,2018-04-11 11:37:28
534,PORVB2,2.78,19.62,0.12,19.5,2018-04-11 11:37:38
535,PORVB2,2.78,19.68,0.18,19.5,2018-04-11 11:37:50
536,PORVB2,2.78,19.52,0.02,19.5,2018-04-11 11:38:02
537,PORVB2,2.78,19.64,0.14,19.5,2018-04-11 11:38:15
538,PORVB2,2.78,19.54,0.04,19.5,2018-04-11 11:38:30
539,PORVB2,2.78,19.52,0.02,19.5,2018-04-11 11:38:50
540,PORVB2,2.78,19.52,0.02,19.5,2018-04-11 11:39:14
541,PORVB2,2.78,19.82,0.32,19.5,2018-04-11 11:39:27
542,PORVB2,2.78,19.82,0.32,19.5,2018-04-11 11:39:44
543,PORVB2,2.78,19.66,0.16,19.5,2018-04-11 11:39:56
544,PORVB2,2.78,19.48,-0.02,19.5,2018-04-11 11:40:20
545,PORVB2,2.78,19.52,0.02,19.5,2018-04-11 11:40:31
546,PORVB2,2.78,19.86,0.36,19.5,2018-04-11 11:40:40
547,PORVB2,2.78,19.58,0.08,19.5,2018-04-11 11:40:50
548,PORVB2,2.78,19.68,0.18,19.5,2018-04-11 11:41:18
549,PORVB2,2.78,19.86,0.36,19.5,2018-04-11 11:41:36
550,PORVB2,2.78,19.84,0.34,19.5,2018-04-11 11:41:49
551,PORVB2,2.78,19.5,0,19.5,2018-04-11 11:42:00
552,PORVB2,2.78,19.56,0.06,19.5,2018-04-11 11:42:11
553,PORVB2,2.78,19.58,0.08,19.5,2018-04-11 11:42:23
554,PORVB2,2.78,19.74,0.24,19.5,2018-04-11 11:42:43
555,PORVB2,2.78,19.78,0.28,19.5,2018-04-11 11:43:01
556,PORVB2,2.78,19.64,0.14,19.5,2018-04-11 11:43:15
557,PORVB2,2.78,19.74,0.24,19.5,2018-04-11 11:43:34
558,PORVB2,2.78,19.58,0.08,19.5,2018-04-11 11:43:44
559,PORVB2,2.78,19.7,0.2,19.5,2018-04-11 11:44:00
560,PORVB2,2.78,19.56,0.06,19.5,2018-04-11 11:44:13
561,PORVB2,2.78,19.62,0.12,19.5,2018-04-11 11:44:25
562,PORVB2,2.78,19.64,0.14,19.5,2018-04-11 11:44:37
563,PORVB2,2.78,19.82,0.32,19.5,2018-04-11 11:44:58
564,PORVB2,2.78,19.64,0.14,19.5,2018-04-11 11:45:21
565,PORVB2,2.78,19.5,0,19.5,2018-04-11 11:45:51
566,PORVB2,2.78,19.76,0.26,19.5,2018-04-11 11:46:11
567,PORVB2,2.78,19.5,0,19.5,2018-04-11 11:46:22
568,PORVB2,2.78,19.68,0.18,19.5,2018-04-11 11:46:38
569,PORVB2,2.78,19.7,0.2,19.5,2018-04-11 11:46:44
570,PORVB2,2.78,19.66,0.16,19.5,2018-04-11 11:46:59
571,PORVB2,2.78,19.54,0.04,19.5,2018-04-11 11:47:17
572,PORVB2,2.78,19.6,0.1,19.5,2018-04-11 11:47:43
573,PORVB2,2.78,19.66,0.16,19.5,2018-04-11 11:47:59
574,PORVB2,2.78,19.64,0.14,19.5,2018-04-11 11:48:23
575,PORVB2,2.78,19.8,0.3,19.5,2018-04-11 11:48:35
576,PORVB2,2.78,19.84,0.34,19.5,2018-04-11 11:48:42
577,PORVB2,2.78,19.54,0.04,19.5,2018-04-11 11:48:47
578,PORVB2,2.78,19.68,0.18,19.5,2018-04-11 11:49:02
579,PORVB2,2.78,19.68,0.18,19.5,2018-04-11 11:49:18
580,PORVB2,2.78,19.52,0.02,19.5,2018-04-11 11:49:31
581,PORVB2,2.78,19.52,0.02,19.5,2018-04-11 11:49:42
582,PORVB2,2.78,19.78,0.28,19.5,2018-04-11 11:50:00
583,PORVB2,2.78,19.62,0.12,19.5,2018-04-11 11:50:15
584,PORVB2,2.78,19.64,0.14,19.5,2018-04-11 11:50:37
585,PORVB2,2.78,19.64,0.14,19.5,2018-04-11 11:50:57
586,PORVB2,2.78,19.56,0.06,19.5,2018-04-11 11:51:08
587,PORVB2,2.78,19.52,0.02,19.5,2018-04-11 11:51:38
588,PORVB2,2.78,19.56,0.06,19.5,2018-04-11 11:51:54
589,PORVB2,2.78,19.58,0.08,19.5,2018-04-11 11:52:12
590,PORVB2,2.78,19.52,0.02,19.5,2018-04-11 11:52:25
591,PORVB2,2.78,19.62,0.12,19.5,2018-04-11 13:04:02
592,PORVB2,2.78,19.64,0.14,19.5,2018-04-11 13:04:18
593,PORVB2,2.78,19.68,0.18,19.5,2018-04-11 13:05:00
594,PORVB2,2.78,19.92,0.42,19.5,2018-04-11 13:05:43
595,PORVB2,2.78,19.5,0,19.5,2018-04-11 13:05:56
596,PORVB2,2.78,19.6,0.1,19.5,2018-04-11 13:06:09
597,PORVB2,2.78,19.5,0,19.5,2018-04-11 13:06:24
598,PORVB2,2.78,19.58,0.08,19.5,2018-04-11 13:06:39
599,PORVB2,2.78,19.6,0.1,19.5,2018-04-11 13:07:22
600,PORVB2,2.78,19.56,0.06,19.5,2018-04-11 13:07:52
601,PORVB2,2.78,19.48,-0.02,19.5,2018-04-11 13:08:54
602,PORVB2,2.78,19.64,0.14,19.5,2018-04-11 13:09:08
603,PORVB2,2.78,19.66,0.16,19.5,2018-04-11 13:09:25
604,PORVB2,2.78,19.64,0.14,19.5,2018-04-11 13:09:37
605,PORVB2,2.78,19.64,0.14,19.5,2018-04-11 13:09:49
606,PORVB2,2.78,19.72,0.22,19.5,2018-04-11 13:10:03
607,PORVB2,2.78,19.5,0,19.5,2018-04-11 13:10:24
608,PORVB2,2.78,19.8,0.3,19.5,2018-04-11 13:10:42
609,PORVB2,2.78,19.68,0.18,19.5,2018-04-11 13:10:59
610,PORVB2,2.78,19.64,0.14,19.5,2018-04-11 13:11:25
611,PORVB2,2.78,19.64,0.14,19.5,2018-04-11 13:11:31
612,PORVB2,2.78,19.74,0.24,19.5,2018-04-11 13:11:44
613,PORVB2,2.78,19.58,0.08,19.5,2018-04-11 13:11:59
614,PORVB2,2.78,19.6,0.1,19.5,2018-04-11 13:12:36
615,PORVB2,2.78,19.54,0.04,19.5,2018-04-11 13:12:43
616,PORVB2,2.78,19.5,0,19.5,2018-04-11 13:13:04
617,PORVB2,2.78,19.6,0.1,19.5,2018-04-11 13:13:26
618,PORVB2,2.78,19.84,0.34,19.5,2018-04-11 13:13:54
619,PORVB2,2.78,19.56,0.06,19.5,2018-04-11 13:14:05
620,PORVB2,2.78,19.82,0.32,19.5,2018-04-11 13:14:18
621,PORVB2,2.78,19.52,0.02,19.5,2018-04-11 13:14:30
622,PORVB2,2.78,19.6,0.1,19.5,2018-04-11 13:14:51
623,PORVB2,2.78,19.58,0.08,19.5,2018-04-11 13:15:05
624,PORVB2,2.78,19.62,0.12,19.5,2018-04-11 13:15:20
625,PORVB2,2.78,19.74,0.24,19.5,2018-04-11 13:15:33
626,PORVB2,2.78,19.62,0.12,19.5,2018-04-11 13:15:47
627,PORVB2,2.78,19.64,0.14,19.5,2018-04-11 13:16:16
628,PORVB2,2.78,19.72,0.22,19.5,2018-04-11 13:16:33
629,PORVB2,2.78,19.56,0.06,19.5,2018-04-11 13:16:44
630,PORVB2,2.78,19.54,0.04,19.5,2018-04-11 13:16:52
631,PORVB2,2.78,19.66,0.16,19.5,2018-04-11 13:17:09
632,PORVB2,2.78,19.68,0.18,19.5,2018-04-11 13:17:21
633,PORVB2,2.78,19.64,0.14,19.5,2018-04-11 13:18:12
634,PORVB2,2.78,19.58,0.08,19.5,2018-04-11 13:18:27
635,PORVB2,2.78,19.66,0.16,19.5,2018-04-11 13:18:48
636,PORVB2,2.78,19.52,0.02,19.5,2018-04-11 13:18:59
637,PORVB2,2.78,19.72,0.22,19.5,2018-04-11 13:19:21
638,PORVB2,2.78,19.66,0.16,19.5,2018-04-11 13:19:30
639,PORVB2,2.78,19.64,0.14,19.5,2018-04-11 13:19:35
640,PORVB2,2.78,19.68,0.18,19.5,2018-04-11 13:19:43
641,PORVB2,2.78,19.52,0.02,19.5,2018-04-11 13:19:49
642,PORVB2,2.78,19.68,0.18,19.5,2018-04-11 13:20:05
643,PORVB2,2.78,19.88,0.38,19.5,2018-04-11 13:20:24
644,PORVB2,2.78,19.7,0.2,19.5,2018-04-11 13:20:45
645,PORVB2,2.78,19.76,0.26,19.5,2018-04-11 13:20:58
646,PORVB2,2.78,19.64,0.14,19.5,2018-04-11 13:21:11
647,PORVB2,2.78,19.64,0.14,19.5,2018-04-11 13:21:23
648,PORVB2,2.78,19.68,0.18,19.5,2018-04-11 13:21:42
649,PORVB2,2.78,19.5,0,19.5,2018-04-11 13:21:53
650,PORVB2,2.78,19.64,0.14,19.5,2018-04-11 13:22:05
651,PORVB2,2.78,19.72,0.22,19.5,2018-04-11 13:22:21
652,PORVB2,2.78,19.68,0.18,19.5,2018-04-11 13:22:38
653,PORVB2,2.78,19.62,0.12,19.5,2018-04-11 13:22:59
654,PORVB2,2.78,19.5,0,19.5,2018-04-11 13:23:23
655,PORVB2,2.78,19.78,0.28,19.5,2018-04-11 13:23:37
656,PORVB2,2.78,19.52,0.02,19.5,2018-04-11 13:23:54
657,PORVB2,2.78,19.58,0.08,19.5,2018-04-11 13:24:11
658,PORVB2,2.78,19.7,0.2,19.5,2018-04-11 13:24:21
659,PORVB2,2.78,19.56,0.06,19.5,2018-04-11 13:24:47
660,PORVB2,2.78,19.64,0.14,19.5,2018-04-11 13:25:02
661,PORVB2,2.78,19.64,0.14,19.5,2018-04-11 13:25:14
662,PORVB2,2.78,19.68,0.18,19.5,2018-04-11 13:25:35
663,PORVB2,2.78,19.62,0.12,19.5,2018-04-11 13:25:43
664,PORVB2,2.78,19.6,0.1,19.5,2018-04-11 13:26:01
665,PORVB2,2.78,19.76,0.26,19.5,2018-04-11 13:26:16
666,PORVB2,2.78,19.5,0,19.5,2018-04-11 13:26:36
667,PORVB2,2.78,19.66,0.16,19.5,2018-04-11 13:26:45
668,PORVB2,2.78,19.74,0.24,19.5,2018-04-11 13:26:54
669,PORVB2,2.78,19.7,0.2,19.5,2018-04-11 13:27:08
670,PORVB2,2.78,19.8,0.3,19.5,2018-04-11 13:27:45
671,PORVB2,2.78,19.76,0.26,19.5,2018-04-11 13:27:50
672,PORVB2,2.78,19.7,0.2,19.5,2018-04-11 13:28:06
673,PORVB2,2.78,19.66,0.16,19.5,2018-04-11 13:28:15
674,PORVB2,2.78,19.74,0.24,19.5,2018-04-11 13:28:26
675,PORVB2,2.78,19.56,0.06,19.5,2018-04-11 13:28:38
676,PORVB2,2.78,19.54,0.04,19.5,2018-04-11 13:29:14
677,PORVB2,2.78,19.62,0.12,19.5,2018-04-11 13:29:37
678,PORVB2,2.78,19.6,0.1,19.5,2018-04-11 13:29:48
679,PORVB2,2.78,19.62,0.12,19.5,2018-04-11 13:30:14
680,PORVB2,2.78,19.82,0.32,19.5,2018-04-11 13:30:24
681,PORVB2,2.78,19.76,0.26,19.5,2018-04-11 13:30:46
682,PORVB2,2.78,19.54,0.04,19.5,2018-04-11 13:31:04
683,PORVB2,2.78,19.6,0.1,19.5,2018-04-11 13:31:36
684,PORVB2,2.78,19.66,0.16,19.5,2018-04-11 13:31:56
685,PORVB2,2.78,19.54,0.04,19.5,2018-04-11 13:32:25
686,PORVB2,2.78,19.5,0,19.5,2018-04-11 13:32:39
687,PORVB2,2.78,19.7,0.2,19.5,2018-04-11 13:32:47
688,PORVB2,2.78,19.78,0.28,19.5,2018-04-11 13:33:00
689,PORVB2,2.78,19.76,0.26,19.5,2018-04-11 13:33:10
690,PORVB2,2.78,19.84,0.34,19.5,2018-04-11 13:33:21
691,PORVB2,2.78,19.72,0.22,19.5,2018-04-11 13:33:37
692,PORVB2,2.78,19.72,0.22,19.5,2018-04-11 13:33:49
693,PORVB2,2.78,19.66,0.16,19.5,2018-04-11 13:34:06
694,PORVB2,2.78,19.72,0.22,19.5,2018-04-11 13:34:18
695,PORVB2,2.78,19.74,0.24,19.5,2018-04-11 13:34:24
696,PORVB2,2.78,19.84,0.34,19.5,2018-04-11 13:34:34
697,PORVB2,2.78,19.54,0.04,19.5,2018-04-11 13:34:52
698,PORVB2,2.78,19.5,0,19.5,2018-04-11 13:35:20
699,PORVB2,2.78,19.52,0.02,19.5,2018-04-11 13:35:34
700,PORVB2,2.78,19.78,0.28,19.5,2018-04-11 13:35:55
701,PORVB2,2.78,19.58,0.08,19.5,2018-04-11 13:36:14
702,PORVB2,2.78,19.54,0.04,19.5,2018-04-11 13:36:25
703,PORVB2,2.78,19.5,0,19.5,2018-04-11 13:37:02
704,PORVB2,2.78,19.74,0.24,19.5,2018-04-11 13:37:27
705,PORVB2,2.78,19.52,0.02,19.5,2018-04-11 13:37:39
706,PORVB2,2.78,19.6,0.1,19.5,2018-04-11 13:37:49
707,PORVB2,2.78,19.5,0,19.5,2018-04-11 13:38:02
708,PORVB2,2.78,19.48,-0.02,19.5,2018-04-11 13:38:12
709,PORVB2,2.78,19.5,0,19.5,2018-04-11 13:38:23
710,PORVB2,2.78,19.64,0.14,19.5,2018-04-11 13:38:40
711,PORVB2,2.78,19.56,0.06,19.5,2018-04-11 13:38:51
712,PORVB2,2.78,19.68,0.18,19.5,2018-04-11 13:39:08
713,PORVB2,2.78,19.62,0.12,19.5,2018-04-11 13:39:33
714,PORVB2,2.78,19.74,0.24,19.5,2018-04-11 13:39:48
715,PORVB2,2.78,19.52,0.02,19.5,2018-04-11 13:39:54
716,PORVB2,2.78,19.58,0.08,19.5,2018-04-11 13:40:10
717,PORVB2,2.78,19.6,0.1,19.5,2018-04-11 13:40:55
718,PORVB2,2.78,19.72,0.22,19.5,2018-04-11 13:41:08
719,PORVB2,2.78,19.54,0.04,19.5,2018-04-11 13:41:23
720,PORVB2,2.78,19.7,0.2,19.5,2018-04-11 13:41:39
721,PORVB2,2.78,19.72,0.22,19.5,2018-04-11 13:41:55
722,PORVB2,2.78,19.5,0,19.5,2018-04-11 13:42:14
723,PORVB2,2.78,19.68,0.18,19.5,2018-04-11 13:42:29
724,PORVB2,2.78,19.68,0.18,19.5,2018-04-11 13:43:02
725,PORVB2,2.78,19.68,0.18,19.5,2018-04-11 13:43:28
726,PORVB2,2.78,19.52,0.02,19.5,2018-04-11 13:43:48
727,PORVB2,2.78,19.72,0.22,19.5,2018-04-11 14:06:32
728,PORVB2,2.78,19.78,0.28,19.5,2018-04-11 14:06:40
729,PORVB2,2.78,19.64,0.14,19.5,2018-04-11 14:06:55
730,PORVB2,2.78,19.56,0.06,19.5,2018-04-11 14:07:18
731,PORVB2,2.78,19.68,0.18,19.5,2018-04-11 14:07:44
732,PORVB2,2.78,19.66,0.16,19.5,2018-04-11 14:08:06
733,PORVB2,2.78,19.5,0,19.5,2018-04-11 14:08:32
734,PORVB2,2.78,19.54,0.04,19.5,2018-04-11 14:08:50
735,PORVB2,2.78,19.52,0.02,19.5,2018-04-11 14:09:33
736,PORVB2,2.78,19.82,0.32,19.5,2018-04-11 14:09:53
737,PORVB2,2.78,19.54,0.04,19.5,2018-04-11 14:10:29
738,PORVB2,2.78,19.72,0.22,19.5,2018-04-11 14:10:47
739,PORVB2,2.78,19.62,0.12,19.5,2018-04-11 14:10:56
740,PORVB2,2.78,19.52,0.02,19.5,2018-04-11 14:11:19
741,PORVB2,2.78,19.56,0.06,19.5,2018-04-11 14:11:46
742,PORVB2,2.78,19.6,0.1,19.5,2018-04-11 14:12:14
743,PORVB2,2.78,19.6,0.1,19.5,2018-04-11 14:12:22
744,PORVB2,2.78,19.64,0.14,19.5,2018-04-11 14:13:06
745,PORVB2,2.78,19.62,0.12,19.5,2018-04-11 14:13:22
746,PORVB2,2.78,19.64,0.14,19.5,2018-04-11 14:13:47
747,PORVB2,2.78,19.5,0,19.5,2018-04-11 14:14:34
748,PORVB2,2.78,19.72,0.22,19.5,2018-04-11 14:14:43
749,PORVB2,2.78,19.74,0.24,19.5,2018-04-11 14:15:03
750,PORVB2,2.78,19.68,0.18,19.5,2018-04-11 14:15:17
751,PORVB2,2.78,19.8,0.3,19.5,2018-04-11 14:15:34
752,PORVB2,2.78,19.64,0.14,19.5,2018-04-11 14:15:46
753,PORVB2,2.78,19.6,0.1,19.5,2018-04-11 14:16:03
754,PORVB2,2.78,19.56,0.06,19.5,2018-04-11 14:16:19
755,PORVB2,2.78,19.6,0.1,19.5,2018-04-11 14:16:28
756,PORVB2,2.78,19.6,0.1,19.5,2018-04-11 14:16:51
757,PORVB2,2.78,19.6,0.1,19.5,2018-04-11 14:17:12
758,PORVB2,2.78,19.76,0.26,19.5,2018-04-11 14:17:36
759,PORVB2,2.78,19.72,0.22,19.5,2018-04-11 14:17:47
760,PORVB2,2.78,19.66,0.16,19.5,2018-04-11 14:18:05
761,PORVB2,2.78,19.72,0.22,19.5,2018-04-11 14:18:29
762,PORVB2,2.78,19.64,0.14,19.5,2018-04-11 14:19:30
763,PORVB2,2.78,19.7,0.2,19.5,2018-04-11 14:19:47
764,PORVB2,2.78,19.48,-0.02,19.5,2018-04-11 14:20:05
765,PORVB2,2.78,19.72,0.22,19.5,2018-04-11 14:20:28
766,PORVB2,2.78,19.74,0.24,19.5,2018-04-11 14:20:39
767,PORVB2,2.78,19.5,0,19.5,2018-04-11 14:21:05
768,PORVB2,2.78,19.74,0.24,19.5,2018-04-11 14:21:18
769,PORVB2,2.78,19.52,0.02,19.5,2018-04-11 14:21:33
770,PORVB2,2.78,19.56,0.06,19.5,2018-04-11 14:21:48
771,PORVB2,2.78,19.64,0.14,19.5,2018-04-11 14:21:56
772,PORVB2,2.78,19.8,0.3,19.5,2018-04-11 14:22:06
773,PORVB2,2.78,19.6,0.1,19.5,2018-04-11 14:22:14
774,PORVB2,2.78,19.82,0.32,19.5,2018-04-11 14:22:31
775,PORVB2,2.78,19.9,0.4,19.5,2018-04-11 14:22:45
776,PORVB2,2.78,19.7,0.2,19.5,2018-04-11 14:22:57
777,PORVB2,2.78,19.7,0.2,19.5,2018-04-11 14:23:04
778,PORVB2,2.78,19.5,0,19.5,2018-04-11 14:23:21
779,PORVB2,2.78,19.6,0.1,19.5,2018-04-11 14:23:36
780,PORVB2,2.78,19.58,0.08,19.5,2018-04-11 14:23:45
781,PORVB2,2.78,19.58,0.08,19.5,2018-04-11 14:24:01
782,PORVB2,2.78,19.58,0.08,19.5,2018-04-11 14:24:41
783,PORVB2,2.78,19.6,0.1,19.5,2018-04-11 14:25:08
784,PORVB2,2.78,19.56,0.06,19.5,2018-04-11 14:25:19
785,PORVB2,2.78,19.62,0.12,19.5,2018-04-11 14:25:36
786,PORVB2,2.78,19.64,0.14,19.5,2018-04-11 14:25:42
787,PORVB2,2.78,19.58,0.08,19.5,2018-04-11 14:25:57
788,PORVB2,2.78,19.56,0.06,19.5,2018-04-11 14:26:12
789,PORVB2,2.78,19.64,0.14,19.5,2018-04-11 14:26:34
790,PORVB2,2.78,19.58,0.08,19.5,2018-04-11 14:26:55
791,PORVB2,2.78,19.7,0.2,19.5,2018-04-11 14:27:38
792,PORVB2,2.78,19.66,0.16,19.5,2018-04-11 14:27:54
793,PORVB2,2.78,19.6,0.1,19.5,2018-04-11 14:28:05
794,PORVB2,2.78,19.72,0.22,19.5,2018-04-11 14:28:18
795,PORVB2,2.78,19.58,0.08,19.5,2018-04-11 14:28:34
796,PORVB2,2.78,19.58,0.08,19.5,2018-04-11 14:28:43
797,PORVB2,2.78,19.58,0.08,19.5,2018-04-11 14:28:59
798,PORVB2,2.78,19.62,0.12,19.5,2018-04-11 14:29:06
799,PORVB2,2.78,19.7,0.2,19.5,2018-04-11 14:29:20
800,PORVB2,2.78,19.58,0.08,19.5,2018-04-11 14:29:41
801,PORVB2,2.78,19.56,0.06,19.5,2018-04-11 14:30:06
802,PORVB2,2.78,19.48,-0.02,19.5,2018-04-11 14:30:26
803,PORVB2,2.78,19.9,0.4,19.5,2018-04-11 14:30:43
804,PORVB2,2.78,19.76,0.26,19.5,2018-04-11 14:30:58
805,PORVB2,2.78,19.5,0,19.5,2018-04-11 14:31:46
806,PORVB2,2.78,19.66,0.16,19.5,2018-04-11 14:31:58
807,PORVB2,2.78,19.52,0.02,19.5,2018-04-11 14:32:11
808,PORVB2,2.78,19.64,0.14,19.5,2018-04-11 14:33:30
809,PORVB2,2.78,19.66,0.16,19.5,2018-04-11 14:34:00
810,PORVB2,2.78,18.66,-0.84,19.5,2018-04-11 14:34:12
811,PORVB2,2.78,19.78,0.28,19.5,2018-04-11 14:34:29
812,PORVB2,2.78,19.64,0.14,19.5,2018-04-11 14:34:49
813,PORVB2,2.78,19.54,0.04,19.5,2018-04-11 14:35:07
814,PORVB2,2.78,19.52,0.02,19.5,2018-04-11 14:35:38
815,PORVB2,2.78,19.58,0.08,19.5,2018-04-11 14:35:51
816,PORVB2,2.78,19.86,0.36,19.5,2018-04-11 14:36:11
817,PORVB2,2.78,19.54,0.04,19.5,2018-04-11 14:36:22
818,PORVB2,2.78,19.6,0.1,19.5,2018-04-11 14:36:39
819,PORVB2,2.78,19.54,0.04,19.5,2018-04-11 14:36:55
820,PORVB2,2.78,19.54,0.04,19.5,2018-04-11 14:37:10
821,PORVB2,2.78,19.72,0.22,19.5,2018-04-11 14:37:26
822,PORVB2,2.78,19.92,0.42,19.5,2018-04-11 14:37:43
823,PORVB2,2.78,19.52,0.02,19.5,2018-04-11 14:38:06
824,PORVB2,2.78,19.7,0.2,19.5,2018-04-11 14:38:20
825,PORVB2,2.78,19.68,0.18,19.5,2018-04-11 14:38:27
826,PORVB2,2.78,19.8,0.3,19.5,2018-04-11 14:38:46
827,PORVB2,2.78,19.68,0.18,19.5,2018-04-11 14:39:10
828,PORVB2,2.78,19.68,0.18,19.5,2018-04-11 14:39:24
829,PORVB2,2.78,19.46,-0.04,19.5,2018-04-11 14:39:35
830,PORVB2,2.78,19.74,0.24,19.5,2018-04-11 14:40:07
831,PORVB2,2.78,19.8,0.3,19.5,2018-04-11 14:40:24
832,PORVB2,2.78,19.76,0.26,19.5,2018-04-11 14:40:34
833,PORVB2,2.78,19.62,0.12,19.5,2018-04-11 14:40:44
834,PORVB2,2.78,19.74,0.24,19.5,2018-04-11 14:40:57
835,PORVB2,2.78,19.62,0.12,19.5,2018-04-11 14:41:10
836,PORVB2,2.78,19.78,0.28,19.5,2018-04-11 14:41:28
837,PORVB2,2.78,19.72,0.22,19.5,2018-04-11 14:42:03
838,PORVB2,2.78,19.58,0.08,19.5,2018-04-11 14:42:30
839,PORVB2,2.78,19.88,0.38,19.5,2018-04-11 14:42:39
840,PORVB2,2.78,19.64,0.14,19.5,2018-04-11 14:43:01
841,PORVB2,2.78,19.54,0.04,19.5,2018-04-11 14:43:20
842,PORVB2,2.78,19.6,0.1,19.5,2018-04-11 14:43:45
843,PORVB2,2.78,19.6,0.1,19.5,2018-04-11 14:43:55
844,PORVB2,2.78,19.52,0.02,19.5,2018-04-11 14:44:13
845,PORVB2,2.78,19.56,0.06,19.5,2018-04-11 14:44:27
846,PORVB2,2.78,19.54,0.04,19.5,2018-04-11 14:44:53
847,PORVB2,2.78,19.52,0.02,19.5,2018-04-11 14:45:02
848,PORVB2,2.78,19.6,0.1,19.5,2018-04-11 14:45:32
849,PORVB2,2.78,19.74,0.24,19.5,2018-04-11 14:46:08
850,PORVB2,2.78,19.54,0.04,19.5,2018-04-11 14:46:18
851,PORVB2,2.78,19.62,0.12,19.5,2018-04-11 14:46:37
852,PORVB2,2.78,19.52,0.02,19.5,2018-04-11 14:46:56
853,PORVB2,2.78,19.54,0.04,19.5,2018-04-11 14:47:16
854,PORVB2,2.78,19.6,0.1,19.5,2018-04-11 14:47:25
855,PORVB2,2.78,19.54,0.04,19.5,2018-04-11 14:47:43
856,PORVB2,2.78,19.56,0.06,19.5,2018-04-11 14:48:09
857,PORVB2,2.78,19.6,0.1,19.5,2018-04-11 14:48:15
858,PORVB2,2.78,19.54,0.04,19.5,2018-04-11 14:48:33
859,PORVB2,2.78,19.48,-0.02,19.5,2018-04-11 14:48:48
860,PORVB2,2.78,19.66,0.16,19.5,2018-04-11 14:49:19
861,PORVB2,2.78,19.5,0,19.5,2018-04-11 14:49:40
862,PORVB2,2.78,19.82,0.32,19.5,2018-04-11 14:50:03
863,PORVB2,2.78,19.74,0.24,19.5,2018-04-11 14:50:18
864,PORVB2,2.78,19.8,0.3,19.5,2018-04-11 14:50:30
865,PORVB2,2.78,19.88,0.38,19.5,2018-04-11 14:50:44
866,PORVB2,2.78,19.8,0.3,19.5,2018-04-11 14:51:07
867,PORVB2,2.78,19.86,0.36,19.5,2018-04-11 14:51:33
868,PORVB2,2.78,19.86,0.36,19.5,2018-04-11 14:51:57
869,PORVB2,2.78,19.5,0,19.5,2018-04-11 14:52:08
870,PORVB2,2.78,19.62,0.32,19.3,2018-04-11 14:52:36
871,PORVB2,2.78,19.34,0.04,19.3,2018-04-11 14:53:41
872,PORVB2,2.78,19.38,0.08,19.3,2018-04-11 14:54:22
873,PORVB2,2.78,19.36,0.06,19.3,2018-04-11 14:55:02
874,PORVB2,2.78,19.48,0.18,19.3,2018-04-11 14:55:09
875,PORVB2,2.78,19.28,-0.02,19.3,2018-04-11 14:55:21
876,PORVB2,2.78,19.26,-0.04,19.3,2018-04-11 14:55:42
877,PORVB2,2.78,19.4,0.1,19.3,2018-04-11 14:55:59
878,PORVB2,2.78,19.46,0.16,19.3,2018-04-11 14:56:15
879,PORVB2,2.78,19.28,-0.02,19.3,2018-04-11 14:56:39
880,PORVB2,2.78,19.36,0.06,19.3,2018-04-11 14:56:57
881,PORVB2,2.78,19.46,0.16,19.3,2018-04-11 14:57:06
882,PORVB2,2.78,19.3,0,19.3,2018-04-11 14:57:24
883,PORVB2,2.78,19.52,0.22,19.3,2018-04-11 14:57:35
884,PORVB2,2.78,19.58,0.28,19.3,2018-04-11 14:57:45
885,PORVB2,2.78,19.42,0.12,19.3,2018-04-11 14:58:01
886,PORVB2,2.78,19.3,0,19.3,2018-04-11 14:58:14
887,PORVB2,2.78,19.62,0.32,19.3,2018-04-11 14:58:38
888,PORVB2,2.78,19.3,0,19.3,2018-04-11 14:58:53
889,PORVB2,2.78,19.48,0.18,19.3,2018-04-11 14:59:06
890,PORVB2,2.78,19.38,0.08,19.3,2018-04-11 14:59:14
891,PORVB2,2.78,19.54,0.24,19.3,2018-04-11 14:59:30
892,PORVB2,2.78,19.42,0.12,19.3,2018-04-11 14:59:39
893,PORVB2,2.78,19.34,0.04,19.3,2018-04-11 15:00:03
894,PORVB2,2.78,19.42,0.12,19.3,2018-04-11 15:00:10
895,PORVB2,2.78,19.64,0.34,19.3,2018-04-11 15:00:33
896,PORVB2,2.78,19.62,0.32,19.3,2018-04-11 15:00:53
897,PORVB2,2.78,19.46,0.16,19.3,2018-04-11 15:01:15
898,PORVB2,2.78,19.56,0.26,19.3,2018-04-11 15:01:24
899,PORVB2,2.78,19.58,0.28,19.3,2018-04-11 15:01:42
900,PORVB2,2.78,19.32,0.02,19.3,2018-04-11 15:01:58
901,PORVB2,2.78,19.36,0.06,19.3,2018-04-11 15:02:20
902,PORVB2,2.78,19.28,-0.02,19.3,2018-04-11 15:02:28
903,PORVB2,2.78,19.46,0.16,19.3,2018-04-11 15:02:45
904,PORVB2,2.78,19.38,0.08,19.3,2018-04-11 15:03:16
905,PORVB2,2.78,19.54,0.24,19.3,2018-04-11 15:03:26
906,PORVB2,2.78,19.6,0.3,19.3,2018-04-11 15:03:40
907,PORVB2,2.78,19.42,0.12,19.3,2018-04-11 15:03:57
908,PORVB2,2.78,19.32,0.02,19.3,2018-04-11 15:04:06
909,PORVB2,2.78,19.28,-0.02,19.3,2018-04-11 15:04:30
910,PORVB2,2.78,19.34,0.04,19.3,2018-04-11 15:05:12
911,PORVB2,2.78,19.42,0.12,19.3,2018-04-11 15:05:27
912,PORVB2,2.78,19.48,0.18,19.3,2018-04-11 15:05:40
913,PORVB2,2.78,19.68,0.38,19.3,2018-04-11 15:06:08
914,PORVB2,2.78,19.42,0.12,19.3,2018-04-11 15:06:25
915,PORVB2,2.78,19.56,0.26,19.3,2018-04-11 15:06:44
916,PORVB2,2.78,19.42,0.12,19.3,2018-04-11 15:07:04
917,PORVB2,2.78,19.44,0.14,19.3,2018-04-11 15:07:21
918,PORVB2,2.78,19.5,0.2,19.3,2018-04-11 15:08:03
919,PORVB2,2.78,19.4,0.1,19.3,2018-04-11 15:08:17
920,PORVB2,2.78,19.34,0.04,19.3,2018-04-11 15:08:30
921,PORVB2,2.78,19.6,0.3,19.3,2018-04-11 15:09:09
922,PORVB2,2.78,19.3,0,19.3,2018-04-11 15:09:15
923,PORVB2,2.78,19.54,0.24,19.3,2018-04-11 15:09:21
924,PORVB2,2.78,19.62,0.32,19.3,2018-04-11 15:09:31
925,PORVB2,2.78,19.36,0.06,19.3,2018-04-11 15:09:56
926,PORVB2,2.78,19.32,0.02,19.3,2018-04-11 15:10:11
927,PORVB2,2.78,19.54,0.24,19.3,2018-04-11 15:10:25
928,PORVB2,2.78,19.28,-0.02,19.3,2018-04-11 15:10:43
929,PORVB2,2.78,19.5,0.2,19.3,2018-04-11 15:10:50
930,PORVB2,2.78,19.58,0.28,19.3,2018-04-11 15:11:00
931,PORVB2,2.78,19.36,0.06,19.3,2018-04-11 15:11:18
932,PORVB2,2.78,19.44,0.14,19.3,2018-04-11 15:11:32
933,PORVB2,2.78,19.68,0.38,19.3,2018-04-11 15:11:44
934,PORVB2,2.78,19.52,0.22,19.3,2018-04-11 15:12:35
935,PORVB2,2.78,19.3,0,19.3,2018-04-11 15:12:53
936,PORVB2,2.78,19.32,0.02,19.3,2018-04-11 15:13:13
937,PORVB2,2.78,19.56,0.26,19.3,2018-04-11 15:13:32
938,PORVB2,2.78,19.58,0.28,19.3,2018-04-11 15:13:54
939,PORVB2,2.78,19.42,0.12,19.3,2018-04-11 15:14:05
940,PORVB2,2.78,19.48,0.18,19.3,2018-04-11 15:14:25
941,PORVB2,2.78,19.62,0.32,19.3,2018-04-11 15:14:39
942,PORVB2,2.78,19.56,0.26,19.3,2018-04-11 15:14:59
943,PORVB2,2.78,19.48,0.18,19.3,2018-04-11 15:15:14
944,PORVB2,2.78,19.4,0.1,19.3,2018-04-11 15:15:27
945,PORVB2,2.78,19.52,0.22,19.3,2018-04-11 15:15:39
946,PORVB2,2.78,19.62,0.32,19.3,2018-04-11 15:15:49
947,PORVB2,2.78,19.36,0.06,19.3,2018-04-11 15:15:59
948,PORVB2,2.78,19.44,0.14,19.3,2018-04-11 15:16:21
949,PORVB2,2.78,19.32,0.02,19.3,2018-04-11 15:16:42
950,PORVB2,2.78,19.6,0.3,19.3,2018-04-11 15:17:03
951,PORVB2,2.78,19.52,0.22,19.3,2018-04-11 15:17:24
952,PORVB2,2.78,19.48,0.18,19.3,2018-04-11 15:17:41
953,PORVB2,2.78,19.46,0.16,19.3,2018-04-11 15:18:06
954,PORVB2,2.78,19.54,0.24,19.3,2018-04-11 15:18:17
955,PORVB2,2.78,19.52,0.22,19.3,2018-04-11 15:18:25
956,PORVB2,2.78,19.42,0.12,19.3,2018-04-11 15:18:33
957,PORVB2,2.78,19.36,0.06,19.3,2018-04-11 15:18:49
958,PORVB2,2.78,19.34,0.04,19.3,2018-04-11 15:18:59
959,PORVB2,2.78,19.54,0.24,19.3,2018-04-11 15:19:16
960,PORVB2,2.78,19.38,0.08,19.3,2018-04-11 15:19:25
961,PORVB2,2.78,19.36,0.06,19.3,2018-04-11 15:19:43
962,PORVB2,2.78,19.38,0.08,19.3,2018-04-11 15:19:52
963,PORVB2,2.78,19.36,0.06,19.3,2018-04-11 15:20:04
964,PORVB2,2.78,19.46,0.16,19.3,2018-04-11 15:20:18
965,PORVB2,2.78,19.56,0.26,19.3,2018-04-11 15:20:31
966,PORVB2,2.78,19.52,0.22,19.3,2018-04-11 15:20:52
967,PORVB2,2.78,19.64,0.34,19.3,2018-04-11 15:21:32
968,PORVB2,2.78,19.52,0.22,19.3,2018-04-11 15:21:54
969,PORVB2,2.78,19.54,0.24,19.3,2018-04-11 15:22:30
970,PORVB2,2.78,19.64,0.34,19.3,2018-04-11 15:22:54
971,PORVB2,2.78,19.62,0.32,19.3,2018-04-11 15:23:08
972,PORVB2,2.78,19.28,-0.02,19.3,2018-04-11 15:23:22
973,PORVB2,2.78,19.4,0.1,19.3,2018-04-11 15:23:54
974,PORVB2,2.78,19.42,0.12,19.3,2018-04-11 15:24:07
975,PORVB2,2.78,19.62,0.32,19.3,2018-04-11 15:24:13
976,PORVB2,2.78,19.42,0.12,19.3,2018-04-11 15:24:24
977,PORVB2,2.78,19.5,0.2,19.3,2018-04-11 15:24:40
978,PORVB2,2.78,19.54,0.24,19.3,2018-04-11 15:24:59
979,PORVB2,2.78,19.42,0.12,19.3,2018-04-11 15:25:25
980,PORVB2,2.78,19.44,0.14,19.3,2018-04-11 15:25:40
981,PORVB2,2.78,19.46,0.16,19.3,2018-04-11 15:25:53
982,PORVB2,2.78,19.6,0.3,19.3,2018-04-11 15:26:13
983,PORVB2,2.78,19.48,0.18,19.3,2018-04-11 15:26:36
984,PORVB2,2.78,19.6,0.3,19.3,2018-04-11 15:26:45
985,PORVB2,2.78,19.62,0.32,19.3,2018-04-11 15:26:58
986,PORVB2,2.78,19.58,0.28,19.3,2018-04-11 15:27:07
987,PORVB2,2.78,19.52,0.22,19.3,2018-04-11 15:27:19
988,PORVB2,2.78,19.34,0.04,19.3,2018-04-11 15:27:28
989,PORVB2,2.78,19.62,0.32,19.3,2018-04-11 15:28:03
990,PORVB2,2.78,19.64,0.34,19.3,2018-04-11 15:28:27
991,PORVB2,2.78,19.64,0.34,19.3,2018-04-11 15:29:05
992,PORVB2,2.78,19.44,0.14,19.3,2018-04-11 15:29:26
993,PORVB2,2.78,19.3,0,19.3,2018-04-11 15:29:52
994,PORVB2,2.78,18.72,0.12,18.6,2018-04-11 15:31:30
995,PORVB2,2.78,18.74,0.14,18.6,2018-04-11 15:31:40
996,PORVB2,2.78,19,0.4,18.6,2018-04-11 15:32:02
997,PORVB2,2.78,18.74,0.14,18.6,2018-04-11 15:32:11
998,PORVB2,2.78,18.72,0.12,18.6,2018-04-11 15:32:29
999,PORVB2,2.78,19.04,0.44,18.6,2018-04-11 15:32:44
1000,PORVB2,2.78,19.22,0.62,18.6,2018-04-11 15:33:02
1001,PORVB2,2.78,18.8,0.2,18.6,2018-04-11 15:33:15
1002,PORVB2,2.78,18.78,0.18,18.6,2018-04-11 15:33:38
1003,PORVB2,2.78,19.04,0.44,18.6,2018-04-11 15:33:45
1004,PORVB2,2.78,18.78,0.18,18.6,2018-04-11 15:34:13
1005,PORVB2,2.78,19.2,0.6,18.6,2018-04-11 15:34:40
1006,PORVB2,2.78,19.04,0.44,18.6,2018-04-11 15:35:03
1007,PORVB2,2.78,19,0.4,18.6,2018-04-11 15:35:17
1008,PORVB2,2.78,18.82,0.22,18.6,2018-04-11 15:37:02
1009,PORVB2,2.78,18.88,0.28,18.6,2018-04-11 15:37:21
1010,PORVB2,2.78,18.86,0.26,18.6,2018-04-11 15:37:36
1011,PORVB2,2.78,18.98,0.38,18.6,2018-04-11 15:38:02
1012,PORVB2,2.78,19.08,0.48,18.6,2018-04-11 15:38:15
1013,PORVB2,2.78,19.2,0.6,18.6,2018-04-11 15:38:46
1014,PORVB2,2.78,18.86,0.26,18.6,2018-04-11 15:39:16
1015,PORVB2,2.78,19.04,0.44,18.6,2018-04-11 15:39:57
1016,PORVB2,2.78,18.64,0.04,18.6,2018-04-11 15:40:49
1017,PORVB2,2.78,19.06,0.46,18.6,2018-04-11 15:41:07
1018,PORVB2,2.78,18.6,0,18.6,2018-04-11 15:42:27
1019,PORVB2,2.78,18.64,0.04,18.6,2018-04-11 15:42:43
1020,PORVB2,2.78,18.7,0.1,18.6,2018-04-11 15:43:00
1021,PORVB2,2.78,18.64,0.04,18.6,2018-04-11 15:43:18
1022,PORVB2,2.78,18.62,0.02,18.6,2018-04-11 15:43:56
1023,PORVB2,2.78,18.7,0.1,18.6,2018-04-11 15:44:25
1024,PORVB2,2.78,18.72,0.12,18.6,2018-04-11 15:47:24
1025,PORVB2,2.78,18.62,0.02,18.6,2018-04-11 15:47:59
1026,PORVB2,2.78,18.76,0.16,18.6,2018-04-11 15:49:02
1027,PORVB2,2.78,18.6,0,18.6,2018-04-11 15:49:46
1028,PORVB2,2.78,18.64,0.04,18.6,2018-04-11 15:50:10
1029,PORVB2,2.78,18.66,0.06,18.6,2018-04-11 15:50:21
1030,PORVB2,2.78,18.7,0.1,18.6,2018-04-11 15:50:43
1031,PORVB2,2.78,18.64,0.04,18.6,2018-04-11 15:50:58
1032,PORVB2,2.78,18.7,0.1,18.6,2018-04-11 15:51:09
1033,PORVB2,2.78,18.66,0.06,18.6,2018-04-11 15:51:25
1034,PORVB2,2.78,18.6,0,18.6,2018-04-11 15:51:48
1035,PORVB2,2.78,19.4,0.1,19.3,2018-04-11 15:53:12
1036,PORVB2,2.78,19.36,0.06,19.3,2018-04-11 15:53:29
1037,PORVB2,2.78,19.4,0.1,19.3,2018-04-11 15:53:45
1038,PORVB2,2.78,19.34,0.04,19.3,2018-04-11 15:54:00
1039,PORVB2,2.78,19.3,0,19.3,2018-04-11 15:54:18
1040,PORVB2,2.78,19.4,0.1,19.3,2018-04-11 15:54:42
1041,PORVB2,2.78,19.38,0.08,19.3,2018-04-11 15:54:58
1042,PORVB2,2.78,19.38,0.08,19.3,2018-04-11 15:55:11
1043,PORVB2,2.78,19.4,0.1,19.3,2018-04-11 15:55:33
1044,PORVB2,2.78,19.32,0.02,19.3,2018-04-11 15:56:02
1045,PORVB2,2.78,19.42,0.12,19.3,2018-04-11 15:56:28
1046,PORVB2,2.78,19.38,0.08,19.3,2018-04-11 15:56:52
1047,PORVB2,2.78,19.4,0.1,19.3,2018-04-11 15:57:04
1048,PORVB2,2.78,19.28,-0.02,19.3,2018-04-11 15:58:20
1049,PORVB2,2.78,19.6,0.3,19.3,2018-04-11 15:58:32
1050,PORVB2,2.78,19.48,0.18,19.3,2018-04-11 15:58:38
1051,PORVB2,2.78,19.58,0.28,19.3,2018-04-11 15:58:51
1052,PORVB2,2.78,19.56,0.26,19.3,2018-04-11 15:58:58
1053,PORVB2,2.78,19.72,0.42,19.3,2018-04-11 15:59:12
1054,PORVB2,2.78,19.5,0.2,19.3,2018-04-11 15:59:23
1055,PORVB2,2.78,19.34,0.04,19.3,2018-04-11 15:59:49
1056,PORVB2,2.78,19.38,0.08,19.3,2018-04-11 16:00:16
1057,PORVB2,2.78,19.56,0.26,19.3,2018-04-11 16:00:29
1058,PORVB2,2.78,19.4,0.1,19.3,2018-04-11 16:00:36
1059,PORVB2,2.78,19.3,0,19.3,2018-04-11 16:00:54
1060,PORVB2,2.78,19.6,0.3,19.3,2018-04-11 16:01:03
1061,PORVB2,2.78,19.32,0.02,19.3,2018-04-11 16:01:23
1062,PORVB2,2.78,19.62,0.32,19.3,2018-04-11 16:01:41
1063,PORVB2,2.78,19.62,0.32,19.3,2018-04-11 16:01:59
1064,PORVB2,2.78,19.58,0.28,19.3,2018-04-11 16:02:16
1065,PORVB2,2.78,19.46,0.16,19.3,2018-04-11 16:02:26
1066,PORVB2,2.78,19.48,0.18,19.3,2018-04-11 16:02:42
1067,PORVB2,2.78,19.54,0.24,19.3,2018-04-11 16:03:03
1068,PORVB2,2.78,19.3,0,19.3,2018-04-11 16:03:13
1069,PORVB2,2.78,19.36,0.06,19.3,2018-04-11 16:03:33
1070,PORVB2,2.78,19.52,0.22,19.3,2018-04-11 16:03:58
1071,PORVB2,2.78,19.78,0.48,19.3,2018-04-11 16:04:14
1072,PORVB2,2.78,19.38,0.08,19.3,2018-04-11 16:04:29
1073,PORVB2,2.78,19.54,0.24,19.3,2018-04-11 16:04:38
1074,PORVB2,2.78,19.44,0.14,19.3,2018-04-11 16:05:13
1075,PORVB2,2.78,19.3,0,19.3,2018-04-11 16:05:29
1076,PORVB2,2.78,19.5,0.2,19.3,2018-04-11 16:05:39
1077,PORVB2,2.78,19.3,0,19.3,2018-04-11 16:05:49
1078,PORVB2,2.78,19.48,0.18,19.3,2018-04-11 16:06:05
1079,PORVB2,2.78,19.56,0.26,19.3,2018-04-11 16:06:18
1080,PORVB2,2.78,19.36,0.06,19.3,2018-04-11 16:06:30
1081,PORVB2,2.78,19.52,0.22,19.3,2018-04-11 16:06:48
1082,PORVB2,2.78,19.46,0.16,19.3,2018-04-11 16:06:57
1083,PORVB2,2.78,19.44,0.14,19.3,2018-04-11 16:07:10
1084,PORVB2,2.78,19.5,0.2,19.3,2018-04-11 16:07:22
1085,PORVB2,2.78,19.28,-0.02,19.3,2018-04-11 16:07:40
1086,PORVB2,2.78,19.48,0.18,19.3,2018-04-11 16:08:03
1087,PORVB2,2.78,19.54,0.24,19.3,2018-04-11 16:08:22
1088,PORVB2,2.78,19.32,0.02,19.3,2018-04-11 16:08:46
1089,PORVB2,2.78,19.44,0.14,19.3,2018-04-11 16:09:02
1090,PORVB2,2.78,19.38,0.08,19.3,2018-04-11 16:09:24
1091,PORVB2,2.78,19.54,0.24,19.3,2018-04-11 16:09:36
1092,PORVB2,2.78,19.46,0.16,19.3,2018-04-11 16:09:59
1093,PORVB2,2.78,19.64,0.34,19.3,2018-04-11 16:10:24
1094,PORVB2,2.78,19.36,0.06,19.3,2018-04-11 16:10:49
1095,PORVB2,2.78,19.46,0.16,19.3,2018-04-11 16:11:23
1096,PORVB2,2.78,19.34,0.04,19.3,2018-04-11 16:11:55
1097,PORVB2,2.78,19.32,0.02,19.3,2018-04-11 16:12:08
1098,PORVB2,2.78,19.36,0.06,19.3,2018-04-11 16:12:18
1099,PORVB2,2.78,19.4,0.1,19.3,2018-04-11 16:12:33
1100,PORVB2,2.78,19.54,0.24,19.3,2018-04-11 16:12:48
1101,PORVB2,2.78,19.34,0.04,19.3,2018-04-11 16:13:01
1102,PORVB2,2.78,19.4,0.1,19.3,2018-04-11 16:13:28
1103,PORVB2,2.78,19.34,0.04,19.3,2018-04-11 16:13:49
1104,PORVB2,2.78,19.62,0.32,19.3,2018-04-11 16:14:16
1105,PORVB2,2.78,19.48,0.18,19.3,2018-04-11 16:14:28
1106,PORVB2,2.78,19.56,0.26,19.3,2018-04-11 16:14:37
1107,PORVB2,2.78,19.42,0.12,19.3,2018-04-11 16:14:57
1108,PORVB2,2.78,19.42,0.12,19.3,2018-04-11 16:15:07
1109,PORVB2,2.78,19.48,0.18,19.3,2018-04-11 16:15:22
1110,PORVB2,2.78,19.42,0.12,19.3,2018-04-11 16:15:53
1111,PORVB2,2.78,19.28,-0.02,19.3,2018-04-11 16:16:16
1112,PORVB2,2.78,19.62,0.32,19.3,2018-04-11 16:16:32
1113,PORVB2,2.78,19.6,0.3,19.3,2018-04-11 16:16:45
1114,PORVB2,2.78,19.48,0.18,19.3,2018-04-11 16:16:55
1115,PORVB2,2.78,19.38,0.08,19.3,2018-04-11 16:17:05
1116,PORVB2,2.78,19.5,0.2,19.3,2018-04-11 16:17:16
1117,PORVB2,2.78,19.66,0.36,19.3,2018-04-11 16:17:29
1118,PORVB2,2.78,19.4,0.1,19.3,2018-04-11 16:17:36
1119,PORVB2,2.78,19.38,0.08,19.3,2018-04-11 16:17:49
1120,PORVB2,2.78,19.28,-0.02,19.3,2018-04-11 16:17:56
1121,PORVB2,2.78,19.62,0.32,19.3,2018-04-11 16:18:08
1122,PORVB2,2.78,19.56,0.26,19.3,2018-04-11 16:18:18
1123,PORVB2,2.78,19.54,0.24,19.3,2018-04-11 16:18:53
1124,PORVB2,2.78,19.42,0.12,19.3,2018-04-11 16:19:06
1125,PORVB2,2.78,19.64,0.34,19.3,2018-04-11 16:19:16
1126,PORVB2,2.78,19.42,0.12,19.3,2018-04-11 16:19:33
1127,PORVB2,2.78,19.44,0.14,19.3,2018-04-11 16:19:47
1128,PORVB2,2.78,19.44,0.14,19.3,2018-04-11 16:20:00
1129,PORVB2,2.78,19.36,0.06,19.3,2018-04-11 16:20:19
1130,PORVB2,2.78,19.58,0.28,19.3,2018-04-11 16:20:31
1131,PORVB2,2.78,19.46,0.16,19.3,2018-04-11 16:20:56
1132,PORVB2,2.78,18.86,0.26,18.6,2018-04-11 16:22:41
1133,PORVB2,2.78,18.66,0.06,18.6,2018-04-11 16:23:12
1134,PORVB2,2.78,18.76,0.16,18.6,2018-04-11 16:23:23
1135,PORVB2,2.78,19.02,0.42,18.6,2018-04-11 16:23:38
1136,PORVB2,2.78,18.66,0.06,18.6,2018-04-11 16:24:17
1137,PORVB2,2.78,18.7,0.1,18.6,2018-04-11 16:24:41
1138,PORVB2,2.78,18.7,0.1,18.6,2018-04-11 16:25:04
1139,PORVB2,2.78,18.64,0.04,18.6,2018-04-11 16:25:37
1140,PORVB2,2.78,18.68,0.08,18.6,2018-04-11 16:25:53
1141,PORVB2,2.78,18.6,0,18.6,2018-04-11 16:26:07
1142,PORVB2,2.78,18.8,0.2,18.6,2018-04-11 16:26:28
1143,PORVB2,2.78,18.92,0.32,18.6,2018-04-11 16:26:42
1144,PORVB2,2.78,18.7,0.1,18.6,2018-04-11 16:27:17
1145,PORVB2,2.78,18.74,0.14,18.6,2018-04-11 16:28:49
1146,PORVB2,2.78,18.76,0.16,18.6,2018-04-11 16:29:05
1147,PORVB2,2.78,19.28,0.68,18.6,2018-04-11 16:29:19
1148,PORVB2,2.78,18.98,0.38,18.6,2018-04-11 16:29:35
1149,PORVB2,2.78,19.04,0.44,18.6,2018-04-11 16:30:14
1150,PORVB2,2.78,19.38,0.08,19.3,2018-04-11 16:33:40
1151,PORVB2,2.78,19.3,0,19.3,2018-04-11 16:33:58
1152,PORVB2,2.78,19.42,0.12,19.3,2018-04-11 16:34:09
1153,PORVB2,2.78,19.38,0.08,19.3,2018-04-11 16:34:27
1154,PORVB2,2.78,19.34,0.04,19.3,2018-04-11 16:34:43
1155,PORVB2,2.78,19.28,-0.02,19.3,2018-04-11 16:35:01
1156,PORVB2,2.78,19.4,0.1,19.3,2018-04-11 16:35:15
1157,PORVB2,2.78,19.44,0.14,19.3,2018-04-11 16:35:32
1158,PORVB2,2.78,19.52,0.22,19.3,2018-04-11 16:35:40
1159,PORVB2,2.78,19.56,0.26,19.3,2018-04-11 16:35:49
1160,PORVB2,2.78,19.5,0.2,19.3,2018-04-11 16:35:55
1161,PORVB2,2.78,19.32,0.02,19.3,2018-04-11 16:36:10
1162,PORVB2,2.78,19.44,0.14,19.3,2018-04-11 16:36:27
1163,PORVB2,2.78,19.34,0.04,19.3,2018-04-11 16:36:44
1164,PORVB2,2.78,19.44,0.14,19.3,2018-04-11 16:37:01
1165,PORVB2,2.78,19.36,0.06,19.3,2018-04-11 16:37:19
1166,PORVB2,2.78,19.34,0.04,19.3,2018-04-11 16:37:31
1167,PORVB2,2.78,19.4,0.1,19.3,2018-04-11 16:37:39
1168,PORVB2,2.78,19.4,0.1,19.3,2018-04-11 16:38:11
1169,PORVB2,2.78,19.4,0.1,19.3,2018-04-11 16:38:41
1170,PORVB2,2.78,19.5,0.2,19.3,2018-04-11 16:38:51
1171,PORVB2,2.78,19.32,0.02,19.3,2018-04-11 16:39:06
1172,PORVB2,2.78,19.42,0.12,19.3,2018-04-11 16:39:15
1173,PORVB2,2.78,19.62,0.32,19.3,2018-04-11 16:39:24
1174,PORVB2,2.78,19.36,0.06,19.3,2018-04-11 16:39:43
1175,PORVB2,2.78,19.48,0.18,19.3,2018-04-11 16:40:00
1176,PORVB2,2.78,19.38,0.08,19.3,2018-04-11 16:40:10
1177,PORVB2,2.78,19.4,0.1,19.3,2018-04-11 16:40:50
1178,PORVB2,2.78,19.48,0.18,19.3,2018-04-11 16:41:03
1179,PORVB2,2.78,19.32,0.02,19.3,2018-04-11 16:41:19
1180,PORVB2,2.78,19.38,0.08,19.3,2018-04-11 16:41:26
1181,PORVB2,2.78,19.36,0.06,19.3,2018-04-11 16:41:39
1182,PORVB2,2.78,19.32,0.02,19.3,2018-04-11 16:41:56
1183,PORVB2,2.78,19.34,0.04,19.3,2018-04-11 16:42:08
1184,PORVB2,2.78,19.28,-0.02,19.3,2018-04-11 16:42:22
1185,PORVB2,2.78,19.46,0.16,19.3,2018-04-11 16:42:39
1186,PORVB2,2.78,19.4,0.1,19.3,2018-04-11 16:42:55
1187,PORVB2,2.78,19.46,0.16,19.3,2018-04-11 16:43:05
1188,PORVB2,2.78,19.54,0.24,19.3,2018-04-11 16:43:12
1189,PORVB2,2.78,19.36,0.06,19.3,2018-04-11 16:43:25
1190,PORVB2,2.78,19.7,0.4,19.3,2018-04-11 16:43:38
1191,PORVB2,2.78,19.36,0.06,19.3,2018-04-11 16:43:49
1192,PORVB2,2.78,19.44,0.14,19.3,2018-04-11 16:44:14
1193,PORVB2,2.78,19.56,0.26,19.3,2018-04-11 16:44:34
1194,PORVB2,2.78,19.28,-0.02,19.3,2018-04-11 16:44:57
1195,PORVB2,2.78,19.6,0.3,19.3,2018-04-11 16:45:12
1196,PORVB2,2.78,19.38,0.08,19.3,2018-04-11 16:45:24
1197,PORVB2,2.78,19.5,0.2,19.3,2018-04-11 16:45:38
1198,PORVB2,2.78,19.38,0.08,19.3,2018-04-11 16:45:59
1199,PORVB2,2.78,19.34,0.04,19.3,2018-04-11 16:46:13
1200,PORVB2,2.78,19.34,0.04,19.3,2018-04-11 16:46:25
1201,PORVB2,2.78,19.54,0.24,19.3,2018-04-11 16:46:37
1202,PORVB2,2.78,19.38,0.08,19.3,2018-04-11 16:46:47
1203,PORVB2,2.78,19.66,0.36,19.3,2018-04-11 16:47:00
1204,PORVB2,2.78,19.4,0.1,19.3,2018-04-11 16:47:08
1205,PORVB2,2.78,19.3,0,19.3,2018-04-11 16:47:17
1206,PORVB2,2.78,19.66,0.36,19.3,2018-04-11 16:47:28
1207,PORVB2,2.78,19.44,0.14,19.3,2018-04-11 16:47:46
1208,PORVB2,2.78,19.48,0.18,19.3,2018-04-11 16:47:53
1209,PORVB2,2.78,19.34,0.04,19.3,2018-04-11 16:48:18
1210,PORVB2,2.78,19.36,0.06,19.3,2018-04-11 16:48:31
1211,PORVB2,2.78,19.5,0.2,19.3,2018-04-11 16:48:45
1212,PORVB2,2.78,19.64,0.34,19.3,2018-04-11 16:48:54
1213,PORVB2,2.78,19.42,0.12,19.3,2018-04-11 16:49:17
1214,PORVB2,2.78,19.34,0.04,19.3,2018-04-11 16:49:32
1215,PORVB2,2.78,19.64,0.34,19.3,2018-04-11 16:49:44
1216,PORVB2,2.78,19.46,0.16,19.3,2018-04-11 16:49:53
1217,PORVB2,2.78,19.32,0.02,19.3,2018-04-11 16:50:00
1218,PORVB2,2.78,19.46,0.16,19.3,2018-04-11 16:50:10
1219,PORVB2,2.78,19.46,0.16,19.3,2018-04-11 16:50:43
1220,PORVB2,2.78,19.38,0.08,19.3,2018-04-11 16:50:58
1221,PORVB2,2.78,19.44,0.14,19.3,2018-04-11 16:51:14
1222,PORVB2,2.78,19.5,0.2,19.3,2018-04-11 16:51:25
1223,PORVB2,2.78,19.42,0.12,19.3,2018-04-11 16:51:30
1224,PORVB2,2.78,19.5,0.2,19.3,2018-04-11 16:51:40
1225,PORVB2,2.78,19.58,0.28,19.3,2018-04-11 16:51:52
1226,PORVB2,2.78,19.56,0.26,19.3,2018-04-11 16:52:06
1227,PORVB2,2.78,19.58,0.28,19.3,2018-04-11 16:52:14
1228,PORVB2,2.78,19.32,0.02,19.3,2018-04-11 16:52:22
1229,PORVB2,2.78,19.46,0.16,19.3,2018-04-11 16:52:37
1230,PORVB2,2.78,19.54,0.24,19.3,2018-04-11 16:52:49
1231,PORVB2,2.78,19.6,0.3,19.3,2018-04-11 16:52:57
1232,PORVB2,2.78,19.4,0.1,19.3,2018-04-11 16:53:08
1233,PORVB2,2.78,19.5,0.2,19.3,2018-04-11 16:53:18
1234,PORVB2,2.78,19.54,0.24,19.3,2018-04-11 16:53:29
1235,PORVB2,2.78,19.68,0.38,19.3,2018-04-11 16:53:39
1236,PORVB2,2.78,19.44,0.14,19.3,2018-04-11 16:53:54
1237,PORVB2,2.78,19.42,0.12,19.3,2018-04-11 16:54:04
1238,PORVB2,2.78,19.68,0.38,19.3,2018-04-11 16:54:20
1239,PORVB2,2.78,19.34,0.04,19.3,2018-04-11 16:54:29
1240,PORVB2,2.78,19.5,0.2,19.3,2018-04-11 16:54:44
1241,PORVB2,2.78,19.54,0.24,19.3,2018-04-11 16:54:59
1242,PORVB2,2.78,19.36,0.06,19.3,2018-04-11 16:55:10
1243,PORVB2,2.78,19.5,0.2,19.3,2018-04-11 16:55:32
1244,PORVB2,2.78,19.6,0.3,19.3,2018-04-11 16:55:48
1245,PORVB2,2.78,19.28,-0.02,19.3,2018-04-11 16:56:03
1246,PORVB2,2.78,19.58,0.28,19.3,2018-04-11 16:56:11
1247,PORVB2,2.78,19.56,0.26,19.3,2018-04-11 16:56:24
1248,PORVB2,2.78,19.3,0,19.3,2018-04-11 16:56:37
1249,PORVB2,2.78,19.56,0.26,19.3,2018-04-11 16:56:50
1250,PORVB2,2.78,19.42,0.12,19.3,2018-04-11 16:57:03
1251,PORVB2,2.78,19.72,0.42,19.3,2018-04-11 16:57:17
1252,PORVB2,2.78,19.44,0.14,19.3,2018-04-11 16:57:28
1253,PORVB2,2.78,19.7,0.4,19.3,2018-04-11 16:57:54
1254,PORVB2,2.78,19.6,0.3,19.3,2018-04-11 16:58:17
1255,PORVB2,2.78,19.36,0.06,19.3,2018-04-11 16:58:31
1256,PORVB2,2.78,19.42,0.12,19.3,2018-04-11 16:58:40
1257,PORVB2,2.78,19.5,0.2,19.3,2018-04-11 16:58:59
1258,PORVB2,2.78,19.5,0.2,19.3,2018-04-11 16:59:07
1259,PORVB2,2.78,19.32,0.02,19.3,2018-04-11 16:59:27
1260,PORVB2,2.78,19.46,0.16,19.3,2018-04-11 16:59:36
1261,PORVB2,2.78,19.58,0.28,19.3,2018-04-11 16:59:43
1262,PORVB2,2.78,19.6,0.3,19.3,2018-04-11 16:59:53
1263,PORVB2,2.78,19.58,0.28,19.3,2018-04-11 17:00:03
1264,PORVB2,2.78,19.66,0.36,19.3,2018-04-11 17:00:16
1265,PORVB2,2.78,19.3,0,19.3,2018-04-11 17:00:36
1266,PORVB2,2.78,19.36,0.06,19.3,2018-04-11 17:00:52
1267,PORVB2,2.78,19.46,0.16,19.3,2018-04-11 17:00:58
1268,PORVB2,2.78,19.56,0.26,19.3,2018-04-11 17:01:27
1269,PORVB2,2.78,19.5,0.2,19.3,2018-04-11 17:01:38
1270,PORVB2,2.78,19.6,0.3,19.3,2018-04-11 17:01:50
1271,PORVB2,2.78,19.36,0.06,19.3,2018-04-11 17:01:58
1272,PORVB2,2.78,19.48,0.18,19.3,2018-04-11 17:02:23
1273,PORVB2,2.78,19.3,0,19.3,2018-04-11 17:02:41
1274,PORVB2,2.78,19.52,0.22,19.3,2018-04-11 17:03:08
1275,PORVB2,2.78,19.68,0.38,19.3,2018-04-11 17:03:38
1276,PORVB2,2.78,19.44,0.14,19.3,2018-04-11 17:14:35
1277,PORVB2,2.78,19.28,-0.02,19.3,2018-04-11 17:14:53
1278,PORVB2,2.78,19.54,0.24,19.3,2018-04-11 17:15:03
1279,PORVB2,2.78,19.62,0.32,19.3,2018-04-11 17:15:14
1280,PORVB2,2.78,19.38,0.08,19.3,2018-04-11 17:15:23
1281,PORVB2,2.78,19.46,0.16,19.3,2018-04-11 17:15:39
1282,PORVB2,2.78,19.44,0.14,19.3,2018-04-11 17:16:02
1283,PORVB2,2.78,19.44,0.14,19.3,2018-04-11 17:16:34
1284,PORVB2,2.78,19.48,0.18,19.3,2018-04-11 17:16:40
1285,PORVB2,2.78,19.54,0.24,19.3,2018-04-11 17:17:25
1286,PORVB2,2.78,19.46,0.16,19.3,2018-04-11 17:17:48
1287,PORVB2,2.78,19.46,0.16,19.3,2018-04-11 17:17:55
1288,PORVB2,2.78,19.46,0.16,19.3,2018-04-11 17:18:07
1289,PORVB2,2.78,19.4,0.1,19.3,2018-04-11 17:18:25
1290,PORVB2,2.78,19.54,0.24,19.3,2018-04-11 17:18:36
1291,PORVB2,2.78,19.3,0,19.3,2018-04-11 17:18:50
1292,PORVB2,2.78,19.78,0.48,19.3,2018-04-11 17:19:00
1293,PORVB2,2.78,19.52,0.22,19.3,2018-04-11 17:19:08
1294,PORVB2,2.78,19.54,0.24,19.3,2018-04-11 17:19:17
1295,PORVB2,2.78,19.52,0.22,19.3,2018-04-11 17:19:30
1296,PORVB2,2.78,19.34,0.04,19.3,2018-04-11 17:19:46
1297,PORVB2,2.78,19.6,0.3,19.3,2018-04-11 17:20:00
1298,PORVB2,2.78,19.46,0.16,19.3,2018-04-11 17:20:24
1299,PORVB2,2.78,19.7,0.4,19.3,2018-04-11 17:20:32
1300,PORVB2,2.78,19.52,0.22,19.3,2018-04-11 17:20:45
1301,PORVB2,2.78,19.32,0.02,19.3,2018-04-11 17:20:55
1302,PORVB2,2.78,19.66,0.36,19.3,2018-04-11 17:21:05
1303,PORVB2,2.78,19.54,0.24,19.3,2018-04-11 17:21:13
1304,PORVB2,2.78,19.5,0.2,19.3,2018-04-11 17:21:30
1305,PORVB2,2.78,19.56,0.26,19.3,2018-04-11 17:21:46
1306,PORVB2,2.78,19.5,0.2,19.3,2018-04-11 17:21:54
1307,PORVB2,2.78,19.54,0.24,19.3,2018-04-11 17:22:05
1308,PORVB2,2.78,19.44,0.14,19.3,2018-04-11 17:22:13
1309,PORVB2,2.78,19.32,0.02,19.3,2018-04-11 17:22:27
1310,PORVB2,2.78,19.52,0.22,19.3,2018-04-11 17:22:49
1311,PORVB2,2.78,19.44,0.14,19.3,2018-04-11 17:23:05
1312,PORVB2,2.78,19.4,0.1,19.3,2018-04-11 17:23:20
1313,PORVB2,2.78,19.58,0.28,19.3,2018-04-11 17:23:37
1314,PORVB2,2.78,19.4,0.1,19.3,2018-04-11 17:23:57
1315,PORVB2,2.78,19.52,0.22,19.3,2018-04-11 17:24:17
1316,PORVB2,2.78,19.34,0.04,19.3,2018-04-11 17:24:34
1317,PORVB2,2.78,19.3,0,19.3,2018-04-11 17:25:03
1318,PORVB2,2.78,19.44,0.14,19.3,2018-04-11 17:25:25
1319,PORVB2,2.78,19.58,0.28,19.3,2018-04-11 17:25:36
1320,PORVB2,2.78,19.54,0.24,19.3,2018-04-11 17:25:49
1321,PORVB2,2.78,19.32,0.02,19.3,2018-04-11 17:26:04
1322,PORVB2,2.78,19.28,-0.02,19.3,2018-04-11 17:26:14
1323,PORVB2,2.78,19.56,0.26,19.3,2018-04-11 17:26:25
1324,PORVB2,2.78,19.38,0.08,19.3,2018-04-11 17:26:40
1325,PORVB2,2.78,19.66,0.36,19.3,2018-04-11 17:26:58
1326,PORVB2,2.78,19.48,0.18,19.3,2018-04-11 17:27:10
1327,PORVB2,2.78,19.32,0.02,19.3,2018-04-11 17:27:37
1328,PORVB2,2.78,19.36,0.06,19.3,2018-04-11 17:27:47
1329,PORVB2,2.78,19.5,0.2,19.3,2018-04-11 17:27:58
1330,PORVB2,2.78,19.54,0.24,19.3,2018-04-11 17:28:16
1331,PORVB2,2.78,19.32,0.02,19.3,2018-04-11 17:28:32
1332,PORVB2,2.78,19.56,0.26,19.3,2018-04-11 17:28:45
1333,PORVB2,2.78,19.3,0,19.3,2018-04-11 17:29:07
1334,PORVB2,2.78,19.7,0.4,19.3,2018-04-11 17:29:19
1335,PORVB2,2.78,19.3,0,19.3,2018-04-11 17:29:29
1336,PORVB2,2.78,19.66,0.36,19.3,2018-04-11 17:29:50
1337,PORVB2,2.78,19.58,0.28,19.3,2018-04-11 17:30:04
1338,PORVB2,2.78,19.46,0.16,19.3,2018-04-11 17:30:16
1339,PORVB2,2.78,19.28,-0.02,19.3,2018-04-11 17:30:29
1340,PORVB2,2.78,19.48,0.18,19.3,2018-04-11 17:30:41
1341,PORVB2,2.78,19.44,0.14,19.3,2018-04-11 17:30:49
1342,PORVB2,2.78,19.58,0.28,19.3,2018-04-11 17:30:57
1343,PORVB2,2.78,19.3,0,19.3,2018-04-11 17:31:11
1344,PORVB2,2.78,19.48,0.18,19.3,2018-04-11 17:31:25
1345,PORVB2,2.78,19.3,0,19.3,2018-04-11 17:31:38
1346,PORVB2,2.78,19.66,0.36,19.3,2018-04-11 17:31:48
1347,PORVB2,2.78,19.7,0.4,19.3,2018-04-11 17:31:59
1348,PORVB2,2.78,19.36,0.06,19.3,2018-04-11 17:32:16
1349,PORVB2,2.78,19.32,0.02,19.3,2018-04-11 17:32:43
1350,PORVB2,2.78,19.5,0.2,19.3,2018-04-11 17:32:57
1351,PORVB2,2.78,19.58,0.28,19.3,2018-04-11 17:33:06
1352,PORVB2,2.78,19.62,0.32,19.3,2018-04-11 17:33:37
1353,PORVB2,2.78,19.52,0.22,19.3,2018-04-11 17:33:52
1354,PORVB2,2.78,19.62,0.32,19.3,2018-04-11 17:34:03
1355,PORVB2,2.78,19.3,0,19.3,2018-04-11 17:34:17
1356,PORVB2,2.78,19.6,0.3,19.3,2018-04-11 17:34:36
1357,PORVB2,2.78,19.7,0.4,19.3,2018-04-11 17:34:55
1358,PORVB2,2.78,19.46,0.16,19.3,2018-04-11 17:35:37
1359,PORVB2,2.78,19.4,0.1,19.3,2018-04-11 17:36:00
1360,PORVB2,2.78,19.6,0.3,19.3,2018-04-11 17:36:07
1361,PORVB2,2.78,19.32,0.02,19.3,2018-04-11 17:36:17
1362,PORVB2,2.78,19.58,0.28,19.3,2018-04-11 17:36:27
1363,PORVB2,2.78,19.52,0.22,19.3,2018-04-11 17:36:58
1364,PORVB2,2.78,19.6,0.3,19.3,2018-04-11 17:37:07
1365,PORVB2,2.78,19.32,0.02,19.3,2018-04-11 17:37:15