,Luz (lux)
0,1
1,1
2,1
3,1
4,1
5,1
6,1
7,1
8,1
9,1
10,1
11,15
12,996
13,5816
14,8242
15,8917
16,27756
17,26536
18,21674
19,27756
20,28387
21,34366
22,37601
23,37180
24,46035
25,34755
26,43518
27,39775
28,44508
29,49247
30,23186
31,17703
32,8621
33,8524
34,5198
35,1786
36,154
37,2
38,1
39,1
40,1
41,1
42,1
43,1
44,1
45,1
46,1
47,1
48,1
49,1
50,1
51,1
52,1
53,1
54,1
55,1
56,1
57,1
58,1
59,22
60,1786
61,6084
62,9647
63,15644
64,19810
65,21919
66,31410
67,30368
68,23714
69,30368
70,37180
71,25085
72,9327
73,21919
74,18938
75,21674
76,17309
77,12079
78,9432
79,10554
80,10554
81,7283
82,5316
83,2503
84,414
85,2
86,1
87,1
88,1
89,1
90,1
91,1
92,1
93,1
94,1
95,1
96,1
97,1
98,1
99,1
100,1
101,1
102,1
103,1
104,1
105,1
106,1
107,11
108,507
109,4491
110,6885
111,34366
112,20721
113,17116
114,35947
115,38456
116,24253
117,33602
118,36354
119,40679
120,43032
121,47614
122,41139
123,48152
124,41605
125,24253
126,22671
127,18938
128,27139
129,11040
130,7365
131,3468
132,507
133,2
134,1
135,1
136,1
137,1
138,1
139,1
140,1
141,1
142,1
143,1
144,1
145,1
146,1
147,1
148,1
149,1
150,1
151,1
152,1
153,1
154,1
155,14
156,1089
157,4593
158,11548
159,16363
160,13516
161,22417
162,18938
163,20955
164,33982
165,35545
166,46555
167,43518
168,42551
169,49247
170,32488
171,48697
172,45011
173,42075
174,8150
175,22927
176,13068
177,8242
178,2237
179,743
180,115
181,1
182,1
183,1
184,1
185,1
186,1
187,1
188,1
189,1
190,1
191,1
192,1
193,1
194,1
195,1
196,1
197,1
198,1
199,1
200,1
201,1
202,1
203,14
204,1443
205,5082
206,11548
207,26536
208,23449
209,19810
210,27139
211,25655
212,30029
213,31765
214,38891
215,28708
216,44010
217,48152
218,50367
219,48152
220,14788
221,9978
222,5751
223,5751
224,12777
225,10320
226,3353
227,1727
228,379
229,2
230,1
231,1
232,1
233,1
234,1
235,1
236,1
237,1
238,1
239,1
240,1
241,1
242,1
243,1
244,1
245,1
246,1
247,1
248,1
249,1
250,1
251,14
252,2930
253,9119
254,11419
255,30029
256,29693
257,21919
258,30712
259,24253
260,39775
261,33602
262,7041
263,13980
264,10320
265,6963
266,10674
267,46035
268,14788
269,23449
270,30029
271,30712
272,17116
273,8242
274,6582
275,4391
276,1053
277,4
278,1
279,1
280,1
281,1
282,1
283,1
284,1
285,1
286,1
287,1
288,1
289,1
290,1
291,1
292,1
293,1
294,1
295,1
296,1
297,1
298,1
299,16
300,2531
301,6222
302,9539
303,13216
304,14623
305,17703
306,23714
307,20489
308,24253
309,32488
310,36765
311,43518
312,35148
313,46555
314,24527
315,48152
316,52095
317,48152
318,48152
319,23186
320,40679
321,33226
322,6885
323,1933
324,21
325,1
326,1
327,1
328,1
329,1
330,1
331,1
332,1
333,1
334,1
335,1
336,1
337,1
338,1
339,1
340,1
341,1
342,1
343,1
344,1
345,1
346,1
347,14
348,920
349,3710
350,7041
351,9432
352,14298
353,18517
354,20034
355,30029
356,29693
357,29693
358,29361
359,31059
360,32855
361,36765
362,25085
363,20489
364,27139
365,28070
366,21919
367,24253
368,15820
369,12354
370,8917
371,4804
372,1192
373,5
374,1
375,1
376,1
377,1
378,1
379,1
380,1
381,1
382,1
383,1
384,1
385,1
386,1
387,1
388,1
389,1
390,1
391,1
392,1
393,1
394,1
395,44
396,3353
397,8429
398,14460
399,20955
400,27139
401,22927
402,32488
403,23186
404,32488
405,47614
406,31410
407,14138
408,19153
409,25085
410,42551
411,48152
412,50367
413,43032
414,44508
415,39775
416,36354
417,31059
418,18106
419,3880
420,795
421,3
422,1
423,1
424,1
425,1
426,1
427,1
428,1
429,1
430,1
431,1
432,1
433,1
434,1
435,1
436,1
437,1
438,1
439,1
440,1
441,1
442,1
443,18
444,1492
445,5140
446,10436
447,14623
448,12922
449,12354
450,15125
451,18517
452,33602
453,16363
454,26836
455,24253
456,24253
457,22417
458,17703
459,23714
460,24527
461,15999
462,17505
463,19369
464,15296
465,11678
466,3391
467,2114
468,463
469,2
470,1
471,1
472,1
473,1
474,1
475,1
476,1
477,1
478,1
479,1
480,1
481,1
482,1
483,1
484,1
485,1
486,1
487,1
488,1
489,1
490,1
491,6
492,920
493,2708
494,9327
495,17903
496,16924
497,22927
498,22167
499,28387
500,32124
501,35545
502,35545
503,37601
504,40679
505,45520
506,42551
507,33226
508,53280
509,43032
510,17903
511,5140
512,4294
513,2163
514,1030
515,822
516,178
517,2
518,1
519,1
520,1
521,1
522,1
523,1
524,1
525,1
526,1
527,1
528,1
529,1
530,1
531,1
532,1
533,1
534,1
535,1
536,1
537,1
538,1
539,31
540,1933
541,7365
542,11810
543,21919
544,17116
545,34755
546,21919
547,39330
548,40679
549,20489
550,43518
551,39330
552,46555
553,46555
554,48152
555,51513
556,52095
557,45520
558,44508
559,42551
560,39330
561,33226
562,21192
563,13516
564,1443
565,7
566,1
567,1
568,1
569,1
570,1
571,1
572,1
573,1
574,1
575,1
576,1
577,1
578,1
579,1
580,1
581,1
582,1
583,1
584,1
585,1
586,1
587,8
588,777
589,1596
590,5751
591,10917
592,16735
593,19810
594,15820
595,20955
596,28708
597,28070
598,32124
599,29033
600,34755
601,4859
602,8718
603,13068
604,20260
605,13216
606,10436
607,14138
608,15125
609,6508
610,4441
611,1806
612,490
613,2
614,1
615,1
616,1
617,1
618,1
619,1
620,1
621,1
622,1
623,1
624,1
625,1
626,1
627,1
628,1
629,1
630,1
631,1
632,1
633,1
634,1
635,42
636,2420
637,7449
638,6885
639,13068
640,16363
641,31410
642,23186
643,38026
644,28387
645,36765
646,36354
647,42075
648,43518
649,34366
650,21432
651,20260
652,52095
653,35947
654,27446
655,22671
656,31765
657,23714
658,9017
659,3969
660,1018
661,5
662,1
663,1
664,1
665,1
666,1
667,1
668,1
669,1
670,1
671,1
672,1
673,1
674,1
675,1
676,1
677,1
678,1
679,1
680,1
681,1
682,1
683,26
684,1192
685,3099
686,7449
687,18517
688,14298
689,26536
690,17116
691,17116
692,25946
693,24805
694,27446
695,19588
696,21192
697,19588
698,20260
699,15820
700,15644
701,6222
702,1233
703,1427
704,1868
705,952
706,438
707,258
708,45
709,1
710,1
711,1
712,1
713,1
714,1
715,1
716,1
717,1
718,1
719,1
720,1
721,1
722,1
723,1
724,1
725,1
726,1
727,1
728,1
729,1
730,1
731,40
732,1806
733,5082
734,9432
735,15999
736,27446
737,26239
738,33226
739,36354
740,37601
741,39330
742,37180
743,39775
744,43032
745,50937
746,34366
747,28070
748,27446
749,35545
750,41139
751,10795
752,12777
753,9756
754,3880
755,1233
756,567
757,1
758,1
759,1
760,1
761,1
762,1
763,1
764,1
765,1
766,1
767,1
768,1
769,1
770,1
771,1
772,1
773,1
774,1
775,1
776,1
777,1
778,1
779,25
780,841
781,2589
782,5082
783,7533
784,9327
785,12216
786,16924
787,12922
788,25655
789,33226
790,41139
791,39330
792,33982
793,40679
794,29361
795,35947
796,46035
797,30368
798,26536
799,40679
800,41139
801,29033
802,6508
803,3924
804,600
805,3
806,1
807,1
808,1
809,1
810,1
811,1
812,1
813,1
814,1
815,1
816,1
817,1
818,1
819,1
820,1
821,1
822,1
823,1
824,1
825,1
826,1
827,18
828,813
829,5816
830,10795
831,15296
832,18310
833,25946
834,25655
835,22671
836,15469
837,8058
838,21674
839,15296
840,14460
841,15820
842,25946
843,22167
844,18938
845,19369
846,15999
847,13365
848,9756
849,7121
850,4294
851,1689
852,370
853,2
854,1
855,1
856,1
857,1
858,1
859,1
860,1
861,1
862,1
863,1
864,1
865,1
866,1
867,1
868,1
869,1
870,1
871,1
872,1
873,1
874,1
875,54
876,2832
877,5437
878,5198
879,9119
880,19810
881,25655
882,33602
883,39330
884,32488
885,32855
886,40225
887,38456
888,46555
889,50367
890,23449
891,20034
892,22167
893,44010
894,16180
895,13669
896,11678
897,9866
898,9222
899,6153
900,2187
901,10
902,1
903,1
904,1
905,1
906,1
907,1
908,1
909,1
910,1
911,1
912,1
913,1
914,1
915,1
916,1
917,1
918,1
919,1
920,1
921,1
922,1
923,35
924,2212
925,7704
926,12216
927,26239
928,15820
929,19369
930,23186
931,33602
932,42075
933,48152
934,28387
935,28387
936,31410
937,32124
938,20034
939,21919
940,30029
941,40679
942,12354
943,7791
944,8429
945,10090
946,9222
947,3924
948,727
949,6
950,1
951,1
952,1
953,1
954,1
955,1
956,1
957,1
958,1
959,1
960,1
961,1
962,1
963,1
964,1
965,1
966,1
967,1
968,1
969,1
970,1
971,9
972,1065
973,4804
974,8058
975,8335
976,10204
977,10554
978,21432
979,20489
980,37601
981,37180
982,30712
983,26239
984,41605
985,42075
986,39775
987,37601
988,41605
989,38456
990,31765
991,15644
992,14138
993,9756
994,5376
995,1053
996,112
997,1
998,1
999,1
1000,1
1001,1
1002,1
1003,1
1004,1
1005,1
1006,1
1007,1
1008,1
1009,1
1010,1
1011,1
1012,1
1013,1
1014,1
1015,1
1016,1
1017,1
1018,1
1019,14
1020,1427
1021,7449
1022,7791
1023,14460
1024,20489
1025,24805
1026,38891
1027,18938
1028,44010
1029,48152
1030,46035
1031,41605
1032,26836
1033,24253
1034,36354
1035,31059
1036,37601
1037,48152
1038,27139
1039,21432
1040,35148
1041,26239
1042,10554
1043,4105
1044,156
1045,3
1046,1
1047,1
1048,1
1049,1
1050,1
1051,1
1052,1
1053,1
1054,1
1055,1
1056,1
1057,1
1058,1
1059,1
1060,1
1061,1
1062,1
1063,1
1064,1
1065,1
1066,1
1067,17
1068,1077
1069,4105
1070,3587
1071,7365
1072,11291
1073,11944
1074,6436
1075,30712
1076,15820
1077,33226
1078,11040
1079,22167
1080,25085
1081,32124
1082,31765
1083,33602
1084,23186
1085,17116
1086,22167
1087,27446
1088,10554
1089,4246
1090,4151
1091,3353
1092,760
1093,5
1094,1
1095,1
1096,1
1097,1
1098,1
1099,1
1100,1
1101,1
1102,1
1103,1
1104,1
1105,1
1106,1
1107,1
1108,1
1109,1
1110,1
1111,1
1112,1
1113,1
1114,1
1115,34
1116,2420
1117,8718
1118,13516
1119,14956
1120,26536
1121,30712
1122,36354
1123,35545
1124,38456
1125,35947
1126,35545
1127,42551
1128,38891
1129,47082
1130,47614
1131,51513
1132,50937
1133,45520
1134,34755
1135,47082
1136,24805
1137,11165
1138,7968
1139,6582
1140,1261
1141,6
1142,1
1143,1
1144,1
1145,1
1146,1
1147,1
1148,1
1149,1
1150,1
1151,1
1152,1
1153,1
1154,1
1155,1
1156,1
1157,1
1158,1
1159,1
1160,1
1161,1
1162,1
1163,36
1164,1459
1165,5561
1166,9539
1167,23449
1168,15644
1169,30029
1170,28708
1171,29033
1172,28070
1173,26536
1174,30712
1175,18727
1176,37180
1177,50937
1178,36354
1179,29693
1180,31765
1181,40679
1182,32124
1183,19153
1184,14623
1185,11548
1186,9222
1187,4294
1188,1030
1189,13
1190,1
1191,1
1192,1
1193,1
1194,1
1195,1
1196,1
1197,1
1198,1
1199,1
1200,1
1201,1
1202,1
1203,1
1204,1
1205,1
1206,1
1207,1
1208,1
1209,1
1210,1
1211,12
1212,2237
1213,14460
1214,16548
1215,16924
1216,23186
1217,25085
1218,22167
1219,19588
1220,21674
1221,33226
1222,33982
1223,31410
1224,27756
1225,30368
1226,33226
1227,23449
1228,35947
1229,23449
1230,13980
1231,11419
1232,9432
1233,7879
1234,8150
1235,4342
1236,743
1237,6
1238,1
1239,1
1240,1
1241,1
1242,1
1243,1
1244,1
1245,1
1246,1
1247,1
1248,1
1249,1
1250,1
1251,1
1252,1
1253,1
1254,1
1255,1
1256,1
1257,1
1258,1
1259,24
1260,1053
1261,2801
1262,10795
1263,18106
1264,30029
1265,28708
1266,16363
1267,30029
1268,40679
1269,46035
1270,44508
1271,29361
1272,25369
1273,23449
1274,23714
1275,46555
1276,23714
1277,30368
1278,48152
1279,17903
1280,11291
1281,6153
1282,8917
1283,5257
1284,147
1285,2
1286,1
1287,1
1288,1
1289,1
1290,1
1291,1
1292,1
1293,1
1294,1
1295,1
1296,1
1297,1
1298,1
1299,1
1300,1
1301,1
1302,1
1303,1
1304,1
1305,1
1306,1
1307,49
1308,2864
1309,6963
1310,11165
1311,8429
1312,19588
1313,13365
1314,22417
1315,24253
1316,30368
1317,32124
1318,27139
1319,35148
1320,44010
1321,24527
1322,25369
1323,23714
1324,50937
1325,21192
1326,22927
1327,42551
1328,31059
1329,28708
1330,7704
1331,2832
1332,1007
1333,10
1334,1
1335,1
1336,1
1337,1
1338,1
1339,1
1340,1
1341,1
1342,1
1343,1
1344,4491
1345,5140
1346,3241
1347,1766
1348,3710
1349,2618
1350,2021
1351,3547
1352,5198
1353,5561
1354,5498
1355,10204
1356,15125
1357,14956
1358,1543
1359,7283
1360,4593
1361,1977
1362,261
1363,1
1364,1
1365,1
1366,1
1367,1
1368,1
1369,1
1370,1
1371,1
1372,1
1373,1
1374,1
1375,1
1376,1
1377,1
1378,1
1379,1
1380,1
1381,1
1382,1
1383,1
1384,1
1385,216
1386,6656
1387,7201
1388,10554
1389,11165
1390,9119
1391,21432
1392,15644
1393,17903
1394,27139
1395,25946
1396,47614
1397,41139
1398,43032
1399,33982
1400,47082
1401,49804
1402,53280
1403,41605
1404,38456
1405,30029
1406,20721
1407,18310
1408,13824
1409,5623
1410,769
1411,2
1412,1
1413,1
1414,1
1415,1
1416,1
1417,1
1418,1
1419,1
1420,1
1421,1
1422,1
1423,1
1424,1
1425,1
1426,1
1427,1
1428,1
1429,1
1430,1
1431,1
1432,1
1433,130
1434,2738
1435,4542
1436,8817
1437,10917
1438,9222
1439,15999
1440,6293
1441,4804
1442,11810
1443,7533
1444,14460
1445,31059
1446,29693
1447,35148
1448,49247
1449,50937
1450,35148
1451,36765
1452,33602
1453,27446
1454,23449
1455,20260
1456,11291
1457,5140
1458,438
1459,2
1460,1
1461,1
1462,1
1463,1
1464,1
1465,1
1466,1
1467,1
1468,1
1469,1
1470,1
1471,1
1472,1
1473,1
1474,1
1475,1
1476,1
1477,1
1478,1
1479,1
1480,1
1481,94
1482,1065
1483,7365
1484,14138
1485,16363
1486,18727
1487,19153
1488,19810
1489,32124
1490,31765
1491,26536
1492,27139
1493,13824
1494,33982
1495,19153
1496,18727
1497,16548
1498,30712
1499,25946
1500,20260
1501,32488
1502,19153
1503,21432
1504,11419
1505,4105
1506,338
1507,1
1508,1
1509,1
1510,1
1511,1
1512,1
1513,1
1514,1
1515,1
1516,1
1517,1
1518,1
1519,1
1520,1
1521,1
1522,1
1523,1
1524,1
1525,1
1526,1
1527,1
1528,1
1529,92
1530,1708
1531,3710
1532,8621
1533,8150
1534,12493
1535,14138
1536,17505
1537,20721
1538,26836
1539,22671
1540,38456
1541,32855
1542,26536
1543,28708
1544,24253
1545,33226
1546,46035
1547,22417
1548,36765
1549,35545
1550,25369
1551,20489
1552,10917
1553,5816
1554,672
1555,2
1556,1
1557,1
1558,1
1559,1
1560,1
1561,1
1562,1
1563,1
1564,1
1565,1
1566,1
1567,1
1568,1
1569,1
1570,1
1571,1
1572,1
1573,1
1574,1
1575,1
1576,1
1577,29
1578,1102
1579,2067
1580,8524
1581,14138
1582,13980
1583,23714
1584,31765
1585,7121
1586,15820
1587,24805
1588,31765
1589,36765
1590,25946
1591,25369
1592,16363
1593,6885
1594,3547
1595,6153
1596,3924
1597,5498
1598,4804
1599,1848
1600,1670
1601,1561
1602,273
1603,2
1604,1
1605,1
1606,1
1607,1
1608,1
1609,1
1610,1
1611,1
1612,1
1613,1
1614,1
1615,1
1616,1
1617,1
1618,1
1619,1
1620,1
1621,1
1622,1
1623,1
1624,1
1625,124
1626,2366
1627,8242
1628,26239
1629,28070
1630,37601
1631,25369
1632,23982
1633,45011
1634,43518
1635,46035
1636,28708
1637,30029
1638,23714
1639,29033
1640,45520
1641,44010
1642,49247
1643,33602
1644,16548
1645,40679
1646,18310
1647,8817
1648,10204
1649,5025
1650,743
1651,1
1652,1
1653,1
1654,1
1655,1
1656,1
1657,1
1658,1
1659,1
1660,1
1661,1
1662,1
1663,1
1664,1
1665,1
1666,1
1667,1
1668,1
1669,1
1670,1
1671,1
1672,1
1673,67
1674,2832
1675,3099
1676,9756
1677,17703
1678,27756
1679,27139
1680,24253
1681,7879
1682,13216
1683,23186
1684,38891
1685,40225
1686,26536
1687,32855
1688,42551
1689,33982
1690,39775
1691,43032
1692,35545
1693,22417
1694,14298
1695,9119
1696,6656
1697,1954
1698,276
1699,2
1700,1
1701,1
1702,1
1703,1
1704,1
1705,1
1706,1
1707,1
1708,1
1709,1
1710,1
1711,1
1712,1
1713,1
1714,1
1715,1
1716,1
1717,1
1718,1
1719,1
1720,1
1721,9
1722,302
1723,1670
1724,3391
1725,2212
1726,14298
1727,5025
1728,9978
1729,7704
1730,17703
1731,25369
1732,16180
1733,20955
1734,22927
1735,13824
1736,30712
1737,20721
1738,23982
1739,23186
1740,22417
1741,11678
1742,8150
1743,2237
1744,1492
1745,1139
1746,258
1747,1
1748,1
1749,1
1750,1
1751,1
1752,1
1753,1
1754,1
1755,1
1756,1
1757,1
1758,1
1759,1
1760,1
1761,1
1762,1
1763,1
1764,1
1765,1
1766,1
1767,1
1768,1
1769,104
1770,3837
1771,8242
1772,7704
1773,7121
1774,10674
1775,11810
1776,11810
1777,33226
1778,39330
1779,33226
1780,26836
1781,34366
1782,32488
1783,26836
1784,18106
1785,23186
1786,24253
1787,14460
1788,9756
1789,6885
1790,7618
1791,4751
1792,1999
1793,752
1794,141
1795,2
1796,1
1797,1
1798,1
1799,1
1800,1
1801,1
1802,1
1803,1
1804,1
1805,1
1806,1
1807,1
1808,1
1809,1
1810,1
1811,1
1812,1
1813,1
1814,1
1815,1
1816,1
1817,99
1818,2475
1819,6656
1820,10320
1821,11944
1822,14788
1823,13516
1824,22417
1825,25655
1826,27446
1827,27139
1828,11810
1829,36765
1830,48697
1831,48697
1832,30029
1833,12777
1834,49804
1835,51513
1836,8150
1837,5751
1838,3468
1839,1578
1840,513
1841,209
1842,86
1843,1
1844,1
1845,1
1846,1
1847,1
1848,1
1849,1
1850,1
1851,1
1852,1
1853,1
1854,1
1855,1
1856,1
1857,1
1858,1
1859,1
1860,1
1861,1
1862,1
1863,1
1864,1
1865,75
1866,2163
1867,5498
1868,10204
1869,12354
1870,13516
1871,24253
1872,23714
1873,28070
1874,34755
1875,33982
1876,43032
1877,48697
1878,25369
1879,47614
1880,45011
1881,49804
1882,49804
1883,51513
1884,45520
1885,41139
1886,33226
1887,28387
1888,18727
1889,10917
1890,1219
1891,7
1892,1
1893,1
1894,1
1895,1
1896,1
1897,1
1898,1
1899,1
1900,1
1901,1
1902,1
1903,1
1904,1
1905,1
1906,1
1907,1
1908,1
1909,1
1910,1
1911,1
1912,1
1913,54
1914,1178
1915,6582
1916,11040
1917,21674
1918,27756
1919,29361
1920,25369
1921,12635
1922,9327
1923,16548
1924,25946
1925,25085
1926,14298
1927,19153
1928,38891
1929,50367
1930,53280
1931,47614
1932,24527
1933,39775
1934,15296
1935,6364
1936,1651
1937,316
1938,10
1939,1
1940,1
1941,1
1942,1
1943,1
1944,1
1945,1
1946,1
1947,1
1948,1
1949,1
1950,1
1951,1
1952,1
1953,1
1954,1
1955,1
1956,1
1957,1
1958,1
1959,1
1960,1
1961,73
1962,1233
1963,5257
1964,7791
1965,8817
1966,7879
1967,21432
1968,35947
1969,29361
1970,32488
1971,40225
1972,31059
1973,43518
1974,42075
1975,38456
1976,46555
1977,35148
1978,34366
1979,30712
1980,26536
1981,21919
1982,16363
1983,9756
1984,7201
1985,3710
1986,283
1987,1
1988,1
1989,1
1990,1
1991,1
1992,1
1993,1
1994,1
1995,1
1996,1
1997,1
1998,1
1999,1
2000,1
2001,1
2002,1
2003,1
2004,1
2005,1
2006,1
2007,1
2008,1
2009,52
2010,2340
2011,6508
2012,12635
2013,20489
2014,27139
2015,31765
2016,32124
2017,29033
2018,37180
2019,35947
2020,39775
2021,28387
2022,43032
2023,38891
2024,47614
2025,50367
2026,46035
2027,39330
2028,44010
2029,23449
2030,14138
2031,3064
2032,1364
2033,574
2034,159
2035,2
2036,1
2037,1
2038,1
2039,1
2040,1
2041,1
2042,1
2043,1
2044,1
2045,1
2046,1
2047,1
2048,1
2049,1
2050,1
2051,1
2052,1
2053,1
2054,1
2055,1
2056,1
2057,52
2058,2366
2059,7618
2060,7365
2061,7041
2062,37601
2063,29033
2064,25655
2065,27139
2066,27446
2067,30029
2068,29361
2069,34366
2070,48697
2071,47614
2072,48152
2073,45011
2074,47614
2075,27756
2076,22167
2077,36765
2078,31410
2079,21674
2080,19369
2081,5561
2082,1152
2083,6
2084,1
2085,1
2086,1
2087,1
2088,1
2089,1
2090,1
2091,1
2092,1
2093,1
2094,1
2095,1
2096,1
2097,1
2098,1
2099,1
2100,1
2101,1
2102,1
2103,1
2104,1
2105,107
2106,3099
2107,4859
2108,14138
2109,6656
2110,13824
2111,11548
2112,18310
2113,25369
2114,31410
2115,23714
2116,28708
2117,35947
2118,21674
2119,7791
2120,14956
2121,12922
2122,13669
2123,13216
2124,21432
2125,19588
2126,10436
2127,5140
2128,2930
2129,2393
2130,760
2131,4
2132,1
2133,1
2134,1
2135,1
2136,1
2137,1
2138,1
2139,1
2140,1
2141,1
2142,1
2143,1
2144,1
2145,1
2146,1
2147,1
2148,1
2149,1
2150,1
2151,1
2152,1
2153,41
2154,433
2155,2678
2156,2801
2157,7879
2158,16180
2159,12354
2160,19588
2161,17116
2162,14138
2163,9222
2164,14788
2165,23714
2166,35148
2167,31059
2168,28708
2169,21919
2170,23186
2171,22927
2172,27756
2173,29361
2174,23714
2175,18727
2176,10795
2177,4859
2178,1030
2179,5
2180,1
2181,1
2182,1
2183,1
2184,1
2185,1
2186,1
2187,1
2188,1
2189,1
2190,1
2191,1
2192,1
2193,1
2194,1
2195,1
2196,1
2197,1
2198,1
2199,1
2200,1
2201,61
2202,3391
2203,5949
2204,5257
2205,9222
2206,11944
2207,9432
2208,12493
2209,22167
2210,37601
2211,24527
2212,38026
2213,39330
2214,46035
2215,44508
2216,46555
2217,47614
2218,29693
2219,38891
2220,24253
2221,15820
2222,11291
2223,8242
2224,1509
2225,555
2226,73
2227,1
2228,1
2229,1
2230,1
2231,1
2232,1
2233,1
2234,1
2235,1
2236,1
2237,1
2238,1
2239,1
2240,1
2241,1
2242,1
2243,1
2244,1
2245,1
2246,1
2247,1
2248,1
2249,86
2250,1543
2251,6656
2252,11678
2253,20034
2254,22927
2255,23186
2256,17116
2257,39330
2258,26239
2259,38026
2260,46035
2261,44010
2262,45520
2263,47082
2264,46555
2265,45520
2266,30712
2267,46035
2268,45520
2269,43032
2270,41605
2271,27446
2272,16363
2273,12493
2274,1848
2275,12
2276,1
2277,1
2278,1
2279,1
2280,1
2281,1
2282,1
2283,1
2284,1
2285,1
2286,1
2287,1
2288,1
2289,1
2290,1
2291,1
2292,1
2293,1
2294,1
2295,1
2296,1
2297,15
2298,443
2299,1561
2300,4751
2301,6508
2302,8621
2303,11678
2304,7968
2305,9222
2306,15469
2307,22167
2308,24527
2309,36765
2310,32488
2311,38456
2312,32855
2313,23982
2314,29361
2315,27756
2316,23714
2317,28387
2318,34755
2319,24527
2320,17505
2321,14298
2322,1999
2323,10
2324,1
2325,1
2326,1
2327,1
2328,1
2329,1
2330,1
2331,1
2332,1
2333,1
2334,1
2335,1
2336,1
2337,1
2338,1
2339,1
2340,1
2341,1
2342,1
2343,1
2344,1
2345,83
2346,1651
2347,5882
2348,9017
2349,16180
2350,13068
2351,17703
2352,24527
2353,19369
2354,22927
2355,23186
2356,24527
2357,33982
2358,42075
2359,32124
2360,30712
2361,20955
2362,26836
2363,30712
2364,35148
2365,38456
2366,12777
2367,10204
2368,4542
2369,4151
2370,1077
2371,7
2372,1
2373,1
2374,1
2375,1
2376,1
2377,1
2378,1
2379,1
2380,1
2381,1
2382,1
2383,1
2384,1
2385,1
2386,1
2387,1
2388,1
2389,1
2390,1
2391,1
2392,1
2393,49
2394,1275
2395,5140
2396,9978
2397,14460
2398,20955
2399,16363
2400,37180
2401,23186
2402,32124
2403,40679
2404,44010
2405,21192
2406,26239
2407,44508
2408,16735
2409,4198
2410,8524
2411,10795
2412,12493
2413,12216
2414,10436
2415,8150
2416,3837
2417,594
2418,323
2419,4
2420,1
2421,1
2422,1
2423,1
2424,1
2425,1
2426,1
2427,1
2428,1
2429,1
2430,1
2431,1
2432,1
2433,1
2434,1
2435,1
2436,1
2437,1
2438,1
2439,1
2440,1
2441,66
2442,1596
2443,5025
2444,9432
2445,15296
2446,19810
2447,17703
2448,22167
2449,25369
2450,28387
2451,25655
2452,31410
2453,39775
2454,43032
2455,45011
2456,44010
2457,39330
2458,31765
2459,32124
2460,29693
2461,22417
2462,13216
2463,11944
2464,8817
2465,4198
2466,890
2467,2
2468,1
2469,1
2470,1
2471,1
2472,1
2473,1
2474,1
2475,1
2476,1
2477,1
2478,1
2479,1
2480,1
2481,1
2482,1
2483,1
2484,1
2485,1
2486,1
2487,1
2488,1
2489,44
2490,735
2491,2163
2492,5751
2493,12777
2494,16924
2495,20489
2496,31059
2497,38456
2498,37601
2499,32855
2500,43032
2501,30712
2502,44508
2503,42075
2504,43032
2505,30712
2506,25369
2507,21432
2508,22167
2509,14138
2510,11040
2511,10795
2512,8335
2513,3547
2514,555
2515,8
2516,1
2517,1
2518,1
2519,1
2520,1
2521,1
2522,1
2523,1
2524,1
2525,1
2526,1
2527,1
2528,1
2529,1
2530,1
2531,1
2532,1
2533,1
2534,1
2535,1
2536,1
2537,81
2538,4198
2539,10436
2540,11944
2541,20955
2542,21432
2543,23714
2544,13824
2545,15469
2546,26536
2547,21674
2548,22671
2549,42551
2550,40679
2551,22927
2552,25946
2553,53280
2554,46035
2555,43032
2556,39775
2557,22417
2558,5437
2559,13824
2560,9327
2561,2963
2562,485
2563,3
2564,1
2565,1
2566,1
2567,1
2568,1
2569,1
2570,1
2571,1
2572,1
2573,1
2574,1
2575,1
2576,1
2577,1
2578,1
2579,1
2580,1
2581,1
2582,1
2583,1
2584,1
2585,49
2586,1030
2587,8335
2588,7041
2589,9327
2590,7879
2591,13980
2592,26536
2593,39330
2594,26536
2595,35947
2596,38891
2597,30029
2598,34755
2599,49247
2600,24527
2601,52684
2602,47082
2603,29693
2604,24253
2605,43032
2606,27756
2607,32488
2608,18106
2609,6016
2610,687
2611,6
2612,1
2613,1
2614,1
2615,1
2616,1
2617,1
2618,1
2619,1
2620,1
2621,1
2622,1
2623,1
2624,1
2625,1
2626,1
2627,1
2628,1
2629,1
2630,1
2631,1
2632,1
2633,38
2634,2288
2635,6885
2636,12922
2637,11548
2638,17903
2639,22417
2640,26836
2641,35148
2642,34366
2643,40225
2644,31059
2645,42075
2646,37601
2647,40225
2648,21192
2649,23982
2650,23982
2651,19810
2652,12354
2653,4342
2654,1954
2655,1933
2656,1334
2657,795
2658,273
2659,2
2660,1
2661,1
2662,1
2663,1
2664,1
2665,1
2666,1
2667,1
2668,1
2669,1
2670,1
2671,1
2672,1
2673,1
2674,1
2675,1
2676,1
2677,1
2678,1
2679,1
2680,1
2681,21
2682,2187
2683,15999
2684,18106
2685,19369
2686,19588
2687,21919
2688,33226
2689,36354
2690,38456
2691,43518
2692,41139
2693,23714
2694,29693
2695,35148
2696,28387
2697,50937
2698,13216
2699,8917
2700,15469
2701,34366
2702,18106
2703,27756
2704,12354
2705,2288
2706,370
2707,2
2708,1
2709,1
2710,1
2711,1
2712,1
2713,1
2714,1
2715,1
2716,1
2717,1
2718,1
2719,1
2720,1
2721,1
2722,1
2723,1
2724,1
2725,1
2726,1
2727,1
2728,1
2729,75
2730,1427
2731,6222
2732,6808
2733,8718
2734,26239
2735,21432
2736,19810
2737,28070
2738,27756
2739,40225
2740,44010
2741,44010
2742,43518
2743,32855
2744,45520
2745,52095
2746,50367
2747,30029
2748,13669
2749,16363
2750,19588
2751,19369
2752,4013
2753,4542
2754,973
2755,7
2756,1
2757,1
2758,1
2759,1
2760,1
2761,1
2762,1
2763,1
2764,1
2765,1
2766,1
2767,1
2768,1
2769,1
2770,1
2771,1
2772,1
2773,1
2774,1
2775,1
2776,1
2777,28
2778,1139
2779,3429
2780,7791
2781,16924
2782,30029
2783,27139
2784,30368
2785,22671
2786,33982
2787,28708
2788,39330
2789,40679
2790,44508
2791,40679
2792,27446
2793,25369
2794,38891
2795,47614
2796,38891
2797,38891
2798,38026
2799,31059
2800,4059
2801,1018
2802,335
2803,3
2804,1
2805,1
2806,1
2807,1
2808,1
2809,1
2810,1
2811,1
2812,1
2813,1
2814,1
2815,1
2816,1
2817,1
2818,1
2819,1
2820,1
2821,1
2822,1
2823,1
2824,1
2825,24
2826,2393
2827,7533
2828,13980
2829,14298
2830,11165
2831,19810
2832,34755
2833,25655
2834,34366
2835,29361
2836,30029
2837,30029
2838,36765
2839,40225
2840,43518
2841,52684
2842,47082
2843,47082
2844,43032
2845,17903
2846,23714
2847,21432
2848,11291
2849,3507
2850,507
2851,3
2852,1
2853,1
2854,1
2855,1
2856,1
2857,1
2858,1
2859,1
2860,1
2861,1
2862,1
2863,1
2864,1
2865,1
2866,1
2867,1
2868,1
2869,1
2870,1
2871,1
2872,1
2873,36
2874,1089
2875,6656
2876,13669
2877,12079
2878,24527
2879,18517
2880,35148
2881,18938
2882,32488
2883,26536
2884,30712
2885,35947
2886,30712
2887,32855
2888,31059
2889,36765
2890,27756
2891,44010
2892,25085
2893,17505
2894,11419
2895,17309
2896,11944
2897,5882
2898,1065
2899,12
2900,1
2901,1
2902,1
2903,1
2904,1
2905,1
2906,1
2907,1
2908,1
2909,1
2910,1
2911,1
2912,1
2913,1
2914,1
2915,1
2916,1
2917,1
2918,1
2919,1
2920,1
2921,96
2922,2187
2923,10554
2924,7041
2925,18938
2926,14623
2927,21674
2928,18938
2929,16735
2930,32124
2931,19810
2932,24805
2933,48152
2934,20489
2935,48152
2936,46035
2937,34366
2938,23982
2939,17703
2940,10436
2941,11678
2942,10674
2943,11944
2944,10795
2945,3710
2946,1275
2947,18
2948,1
2949,1
2950,1
2951,1
2952,1
2953,1
2954,1
2955,1
2956,1
2957,1
2958,1
2959,1
2960,1
2961,1
2962,1
2963,1
2964,1
2965,1
2966,1
2967,1
2968,1
2969,13
2970,323
2971,1890
2972,5376
2973,11548
2974,18727
2975,21192
2976,19153
2977,25655
2978,16735
2979,22927
2980,26239
2981,29033
2982,42551
2983,45011
2984,37601
2985,50367
2986,47614
2987,24527
2988,19369
2989,37601
2990,16924
2991,2340
2992,2708
2993,4059
2994,1041
2995,5
2996,1
2997,1
2998,1
2999,1
3000,1
3001,1
3002,1
3003,1
3004,1
3005,1
3006,1
3007,1
3008,1
3009,1
3010,1
3011,1
3012,1
3013,1
3014,1
3015,1
3016,1
3017,45
3018,1443
3019,4441
3020,5816
3021,7283
3022,13216
3023,21674
3024,14460
3025,38026
3026,31410
3027,31059
3028,23982
3029,20721
3030,13824
3031,25655
3032,22671
3033,28387
3034,30029
3035,35947
3036,21192
3037,35148
3038,34366
3039,28387
3040,9756
3041,3794
3042,241
3043,7
3044,1
3045,1
3046,1
3047,1
3048,1
3049,1
3050,1
3051,1
3052,1
3053,1
3054,1
3055,1
3056,1
3057,1
3058,1
3059,1
3060,1
3061,1
3062,1
3063,1
3064,1
3065,51
3066,1806
3067,5025
3068,8718
3069,13365
3070,24805
3071,22671
3072,23714
3073,33602
3074,28387
3075,28070
3076,21919
3077,37180
3078,28708
3079,29033
3080,29693
3081,31765
3082,30712
3083,30712
3084,31410
3085,30029
3086,21192
3087,22927
3088,11548
3089,4342
3090,777
3091,8
3092,1
3093,1
3094,1
3095,1
3096,1
3097,1
3098,1
3099,1
3100,1
3101,1
3102,1
3103,1
3104,1
3105,1
3106,1
3107,1
3108,1
3109,1
3110,1
3111,1
3112,1
3113,52
3114,2708
3115,7449
3116,15820
3117,21192
3118,25946
3119,20955
3120,28708
3121,21674
3122,38456
3123,28387
3124,40225
3125,28070
3126,24253
3127,47614
3128,41139
3129,49804
3130,45520
3131,42551
3132,42551
3133,34755
3134,29361
3135,25085
3136,18310
3137,10204
3138,1319
3139,12
3140,1
3141,1
3142,1
3143,1
3144,1
3145,1
3146,1
3147,1
3148,1
3149,1
3150,1
3151,1
3152,1
3153,1
3154,1
3155,1
3156,1
3157,1
3158,1
3159,1
3160,1
3161,19
3162,973
3163,1443
3164,3064
3165,4914
3166,9978
3167,25369
3168,19153
3169,35148
3170,30712
3171,14788
3172,28070
3173,31410
3174,37180
3175,9866
3176,10090
3177,3969
3178,3134
3179,2678
3180,2447
3181,2864
3182,2897
3183,5498
3184,4542
3185,1089
3186,309
3187,2
3188,1
3189,1
3190,1
3191,1
3192,1
3193,1
3194,1
3195,1
3196,1
3197,1
3198,1
3199,1
3200,1
3201,1
3202,1
3203,1
3204,1
3205,1
3206,1
3207,1
3208,1
3209,5
3210,870
3211,3710
3212,6364
3213,13980
3214,8718
3215,20034
3216,15469
3217,30368
3218,31765
3219,35545
3220,25655
3221,24805
3222,19588
3223,29693
3224,33982
3225,27446
3226,49804
3227,47614
3228,19153
3229,14788
3230,12216
3231,23982
3232,12922
3233,12493
3234,1911
3235,5
3236,1
3237,1
3238,1
3239,1
3240,1
3241,1
3242,1
3243,1
3244,1
3245,1
3246,1
3247,1
3248,1
3249,1
3250,1
3251,1
3252,1
3253,1
3254,1
3255,1
3256,1
3257,7
3258,443
3259,1747
3260,5082
3261,11165
3262,20489
3263,18727
3264,26836
3265,28070
3266,38456
3267,38026
3268,43518
3269,43518
3270,41605
3271,46555
3272,39775
3273,50937
3274,21674
3275,43032
3276,45520
3277,43032
3278,39330
3279,16924
3280,18938
3281,16180
3282,1999
3283,15
3284,1
3285,1
3286,1
3287,1
3288,1
3289,1
3290,1
3291,1
3292,1
3293,1
3294,1
3295,1
3296,1
3297,1
3298,1
3299,1
3300,1
3301,1
3302,1
3303,1
3304,1
3305,35
3306,1443
3307,6364
3308,8150
3309,9866
3310,5498
3311,15999
3312,31410
3313,11291
3314,11040
3315,24527
3316,26239
3317,30368
3318,45011
3319,25085
3320,40225
3321,52684
3322,50367
3323,20955
3324,39775
3325,19153
3326,30029
3327,20260
3328,10917
3329,7365
3330,1089
3331,8
3332,1
3333,1
3334,1
3335,1
3336,1
3337,1
3338,1
3339,1
3340,1
3341,1
3342,1
3343,1
3344,1
3345,1
3346,1
3347,1
3348,1
3349,1
3350,1
3351,1
3352,1
3353,26
3354,2021
3355,5561
3356,13980
3357,15820
3358,15820
3359,14138
3360,18517
3361,16548
3362,33602
3363,20721
3364,12922
3365,15469
3366,23186
3367,25369
3368,16735
3369,25946
3370,38026
3371,25946
3372,37180
3373,27446
3374,29361
3375,17505
3376,16363
3377,7618
3378,1459
3379,15
3380,1
3381,1
3382,1
3383,1
3384,1
3385,1
3386,1
3387,1
3388,1
3389,1
3390,1
3391,1
3392,1
3393,1
3394,1
3395,1
3396,1
3397,1
3398,1
3399,1
3400,1
3401,7
3402,414
3403,1395
3404,2801
3405,10436
3406,20034
3407,25655
3408,24805
3409,32124
3410,28070
3411,23714
3412,29361
3413,42075
3414,42551
3415,28708
3416,30029
3417,44508
3418,30368
3419,22927
3420,31765
3421,20260
3422,24805
3423,22671
3424,11419
3425,3205
3426,1077
3427,8
3428,1
3429,1
3430,1
3431,1
3432,1
3433,1
3434,1
3435,1
3436,1
3437,1
3438,1
3439,1
3440,1
3441,1
3442,1
3443,1
3444,1
3445,1
3446,1
3447,1
3448,1
3449,15
3450,392
3451,3969
3452,3837
3453,9432
3454,11944
3455,34366
3456,12922
3457,18727
3458,25369
3459,34755
3460,46035
3461,28708
3462,46555
3463,47614
3464,15296
3465,23982
3466,11810
3467,44508
3468,35545
3469,15999
3470,12922
3471,9119
3472,6508
3473,1247
3474,14
3475,1
3476,1
3477,1
3478,1
3479,1
3480,1
3481,1
3482,1
3483,1
3484,1
3485,1
3486,1
3487,1
3488,1
3489,1
3490,1
3491,1
3492,1
3493,1
3494,1
3495,1
3496,1
3497,13
3498,1275
3499,3030
3500,6153
3501,15999
3502,14788
3503,16735
3504,14956
3505,22927
3506,18106
3507,40225
3508,41605
3509,27756
3510,25369
3511,47082
3512,41605
3513,26836
3514,45011
3515,26239
3516,38456
3517,31765
3518,20721
3519,14298
3520,10674
3521,5082
3522,1089
3523,3
3524,1
3525,1
3526,1
3527,1
3528,1
3529,1
3530,1
3531,1
3532,1
3533,1
3534,1
3535,1
3536,1
3537,1
3538,1
3539,1
3540,1
3541,1
3542,1
3543,1
3544,1
3545,5
3546,463
3547,1614
3548,4645
3549,7041
3550,18727
3551,21919
3552,21432
3553,35545
3554,25085
3555,23449
3556,35545
3557,37601
3558,44010
3559,43032
3560,28708
3561,42551
3562,32124
3563,19588
3564,37180
3565,16548
3566,13216
3567,7041
3568,4751
3569,4059
3570,1689
3571,17
3572,1
3573,1
3574,1
3575,1
3576,1
3577,1
3578,1
3579,1
3580,1
3581,1
3582,1
3583,1
3584,1
3585,1
3586,1
3587,1
3588,1
3589,1
3590,1
3591,1
3592,1
3593,21
3594,1633
3595,7449
3596,15296
3597,14788
3598,22417
3599,20489
3600,31765
3601,34755
3602,23186
3603,31765
3604,26239
3605,34755
3606,21192
3607,45520
3608,21192
3609,18310
3610,20955
3611,11810
3612,12079
3613,13365
3614,15820
3615,9539
3616,8429
3617,4969
3618,984
3619,9
3620,1
3621,1
3622,1
3623,1
3624,1
3625,1
3626,1
3627,1
3628,1
3629,1
3630,1
3631,1
3632,1
3633,1
3634,1
3635,1
3636,1
3637,1
3638,1
3639,1
3640,1
3641,25
3642,1018
3643,9539
3644,7791
3645,17703
3646,18727
3647,30029
3648,8058
3649,25369
3650,22167
3651,25946
3652,25369
3653,46555
3654,23714
3655,43032
3656,26536
3657,21192
3658,18938
3659,8917
3660,13516
3661,31059
3662,10554
3663,7704
3664,4013
3665,1304
3666,621
3667,3
3668,1
3669,1
3670,1
3671,1
3672,1
3673,1
3674,1
3675,1
3676,1
3677,1
3678,1
3679,1
3680,1
3681,1
3682,1
3683,1
3684,1
3685,1
3686,1
3687,1
3688,1
3689,17
3690,1077
3691,2021
3692,7533
3693,4914
3694,7449
3695,8524
3696,12079
3697,17309
3698,22167
3699,22671
3700,17505
3701,16180
3702,16363
3703,17309
3704,15296
3705,23449
3706,32488
3707,24253
3708,27756
3709,21192
3710,17703
3711,14956
3712,3169
3713,2091
3714,664
3715,6
3716,1
3717,1
3718,1
3719,1
3720,1
3721,1
3722,1
3723,1
3724,1
3725,1
3726,1
3727,1
3728,1
3729,1
3730,1
3731,1
3732,1
3733,1
3734,1
3735,1
3736,1
3737,27
3738,1633
3739,3880
3740,4751
3741,4698
3742,3587
3743,37180
3744,23714
3745,45011
3746,42075
3747,23186
3748,26239
3749,25369
3750,48152
3751,24253
3752,23186
3753,47614
3754,19369
3755,44508
3756,11944
3757,18517
3758,27446
3759,14138
3760,16924
3761,8242
3762,1319
3763,6
3764,1
3765,1
3766,1
3767,1
3768,1
3769,1
3770,1
3771,1
3772,1
3773,1
3774,1
3775,1
3776,1
3777,1
3778,1
3779,1
3780,1
3781,1
3782,1
3783,1
3784,1
3785,3
3786,221
3787,1139
3788,8917
3789,4593
3790,12354
3791,9866
3792,17903
3793,9432
3794,23186
3795,13980
3796,5376
3797,13216
3798,8429
3799,17903
3800,20034
3801,12493
3802,18310
3803,14956
3804,12079
3805,13068
3806,10795
3807,8242
3808,7618
3809,3278
3810,900
3811,7
3812,1
3813,1
3814,1
3815,1
3816,1
3817,1
3818,1
3819,1
3820,1
3821,1
3822,1
3823,1
3824,1
3825,1
3826,1
3827,1
3828,1
3829,1
3830,1
3831,1
3832,1
3833,9
3834,1205
3835,5257
3836,9539
3837,15644
3838,20260
3839,17903
3840,20034
3841,36354
3842,35148
3843,35545
3844,38891
3845,41605
3846,24805
3847,20034
3848,31059
3849,16735
3850,7791
3851,9866
3852,15125
3853,21674
3854,20721
3855,5561
3856,2212
3857,984
3858,129
3859,5
3860,1
3861,1
3862,1
3863,1
3864,1
3865,1
3866,1
3867,1
3868,1
3869,1
3870,1
3871,1
3872,1
3873,1
3874,1
3875,1
3876,1
3877,1
3878,1
3879,1
3880,1
3881,14
3882,1633
3883,5257
3884,9978
3885,16363
3886,18310
3887,19588
3888,11944
3889,11548
3890,15820
3891,23186
3892,25655
3893,31059
3894,34755
3895,19369
3896,19369
3897,25655
3898,26239
3899,30368
3900,20721
3901,34366
3902,31765
3903,16924
3904,7968
3905,12493
3906,1526
3907,5
3908,1
3909,1
3910,1
3911,1
3912,1
3913,1
3914,1
3915,1
3916,1
3917,1
3918,1
3919,1
3920,1
3921,1
3922,1
3923,1
3924,1
3925,1
3926,1
3927,1
3928,1
3929,11
3930,1247
3931,3099
3932,11944
3933,16363
3934,16924
3935,23982
3936,23449
3937,27756
3938,20034
3939,15644
3940,22417
3941,26239
3942,26239
3943,32124
3944,28387
3945,25369
3946,30368
3947,29361
3948,18938
3949,19810
3950,28708
3951,11548
3952,6963
3953,4751
3954,890
3955,9
3956,1
3957,1
3958,1
3959,1
3960,1
3961,1
3962,1
3963,1
3964,1
3965,1
3966,1
3967,1
3968,1
3969,1
3970,1
3971,1
3972,1
3973,1
3974,1
3975,1
3976,1
3977,10
3978,1578
3979,3794
3980,12079
3981,17116
3982,17903
3983,21919
3984,13824
3985,22167
3986,14138
3987,15644
3988,23714
3989,20489
3990,10320
3991,4969
3992,8817
3993,10674
3994,18310
3995,3837
3996,13068
3997,12777
3998,11678
3999,9222
4000,6016
4001,2138
4002,419
4003,3
4004,1
4005,1
4006,1
4007,1
4008,1
4009,1
4010,1
4011,1
4012,1
4013,1
4014,1
4015,1
4016,1
4017,1
4018,1
4019,1
4020,1
4021,1
4022,1
4023,1
4024,1
4025,9
4026,1077
4027,6364
4028,7704
4029,13216
4030,16180
4031,22417
4032,22927
4033,22417
4034,36765
4035,28070
4036,17309
4037,23714
4038,11165
4039,23982
4040,27446
4041,50937
4042,30368
4043,33602
4044,44010
4045,33602
4046,18106
4047,10554
4048,8058
4049,5198
4050,1526
4051,12
4052,1
4053,1
4054,1
4055,1
4056,1
4057,1
4058,1
4059,1
4060,1
4061,1
4062,1
4063,1
4064,1
4065,1
4066,1
4067,1
4068,1
4069,1
4070,1
4071,1
4072,1
4073,11
4074,952
4075,5025
4076,10090
4077,11419
4078,20034
4079,24253
4080,36354
4081,35148
4082,23449
4083,41605
4084,21432
4085,44508
4086,25085
4087,49804
4088,16924
4089,32488
4090,30029
4091,16924
4092,20034
4093,24527
4094,11810
4095,6963
4096,10090
4097,3969
4098,996
4099,4
4100,1
4101,1
4102,1
4103,1
4104,1
4105,1
4106,1
4107,1
4108,1
4109,1
4110,1
4111,1
4112,1
4113,1
4114,1
4115,1
4116,1
4117,1
4118,1
4119,1
4120,1
4121,6
4122,358
4123,3429
4124,9017
4125,12922
4126,17903
4127,25369
4128,28070
4129,33602
4130,40225
4131,25946
4132,42551
4133,32488
4134,9017
4135,42075
4136,43032
4137,28708
4138,15296
4139,12354
4140,11419
4141,8621
4142,8817
4143,13516
4144,7791
4145,3099
4146,370
4147,4
4148,1
4149,1
4150,1
4151,1
4152,1
4153,1
4154,1
4155,1
4156,1
4157,1
4158,1
4159,1
4160,1
4161,1
4162,1
4163,1
4164,1
4165,1
4166,1
4167,1
4168,1
4169,14
4170,1089
4171,4751
4172,10436
4173,15296
4174,15820
4175,18938
4176,26239
4177,24253
4178,33226
4179,27139
4180,23982
4181,45520
4182,20955
4183,32124
4184,48152
4185,29033
4186,20260
4187,43518
4188,29033
4189,42551
4190,7879
4191,8621
4192,2366
4193,3169
4194,211
4195,2
4196,1
4197,1
4198,1
4199,1
4200,1
4201,1
4202,1
4203,1
4204,1
4205,1
4206,1
4207,1
4208,1
4209,1
4210,1
4211,1
4212,1
4213,1
4214,1
4215,1
4216,1
4217,8
4218,1114
4219,4491
4220,7968
4221,14138
4222,18938
4223,21919
4224,27756
4225,38456
4226,37180
4227,40679
4228,41605
4229,43032
4230,43518
4231,30029
4232,48152
4233,23449
4234,50937
4235,39330
4236,40679
4237,32124
4238,36765
4239,12922
4240,9647
4241,3794
4242,1247
4243,8
4244,1
4245,1
4246,1
4247,1
4248,1
4249,1
4250,1
4251,1
4252,1
4253,1
4254,1
4255,1
4256,1
4257,1
4258,1
4259,1
4260,1
4261,1
4262,1
4263,1
4264,1
4265,3
4266,3668
4267,14138
4268,28708
4269,22167
4270,34366
4271,17505
4272,15469
4273,11419
4274,19153
4275,32124
4276,50937
4277,21192
4278,44508
4279,30712
4280,43518
4281,49804
4282,50367
4283,47082
4284,21674
4285,19810
4286,6732
4287,4059
4288,3099
4289,1509
4290,129
4291,1
4292,1
4293,1
4294,1
4295,1
4296,1
4297,1
4298,1
4299,1
4300,1
4301,1
4302,1
4303,1
4304,1
4305,1
4306,1
4307,1
4308,1
4309,1
4310,1
4311,1
4312,1
4313,9
4314,1443
4315,5751
4316,10204
4317,13980
4318,13669
4319,16363
4320,25085
4321,28070
4322,36354
4323,34366
4324,40679
4325,36354
4326,30368
4327,41605
4328,43032
4329,40679
4330,45011
4331,29033
4332,40225
4333,35947
4334,30368
4335,12635
4336,14298
4337,9327
4338,2393
4339,8
4340,1
4341,1
4342,1
4343,1
4344,1
4345,1
4346,1
4347,1
4348,1
4349,1
4350,1
4351,1
4352,1
4353,1
4354,1
4355,1
4356,1
4357,1
4358,1
4359,1
4360,1
4361,21
4362,1349
4363,4698
4364,11165
4365,9432
4366,11944
4367,20034
4368,24253
4369,27756
4370,25369
4371,42551
4372,42551
4373,39330
4374,45011
4375,26536
4376,22167
4377,14956
4378,23714
4379,20489
4380,43032
4381,38456
4382,22167
4383,17116
4384,5198
4385,3794
4386,786
4387,3
4388,1
4389,1
4390,1
4391,1
4392,1
4393,1
4394,1
4395,1
4396,1
4397,1
