,Temperatura (C)
0,23.75
1,23.68
2,23.68
3,23.56
4,23.5
5,23.56
6,23.68
7,23.68
8,23.93
9,24.06
10,24.0
11,24.06
12,24.06
13,24.5
14,25.37
15,26.18
16,31.75
17,30.31
18,30.31
19,31.68
20,31.31
21,32.93
22,34.81
23,33.75
24,33.56
25,33.37
26,32.93
27,35.0
28,34.81
29,37.43
30,33.37
31,32.12
32,29.37
33,28.18
34,27.31
35,25.56
36,25.0
37,24.25
38,24.12
39,24.0
40,24.06
41,23.93
42,23.81
43,23.87
44,23.68
45,23.75
46,24.06
47,24.0
48,23.5
49,23.56
50,23.43
51,23.56
52,23.81
53,23.68
54,23.5
55,23.56
56,23.37
57,23.5
58,23.37
59,23.37
60,23.68
61,25.37
62,25.93
63,28.06
64,29.06
65,29.87
66,31.56
67,32.12
68,31.31
69,32.56
70,34.62
71,32.37
72,24.31
73,27.25
74,27.25
75,30.68
76,29.62
77,29.0
78,28.12
79,28.87
80,28.37
81,28.06
82,27.5
83,26.68
84,25.81
85,25.56
86,25.43
87,25.12
88,25.18
89,25.0
90,24.62
91,24.31
92,24.37
93,24.31
94,24.87
95,24.43
96,23.81
97,23.81
98,23.68
99,23.37
100,23.37
101,23.37
102,23.37
103,23.25
104,23.06
105,23.12
106,23.06
107,23.5
108,23.68
109,24.0
110,25.18
111,31.25
112,29.68
113,31.43
114,33.43
115,31.68
116,32.62
117,35.56
118,35.87
119,34.81
120,33.31
121,34.43
122,34.31
123,36.18
124,35.0
125,34.06
126,32.81
127,31.62
128,33.93
129,30.81
130,30.0
131,29.25
132,28.25
133,26.18
134,24.68
135,23.93
136,23.5
137,23.75
138,23.87
139,23.93
140,23.81
141,23.75
142,23.81
143,24.0
144,23.93
145,23.93
146,23.87
147,23.93
148,23.43
149,23.62
150,23.75
151,23.68
152,23.62
153,23.5
154,23.56
155,23.43
156,23.56
157,23.93
158,25.06
159,25.5
160,25.62
161,28.31
162,29.18
163,29.37
164,32.5
165,31.0
166,34.5
167,35.43
168,33.5
169,34.12
170,33.75
171,35.43
172,34.12
173,35.25
174,30.18
175,28.93
176,27.75
177,27.12
178,26.81
179,26.0
180,26.0
181,25.25
182,24.68
183,24.56
184,24.12
185,24.18
186,24.31
187,24.0
188,23.43
189,23.68
190,23.81
191,23.87
192,23.93
193,23.81
194,23.87
195,23.87
196,23.93
197,24.0
198,23.87
199,23.81
200,23.75
201,23.68
202,23.68
203,23.56
204,23.62
205,23.93
206,24.87
207,28.25
208,30.68
209,29.68
210,32.37
211,31.37
212,32.56
213,31.75
214,34.25
215,32.43
216,32.62
217,33.25
218,32.81
219,34.68
220,31.87
221,30.18
222,28.0
223,28.31
224,27.25
225,27.43
226,26.31
227,25.62
228,25.06
229,24.68
230,24.62
231,24.62
232,24.25
233,23.93
234,23.87
235,23.93
236,23.81
237,23.75
238,23.75
239,23.75
240,23.75
241,23.68
242,23.62
243,23.5
244,23.43
245,23.43
246,23.43
247,23.56
248,23.56
249,23.68
250,23.68
251,23.75
252,24.0
253,25.18
254,25.93
255,30.56
256,34.37
257,30.06
258,33.56
259,33.06
260,34.93
261,38.18
262,27.56
263,27.81
264,23.68
265,23.56
266,24.0
267,27.62
268,27.68
269,28.56
270,30.93
271,32.06
272,30.68
273,28.06
274,28.06
275,27.25
276,26.06
277,25.56
278,25.31
279,25.31
280,25.25
281,25.06
282,25.0
283,24.75
284,24.75
285,24.37
286,24.12
287,23.93
288,23.75
289,23.93
290,24.0
291,24.06
292,23.93
293,23.87
294,23.87
295,23.81
296,23.75
297,23.81
298,23.37
299,23.5
300,24.12
301,24.81
302,25.87
303,27.37
304,27.68
305,28.18
306,30.12
307,30.06
308,31.87
309,33.37
310,33.12
311,34.25
312,34.12
313,34.5
314,33.31
315,33.37
316,37.25
317,37.56
318,37.87
319,34.62
320,39.06
321,39.43
322,32.06
323,27.75
324,23.87
325,23.12
326,23.12
327,23.18
328,23.37
329,23.37
330,23.25
331,23.18
332,23.25
333,23.37
334,23.37
335,23.31
336,23.37
337,23.25
338,23.12
339,23.12
340,23.12
341,23.06
342,23.12
343,22.81
344,22.81
345,22.87
346,22.87
347,22.93
348,23.0
349,23.5
350,23.81
351,24.18
352,24.68
353,26.0
354,27.93
355,29.81
356,32.06
357,30.37
358,31.87
359,32.18
360,32.75
361,34.18
362,33.25
363,32.25
364,33.87
365,32.12
366,32.12
367,31.68
368,31.18
369,30.18
370,29.81
371,28.75
372,27.56
373,26.37
374,25.56
375,25.25
376,25.06
377,24.93
378,24.68
379,24.37
380,24.18
381,24.12
382,24.0
383,23.87
384,23.87
385,23.62
386,23.43
387,23.62
388,23.5
389,23.43
390,23.43
391,23.31
392,23.31
393,23.12
394,23.0
395,22.87
396,23.93
397,26.75
398,32.12
399,34.62
400,32.75
401,32.56
402,31.5
403,33.06
404,35.75
405,36.37
406,34.12
407,31.62
408,32.5
409,32.12
410,33.56
411,34.43
412,36.18
413,37.56
414,36.68
415,37.68
416,36.25
417,35.5
418,33.37
419,29.37
420,27.93
421,27.31
422,27.31
423,25.0
424,24.37
425,23.56
426,23.18
427,22.81
428,23.06
429,22.93
430,22.87
431,22.81
432,23.12
433,23.12
434,23.18
435,23.31
436,23.25
437,23.18
438,23.25
439,23.25
440,23.25
441,23.25
442,23.12
443,23.31
444,23.31
445,23.81
446,24.87
447,25.81
448,26.18
449,27.87
450,28.87
451,30.06
452,32.25
453,29.62
454,32.0
455,31.81
456,30.56
457,31.12
458,30.93
459,30.81
460,31.5
461,30.18
462,30.12
463,31.5
464,29.62
465,29.12
466,27.87
467,25.93
468,25.31
469,24.62
470,24.56
471,24.56
472,24.43
473,24.31
474,24.18
475,24.12
476,23.87
477,23.68
478,23.56
479,23.43
480,23.37
481,23.68
482,23.68
483,23.68
484,23.56
485,23.56
486,23.62
487,23.43
488,23.56
489,23.56
490,23.43
491,23.68
492,23.43
493,23.68
494,25.25
495,27.06
496,28.37
497,28.93
498,31.75
499,30.0
500,33.68
501,33.25
502,32.87
503,34.0
504,32.81
505,33.25
506,33.56
507,34.56
508,36.75
509,35.18
510,32.31
511,23.06
512,23.75
513,23.68
514,23.56
515,23.31
516,23.25
517,23.18
518,23.43
519,23.5
520,23.43
521,23.37
522,23.43
523,23.43
524,23.31
525,23.37
526,23.18
527,23.25
528,23.12
529,23.06
530,22.87
531,22.81
532,22.75
533,22.75
534,22.75
535,22.81
536,22.75
537,22.68
538,22.62
539,22.62
540,22.62
541,23.25
542,25.5
543,28.0
544,31.25
545,34.93
546,31.93
547,33.75
548,34.87
549,35.12
550,36.5
551,34.56
552,32.5
553,33.56
554,34.25
555,35.37
556,35.25
557,36.68
558,35.56
559,36.0
560,34.93
561,34.75
562,34.43
563,32.06
564,28.68
565,27.93
566,27.06
567,26.87
568,26.75
569,26.75
570,26.87
571,26.68
572,26.81
573,26.56
574,26.31
575,25.93
576,25.75
577,25.43
578,25.43
579,25.62
580,25.37
581,25.31
582,25.06
583,25.0
584,25.37
585,25.37
586,25.5
587,25.62
588,25.06
589,25.12
590,25.43
591,26.56
592,27.93
593,29.06
594,28.56
595,30.18
596,32.56
597,32.37
598,32.68
599,33.12
600,34.62
601,27.43
602,25.43
603,27.18
604,29.0
605,28.0
606,27.87
607,27.25
608,25.75
609,25.18
610,24.75
611,24.43
612,24.25
613,23.81
614,23.81
615,23.75
616,23.68
617,23.87
618,23.75
619,23.5
620,23.37
621,23.31
622,23.43
623,23.37
624,23.25
625,23.37
626,23.5
627,23.37
628,23.06
629,22.87
630,22.68
631,22.62
632,22.56
633,22.56
634,22.31
635,22.12
636,22.37
637,23.37
638,25.31
639,26.31
640,27.5
641,28.93
642,32.37
643,33.12
644,34.12
645,34.18
646,33.68
647,34.93
648,34.18
649,33.31
650,33.75
651,32.5
652,35.87
653,35.37
654,33.68
655,33.62
656,35.31
657,35.93
658,31.87
659,29.62
660,27.62
661,27.31
662,26.68
663,26.06
664,26.31
665,26.68
666,26.37
667,26.18
668,26.0
669,26.18
670,25.5
671,25.12
672,24.81
673,24.56
674,24.18
675,23.93
676,23.81
677,23.87
678,23.87
679,23.81
680,23.75
681,23.5
682,23.68
683,23.75
684,24.0
685,24.56
686,25.93
687,28.68
688,29.12
689,30.25
690,28.93
691,29.31
692,31.87
693,32.31
694,32.75
695,32.5
696,32.56
697,31.81
698,31.56
699,30.56
700,29.62
701,28.12
702,27.06
703,23.62
704,23.56
705,23.87
706,24.06
707,23.81
708,23.37
709,23.68
710,23.75
711,23.37
712,23.0
713,22.87
714,22.93
715,23.0
716,23.0
717,22.87
718,22.87
719,22.87
720,22.81
721,22.87
722,22.93
723,23.06
724,23.0
725,22.93
726,22.93
727,22.87
728,22.81
729,22.68
730,22.31
731,22.56
732,23.06
733,24.25
734,24.43
735,27.18
736,32.25
737,30.25
738,34.56
739,33.12
740,34.37
741,35.37
742,35.87
743,34.81
744,35.56
745,34.06
746,35.12
747,32.93
748,34.93
749,36.12
750,36.75
751,31.87
752,31.56
753,31.18
754,29.0
755,26.43
756,24.31
757,24.87
758,23.87
759,23.75
760,23.43
761,23.43
762,23.31
763,23.12
764,23.12
765,23.18
766,23.12
767,23.18
768,23.12
769,23.0
770,23.06
771,23.06
772,23.0
773,23.06
774,23.06
775,23.0
776,23.06
777,22.93
778,22.93
779,23.0
780,23.18
781,23.37
782,23.81
783,24.12
784,24.56
785,25.31
786,26.62
787,26.62
788,28.68
789,30.56
790,34.43
791,32.0
792,32.31
793,33.37
794,32.12
795,34.31
796,33.75
797,33.31
798,32.56
799,37.18
800,37.68
801,35.5
802,29.56
803,28.25
804,26.75
805,26.31
806,25.93
807,25.62
808,25.68
809,25.25
810,25.31
811,25.12
812,25.37
813,25.31
814,25.18
815,25.18
816,24.93
817,24.37
818,24.31
819,24.37
820,24.43
821,24.31
822,24.12
823,24.06
824,23.93
825,24.25
826,24.0
827,24.12
828,24.31
829,25.31
830,26.93
831,27.87
832,29.37
833,30.5
834,31.62
835,29.12
836,29.12
837,26.25
838,26.68
839,26.25
840,24.81
841,24.87
842,26.37
843,26.56
844,25.62
845,26.43
846,26.62
847,26.43
848,26.06
849,25.87
850,25.25
851,24.56
852,24.12
853,23.87
854,23.75
855,23.68
856,23.37
857,23.18
858,23.18
859,23.31
860,23.25
861,23.18
862,22.87
863,22.75
864,22.68
865,22.43
866,22.56
867,22.56
868,22.5
869,22.37
870,21.87
871,21.93
872,21.68
873,21.43
874,21.37
875,21.75
876,22.06
877,22.68
878,23.62
879,25.06
880,27.87
881,31.37
882,34.31
883,32.37
884,33.43
885,32.87
886,37.5
887,35.87
888,36.87
889,37.25
890,33.0
891,33.75
892,33.06
893,35.56
894,32.5
895,31.31
896,31.18
897,30.75
898,30.18
899,29.25
900,28.06
901,26.31
902,26.31
903,26.18
904,25.0
905,25.06
906,25.31
907,24.62
908,24.43
909,23.81
910,23.5
911,23.37
912,23.43
913,23.43
914,23.43
915,23.43
916,23.43
917,23.43
918,23.37
919,23.37
920,23.31
921,23.31
922,23.12
923,22.93
924,23.18
925,24.25
926,26.0
927,32.87
928,28.37
929,29.43
930,33.18
931,34.43
932,36.0
933,38.25
934,36.56
935,35.62
936,36.0
937,34.25
938,32.37
939,34.87
940,35.25
941,37.06
942,25.62
943,26.06
944,27.0
945,27.43
946,27.31
947,27.0
948,26.12
949,25.81
950,25.37
951,25.43
952,25.62
953,26.0
954,26.06
955,25.62
956,25.43
957,25.37
958,25.37
959,25.18
960,25.06
961,24.87
962,24.68
963,24.68
964,24.68
965,24.81
966,24.62
967,24.56
968,24.5
969,24.43
970,24.31
971,24.43
972,24.56
973,25.31
974,26.37
975,25.93
976,26.68
977,26.81
978,28.75
979,30.25
980,32.25
981,33.75
982,33.31
983,31.93
984,35.06
985,34.43
986,34.68
987,35.62
988,34.87
989,36.5
990,35.0
991,32.62
992,31.75
993,30.62
994,29.56
995,26.75
996,24.56
997,24.37
998,24.25
999,24.06
1000,24.31
1001,24.25
1002,24.25
1003,24.25
1004,24.12
1005,24.06
1006,24.43
1007,24.56
1008,24.37
1009,24.43
1010,24.31
1011,24.12
1012,24.0
1013,24.0
1014,23.87
1015,24.0
1016,24.06
1017,24.0
1018,24.0
1019,24.06
1020,24.25
1021,25.06
1022,26.0
1023,26.37
1024,30.0
1025,31.56
1026,35.37
1027,31.25
1028,34.62
1029,33.81
1030,34.93
1031,34.81
1032,33.12
1033,33.0
1034,34.0
1035,34.0
1036,35.31
1037,37.12
1038,33.62
1039,34.0
1040,35.68
1041,35.06
1042,32.5
1043,29.75
1044,27.87
1045,25.37
1046,25.25
1047,25.18
1048,25.56
1049,25.62
1050,25.56
1051,25.43
1052,25.12
1053,24.75
1054,24.68
1055,24.56
1056,24.5
1057,24.56
1058,24.62
1059,24.62
1060,24.68
1061,24.68
1062,24.68
1063,24.68
1064,24.56
1065,24.43
1066,24.56
1067,24.62
1068,24.43
1069,25.12
1070,25.25
1071,25.62
1072,27.18
1073,27.43
1074,26.75
1075,31.56
1076,27.43
1077,32.18
1078,27.0
1079,26.43
1080,26.06
1081,29.75
1082,30.12
1083,32.06
1084,29.56
1085,27.31
1086,27.81
1087,28.12
1088,25.31
1089,23.87
1090,23.37
1091,23.12
1092,22.37
1093,22.37
1094,22.56
1095,22.68
1096,22.68
1097,22.62
1098,22.62
1099,22.56
1100,22.5
1101,22.37
1102,22.5
1103,22.56
1104,22.56
1105,22.56
1106,22.43
1107,22.43
1108,22.43
1109,22.18
1110,22.0
1111,22.06
1112,22.18
1113,22.25
1114,22.31
1115,22.25
1116,22.37
1117,25.18
1118,29.87
1119,29.31
1120,33.56
1121,32.93
1122,31.56
1123,33.81
1124,31.68
1125,33.18
1126,33.56
1127,34.0
1128,33.62
1129,33.68
1130,35.5
1131,36.68
1132,37.43
1133,36.93
1134,35.68
1135,37.06
1136,33.68
1137,30.06
1138,28.75
1139,27.87
1140,26.81
1141,25.93
1142,26.12
1143,25.62
1144,25.12
1145,25.06
1146,24.87
1147,24.62
1148,24.62
1149,24.75
1150,24.62
1151,24.68
1152,24.62
1153,24.56
1154,24.62
1155,24.56
1156,24.43
1157,24.37
1158,24.18
1159,24.06
1160,24.0
1161,23.87
1162,23.62
1163,23.62
1164,23.81
1165,24.5
1166,25.81
1167,30.75
1168,28.12
1169,31.75
1170,32.62
1171,31.06
1172,32.81
1173,31.87
1174,31.93
1175,31.87
1176,34.5
1177,37.37
1178,34.12
1179,34.06
1180,34.0
1181,34.62
1182,33.75
1183,31.87
1184,31.12
1185,31.18
1186,30.06
1187,29.0
1188,27.37
1189,26.18
1190,26.18
1191,25.68
1192,25.25
1193,25.12
1194,24.93
1195,24.81
1196,24.68
1197,24.68
1198,24.81
1199,24.93
1200,24.93
1201,24.93
1202,24.93
1203,25.12
1204,25.37
1205,25.5
1206,25.43
1207,25.43
1208,25.31
1209,25.25
1210,25.12
1211,25.06
1212,25.0
1213,27.62
1214,28.62
1215,31.31
1216,30.93
1217,32.62
1218,31.12
1219,29.56
1220,30.12
1221,32.12
1222,33.5
1223,35.81
1224,32.81
1225,33.5
1226,32.62
1227,32.75
1228,34.12
1229,32.0
1230,31.06
1231,31.43
1232,30.31
1233,28.56
1234,28.68
1235,28.37
1236,27.12
1237,26.87
1238,26.56
1239,26.18
1240,26.06
1241,25.93
1242,25.5
1243,25.5
1244,25.43
1245,25.31
1246,25.0
1247,24.81
1248,24.68
1249,24.93
1250,25.0
1251,25.06
1252,25.0
1253,24.93
1254,24.81
1255,24.5
1256,24.12
1257,24.12
1258,24.0
1259,24.0
1260,24.12
1261,24.75
1262,26.62
1263,29.75
1264,32.81
1265,32.68
1266,29.12
1267,35.0
1268,35.18
1269,35.12
1270,36.12
1271,33.18
1272,33.81
1273,34.0
1274,32.75
1275,36.81
1276,35.56
1277,35.56
1278,39.0
1279,34.0
1280,30.37
1281,28.81
1282,29.25
1283,28.81
1284,27.5
1285,24.75
1286,24.37
1287,24.12
1288,24.43
1289,24.5
1290,24.56
1291,24.31
1292,24.12
1293,24.25
1294,24.12
1295,24.0
1296,24.0
1297,23.93
1298,23.87
1299,24.06
1300,23.93
1301,23.68
1302,23.56
1303,23.68
1304,23.75
1305,23.87
1306,23.81
1307,23.93
1308,24.12
1309,26.43
1310,25.93
1311,26.37
1312,28.12
1313,28.12
1314,30.31
1315,31.31
1316,33.75
1317,33.18
1318,33.56
1319,34.68
1320,36.37
1321,33.12
1322,34.56
1323,33.43
1324,37.5
1325,33.56
1326,33.06
1327,37.18
1328,36.06
1329,34.5
1330,31.0
1331,29.68
1332,28.62
1333,28.06
1334,26.87
1335,26.12
1336,26.37
1337,25.93
1338,26.56
1339,26.56
1340,26.37
1341,26.37
1342,26.37
1343,26.06
1344,26.62
1345,26.75
1346,26.12
1347,25.0
1348,24.62
1349,24.18
1350,22.93
1351,22.81
1352,23.0
1353,23.0
1354,23.43
1355,24.12
1356,25.18
1357,26.06
1358,24.87
1359,25.43
1360,25.37
1361,24.81
1362,24.31
1363,24.12
1364,23.75
1365,23.68
1366,23.81
1367,23.87
1368,23.81
1369,23.81
1370,23.81
1371,23.68
1372,23.62
1373,23.62
1374,23.5
1375,23.37
1376,23.43
1377,23.56
1378,23.43
1379,23.37
1380,23.31
1381,23.12
1382,23.0
1383,23.06
1384,22.93
1385,22.81
1386,25.06
1387,26.0
1388,26.0
1389,26.5
1390,26.31
1391,28.43
1392,27.81
1393,28.43
1394,30.93
1395,31.5
1396,34.5
1397,33.0
1398,33.75
1399,34.12
1400,34.87
1401,33.56
1402,37.5
1403,36.25
1404,36.62
1405,35.81
1406,34.18
1407,33.43
1408,33.31
1409,30.62
1410,29.0
1411,27.75
1412,27.18
1413,26.43
1414,26.12
1415,25.75
1416,25.37
1417,25.06
1418,25.06
1419,24.75
1420,25.18
1421,25.5
1422,25.43
1423,25.37
1424,24.62
1425,24.81
1426,24.87
1427,25.0
1428,25.06
1429,24.93
1430,24.68
1431,24.43
1432,24.43
1433,24.56
1434,24.87
1435,26.06
1436,26.68
1437,27.5
1438,27.25
1439,27.75
1440,27.06
1441,27.18
1442,27.93
1443,27.25
1444,26.18
1445,29.0
1446,30.81
1447,32.81
1448,34.06
1449,35.18
1450,34.0
1451,33.12
1452,33.62
1453,32.62
1454,31.62
1455,32.75
1456,30.62
1457,29.81
1458,27.93
1459,26.93
1460,26.25
1461,26.18
1462,26.18
1463,25.93
1464,25.68
1465,24.81
1466,24.81
1467,24.75
1468,24.81
1469,25.06
1470,25.25
1471,25.25
1472,25.37
1473,24.56
1474,24.18
1475,24.12
1476,24.31
1477,24.12
1478,24.25
1479,24.0
1480,24.0
1481,23.93
1482,24.37
1483,25.37
1484,27.87
1485,29.31
1486,29.06
1487,29.68
1488,30.5
1489,32.5
1490,34.68
1491,33.75
1492,33.56
1493,30.68
1494,35.43
1495,31.75
1496,31.68
1497,30.81
1498,33.31
1499,34.62
1500,32.31
1501,33.37
1502,32.43
1503,32.87
1504,30.5
1505,28.5
1506,27.62
1507,27.06
1508,26.81
1509,26.56
1510,26.68
1511,26.31
1512,26.06
1513,26.06
1514,26.0
1515,25.43
1516,25.37
1517,24.81
1518,24.43
1519,24.31
1520,23.37
1521,23.25
1522,23.25
1523,23.37
1524,23.06
1525,23.06
1526,23.06
1527,23.06
1528,22.93
1529,23.06
1530,23.18
1531,23.56
1532,24.31
1533,24.87
1534,25.75
1535,26.18
1536,28.0
1537,28.43
1538,29.75
1539,29.87
1540,32.62
1541,32.81
1542,31.68
1543,33.37
1544,33.18
1545,34.37
1546,35.75
1547,35.31
1548,33.43
1549,35.75
1550,34.18
1551,34.31
1552,32.25
1553,30.5
1554,28.31
1555,27.12
1556,26.62
1557,26.31
1558,26.31
1559,26.25
1560,26.06
1561,25.81
1562,25.68
1563,25.68
1564,26.12
1565,26.12
1566,25.62
1567,25.37
1568,25.43
1569,25.43
1570,25.25
1571,25.25
1572,25.12
1573,24.81
1574,24.56
1575,24.68
1576,24.68
1577,24.81
1578,25.0
1579,25.31
1580,26.0
1581,26.93
1582,27.93
1583,30.18
1584,32.68
1585,27.5
1586,29.31
1587,29.93
1588,32.0
1589,32.12
1590,31.31
1591,30.75
1592,29.37
1593,26.93
1594,26.37
1595,26.18
1596,26.25
1597,26.06
1598,25.87
1599,25.37
1600,25.18
1601,25.06
1602,25.0
1603,24.87
1604,24.87
1605,24.81
1606,24.43
1607,24.5
1608,24.31
1609,24.18
1610,23.87
1611,24.0
1612,23.93
1613,24.0
1614,24.0
1615,23.81
1616,23.62
1617,23.56
1618,23.81
1619,24.06
1620,24.12
1621,24.18
1622,24.25
1623,24.18
1624,24.06
1625,23.93
1626,24.18
1627,25.37
1628,29.62
1629,32.06
1630,33.87
1631,30.93
1632,30.12
1633,34.37
1634,33.62
1635,36.43
1636,35.75
1637,34.31
1638,32.31
1639,34.0
1640,34.25
1641,33.37
1642,37.56
1643,34.25
1644,32.56
1645,35.0
1646,33.81
1647,31.68
1648,32.93
1649,30.75
1650,28.68
1651,27.93
1652,28.18
1653,28.12
1654,26.0
1655,25.68
1656,24.56
1657,24.5
1658,24.43
1659,23.81
1660,23.93
1661,23.87
1662,24.0
1663,24.0
1664,24.06
1665,24.18
1666,24.31
1667,24.43
1668,24.56
1669,24.25
1670,24.31
1671,24.37
1672,24.5
1673,24.43
1674,24.68
1675,24.93
1676,25.87
1677,27.81
1678,29.81
1679,31.0
1680,31.12
1681,28.18
1682,29.68
1683,28.87
1684,32.12
1685,34.37
1686,32.56
1687,32.81
1688,33.43
1689,34.43
1690,35.43
1691,36.56
1692,36.56
1693,34.93
1694,32.56
1695,31.18
1696,30.43
1697,29.75
1698,29.12
1699,28.62
1700,28.56
1701,27.93
1702,27.81
1703,27.68
1704,27.68
1705,27.5
1706,27.5
1707,27.37
1708,26.87
1709,26.68
1710,26.62
1711,26.75
1712,26.43
1713,26.68
1714,26.62
1715,26.5
1716,26.12
1717,26.06
1718,26.25
1719,26.31
1720,26.18
1721,25.87
1722,25.43
1723,25.43
1724,25.43
1725,25.62
1726,26.68
1727,25.62
1728,25.87
1729,26.43
1730,26.68
1731,29.75
1732,29.12
1733,29.68
1734,29.81
1735,29.06
1736,31.75
1737,32.25
1738,30.18
1739,31.06
1740,31.56
1741,30.0
1742,28.93
1743,27.87
1744,26.56
1745,26.31
1746,26.0
1747,25.93
1748,25.56
1749,25.62
1750,24.93
1751,24.87
1752,24.37
1753,24.56
1754,24.37
1755,24.5
1756,24.31
1757,24.06
1758,23.62
1759,23.37
1760,23.37
1761,23.06
1762,23.31
1763,23.5
1764,23.37
1765,23.31
1766,23.31
1767,23.43
1768,23.37
1769,23.25
1770,23.81
1771,25.37
1772,24.87
1773,25.31
1774,25.81
1775,26.62
1776,26.81
1777,31.0
1778,32.75
1779,31.18
1780,31.75
1781,32.68
1782,33.93
1783,32.87
1784,29.62
1785,30.25
1786,30.87
1787,28.68
1788,27.93
1789,27.75
1790,27.18
1791,26.31
1792,25.87
1793,25.56
1794,25.31
1795,25.06
1796,24.75
1797,24.62
1798,24.5
1799,24.37
1800,24.37
1801,24.25
1802,24.25
1803,24.12
1804,24.0
1805,24.0
1806,23.81
1807,23.56
1808,23.56
1809,23.62
1810,23.68
1811,23.87
1812,23.62
1813,23.75
1814,23.75
1815,23.5
1816,23.62
1817,23.81
1818,24.12
1819,24.93
1820,25.87
1821,26.62
1822,28.06
1823,28.06
1824,29.31
1825,30.5
1826,32.62
1827,32.93
1828,29.5
1829,32.31
1830,35.68
1831,35.62
1832,34.93
1833,28.18
1834,32.62
1835,33.25
1836,26.31
1837,25.18
1838,25.43
1839,25.5
1840,24.25
1841,23.87
1842,23.37
1843,22.81
1844,22.81
1845,22.75
1846,22.75
1847,22.87
1848,23.12
1849,23.37
1850,24.25
1851,24.56
1852,24.75
1853,24.37
1854,24.25
1855,23.87
1856,23.87
1857,23.62
1858,23.56
1859,23.68
1860,23.68
1861,23.56
1862,23.56
1863,23.5
1864,23.5
1865,23.5
1866,23.75
1867,24.37
1868,25.5
1869,26.18
1870,26.68
1871,30.75
1872,30.37
1873,32.43
1874,33.43
1875,33.81
1876,34.43
1877,35.62
1878,33.81
1879,35.87
1880,34.56
1881,36.12
1882,35.56
1883,36.56
1884,36.68
1885,39.18
1886,38.18
1887,38.37
1888,37.12
1889,33.56
1890,28.81
1891,26.87
1892,26.62
1893,25.56
1894,25.31
1895,25.0
1896,25.31
1897,24.93
1898,24.93
1899,24.93
1900,25.18
1901,25.25
1902,25.0
1903,24.62
1904,24.56
1905,24.62
1906,24.81
1907,24.81
1908,24.56
1909,24.62
1910,24.81
1911,24.81
1912,24.93
1913,24.56
1914,24.81
1915,26.12
1916,27.56
1917,31.06
1918,33.75
1919,35.93
1920,33.06
1921,29.68
1922,28.62
1923,29.56
1924,31.75
1925,31.93
1926,31.62
1927,32.0
1928,34.93
1929,39.06
1930,37.75
1931,39.12
1932,33.93
1933,34.5
1934,29.06
1935,28.12
1936,27.62
1937,26.93
1938,25.81
1939,25.0
1940,24.87
1941,24.68
1942,24.5
1943,24.43
1944,24.56
1945,24.56
1946,24.5
1947,24.37
1948,24.43
1949,24.56
1950,24.56
1951,24.37
1952,24.18
1953,24.25
1954,24.06
1955,23.87
1956,23.87
1957,24.18
1958,23.93
1959,23.87
1960,23.93
1961,24.0
1962,24.12
1963,24.75
1964,25.75
1965,26.0
1966,26.0
1967,29.87
1968,32.56
1969,32.12
1970,35.18
1971,34.81
1972,32.25
1973,34.56
1974,35.68
1975,33.62
1976,34.87
1977,33.75
1978,35.37
1979,33.56
1980,33.62
1981,32.93
1982,32.18
1983,31.0
1984,30.56
1985,29.5
1986,28.18
1987,27.93
1988,26.93
1989,25.31
1990,23.06
1991,23.18
1992,23.18
1993,22.81
1994,22.87
1995,22.93
1996,22.87
1997,22.93
1998,23.0
1999,22.93
2000,23.25
2001,23.25
2002,23.12
2003,23.06
2004,23.12
2005,23.18
2006,23.18
2007,23.25
2008,23.37
2009,23.37
2010,23.5
2011,24.0
2012,25.37
2013,27.75
2014,30.0
2015,32.5
2016,31.12
2017,33.56
2018,35.06
2019,34.25
2020,32.43
2021,32.87
2022,34.43
2023,35.37
2024,33.81
2025,37.31
2026,37.5
2027,36.25
2028,37.87
2029,33.5
2030,32.06
2031,27.87
2032,27.18
2033,26.12
2034,25.56
2035,25.18
2036,25.37
2037,25.18
2038,24.93
2039,24.06
2040,23.75
2041,23.81
2042,23.62
2043,24.12
2044,24.25
2045,24.0
2046,23.75
2047,23.75
2048,23.62
2049,23.93
2050,24.06
2051,24.06
2052,24.06
2053,24.06
2054,24.12
2055,24.18
2056,24.25
2057,24.18
2058,24.43
2059,26.43
2060,25.56
2061,25.81
2062,33.56
2063,32.12
2064,31.25
2065,31.12
2066,31.5
2067,30.93
2068,31.93
2069,32.31
2070,36.31
2071,36.12
2072,38.31
2073,36.18
2074,36.62
2075,34.0
2076,34.18
2077,39.18
2078,38.56
2079,37.87
2080,36.68
2081,32.06
2082,29.06
2083,27.93
2084,26.93
2085,27.18
2086,26.68
2087,26.37
2088,26.5
2089,27.06
2090,27.31
2091,26.81
2092,26.56
2093,26.56
2094,26.0
2095,25.68
2096,25.31
2097,25.62
2098,25.56
2099,25.87
2100,25.75
2101,25.87
2102,25.25
2103,25.0
2104,25.12
2105,25.18
2106,25.68
2107,25.31
2108,26.18
2109,25.75
2110,25.37
2111,26.31
2112,28.43
2113,28.68
2114,32.87
2115,31.06
2116,30.31
2117,32.37
2118,31.5
2119,28.56
2120,29.0
2121,29.43
2122,29.43
2123,28.87
2124,30.43
2125,29.93
2126,30.31
2127,28.68
2128,28.0
2129,27.62
2130,26.62
2131,26.18
2132,26.18
2133,26.0
2134,26.18
2135,25.93
2136,26.06
2137,26.06
2138,25.93
2139,25.93
2140,25.87
2141,25.93
2142,24.5
2143,24.56
2144,24.62
2145,24.87
2146,24.93
2147,24.75
2148,24.62
2149,24.43
2150,24.37
2151,24.56
2152,24.62
2153,24.75
2154,24.81
2155,24.87
2156,24.43
2157,25.06
2158,26.37
2159,26.43
2160,27.18
2161,26.5
2162,27.81
2163,28.0
2164,29.06
2165,31.31
2166,33.75
2167,33.31
2168,32.25
2169,32.68
2170,32.12
2171,32.37
2172,33.68
2173,36.37
2174,34.62
2175,35.0
2176,32.18
2177,29.31
2178,27.87
2179,26.75
2180,26.37
2181,26.43
2182,24.68
2183,23.56
2184,23.81
2185,23.37
2186,23.31
2187,23.31
2188,23.37
2189,23.43
2190,23.56
2191,23.56
2192,23.37
2193,23.25
2194,23.18
2195,23.18
2196,22.93
2197,22.81
2198,22.75
2199,22.62
2200,22.5
2201,22.75
2202,22.87
2203,23.37
2204,24.12
2205,24.62
2206,25.43
2207,25.06
2208,25.68
2209,27.93
2210,32.56
2211,30.37
2212,31.43
2213,33.06
2214,33.87
2215,36.81
2216,36.25
2217,36.93
2218,34.06
2219,35.81
2220,31.87
2221,29.87
2222,29.06
2223,28.37
2224,26.75
2225,25.37
2226,24.43
2227,23.68
2228,23.18
2229,23.12
2230,22.93
2231,23.12
2232,22.93
2233,22.5
2234,22.37
2235,22.37
2236,22.5
2237,22.5
2238,22.5
2239,22.62
2240,22.75
2241,22.62
2242,22.62
2243,22.43
2244,22.18
2245,22.18
2246,22.18
2247,22.06
2248,22.25
2249,22.25
2250,22.43
2251,22.87
2252,23.62
2253,25.68
2254,28.0
2255,30.31
2256,29.43
2257,33.62
2258,32.25
2259,34.75
2260,34.75
2261,34.0
2262,35.37
2263,36.5
2264,36.06
2265,35.12
2266,32.5
2267,36.18
2268,36.81
2269,39.62
2270,38.06
2271,36.56
2272,35.06
2273,33.06
2274,28.87
2275,26.87
2276,26.31
2277,25.87
2278,25.62
2279,25.56
2280,25.56
2281,25.81
2282,25.37
2283,25.0
2284,24.93
2285,22.12
2286,22.87
2287,22.81
2288,23.37
2289,23.56
2290,23.43
2291,23.12
2292,22.93
2293,22.81
2294,22.81
2295,22.81
2296,23.0
2297,23.0
2298,23.06
2299,23.25
2300,23.81
2301,24.25
2302,25.06
2303,25.87
2304,25.68
2305,25.75
2306,27.87
2307,28.62
2308,29.87
2309,31.93
2310,30.93
2311,32.87
2312,31.75
2313,31.18
2314,32.62
2315,32.68
2316,32.18
2317,35.31
2318,36.87
2319,36.56
2320,34.5
2321,31.75
2322,27.68
2323,26.12
2324,25.31
2325,25.62
2326,25.31
2327,24.75
2328,24.43
2329,24.43
2330,24.37
2331,24.68
2332,24.31
2333,24.06
2334,24.18
2335,24.06
2336,24.37
2337,24.75
2338,24.81
2339,25.18
2340,25.31
2341,25.06
2342,24.75
2343,24.37
2344,24.12
2345,24.12
2346,24.06
2347,24.5
2348,25.31
2349,27.25
2350,28.18
2351,28.87
2352,30.75
2353,29.93
2354,30.43
2355,32.18
2356,30.75
2357,32.25
2358,35.0
2359,32.62
2360,32.81
2361,31.5
2362,33.31
2363,35.31
2364,35.93
2365,38.12
2366,33.56
2367,31.18
2368,29.81
2369,28.87
2370,27.62
2371,26.56
2372,26.18
2373,26.0
2374,25.75
2375,26.0
2376,26.25
2377,26.18
2378,26.31
2379,25.87
2380,25.81
2381,25.31
2382,25.06
2383,24.87
2384,25.62
2385,25.5
2386,25.12
2387,25.18
2388,24.93
2389,24.75
2390,24.43
2391,24.5
2392,24.93
2393,24.87
2394,25.06
2395,25.37
2396,26.81
2397,27.75
2398,29.87
2399,29.75
2400,36.75
2401,32.56
2402,33.43
2403,35.31
2404,35.5
2405,34.12
2406,33.56
2407,35.25
2408,31.5
2409,29.81
2410,28.87
2411,28.0
2412,29.18
2413,29.06
2414,28.56
2415,28.37
2416,27.87
2417,25.25
2418,25.5
2419,25.0
2420,24.68
2421,24.5
2422,24.43
2423,24.18
2424,24.12
2425,24.0
2426,23.81
2427,23.87
2428,23.62
2429,23.56
2430,23.06
2431,23.06
2432,23.12
2433,23.0
2434,23.37
2435,23.25
2436,23.25
2437,23.25
2438,23.12
2439,22.93
2440,23.0
2441,22.93
2442,22.87
2443,23.62
2444,24.56
2445,26.75
2446,28.12
2447,28.0
2448,28.43
2449,30.25
2450,31.18
2451,30.62
2452,30.43
2453,33.18
2454,33.87
2455,34.62
2456,35.68
2457,34.0
2458,33.93
2459,35.12
2460,33.75
2461,32.75
2462,31.5
2463,31.12
2464,29.18
2465,28.12
2466,26.93
2467,26.12
2468,26.43
2469,26.06
2470,24.56
2471,24.43
2472,24.31
2473,24.12
2474,23.87
2475,23.62
2476,23.68
2477,23.68
2478,23.62
2479,23.5
2480,23.43
2481,23.5
2482,23.43
2483,23.5
2484,23.43
2485,23.5
2486,23.56
2487,23.5
2488,23.43
2489,23.31
2490,23.56
2491,23.87
2492,24.5
2493,25.37
2494,27.43
2495,28.18
2496,29.93
2497,33.5
2498,32.56
2499,34.37
2500,36.93
2501,35.12
2502,36.37
2503,34.93
2504,34.56
2505,35.12
2506,34.18
2507,32.68
2508,31.68
2509,31.06
2510,30.43
2511,30.18
2512,29.62
2513,28.62
2514,27.81
2515,26.62
2516,26.31
2517,26.43
2518,26.25
2519,26.06
2520,26.43
2521,26.18
2522,26.06
2523,25.56
2524,25.68
2525,25.37
2526,24.93
2527,25.06
2528,25.0
2529,25.31
2530,25.06
2531,24.81
2532,25.06
2533,23.37
2534,22.75
2535,22.37
2536,22.31
2537,22.18
2538,23.37
2539,25.31
2540,25.25
2541,30.0
2542,29.18
2543,28.75
2544,27.18
2545,27.81
2546,30.56
2547,30.43
2548,31.12
2549,35.31
2550,32.06
2551,33.5
2552,31.81
2553,35.25
2554,37.5
2555,36.06
2556,37.12
2557,32.62
2558,25.31
2559,25.75
2560,26.12
2561,25.5
2562,24.81
2563,24.43
2564,24.43
2565,24.43
2566,24.5
2567,24.31
2568,24.06
2569,24.12
2570,24.12
2571,24.31
2572,24.12
2573,24.0
2574,23.87
2575,23.81
2576,23.62
2577,23.68
2578,23.5
2579,23.5
2580,23.31
2581,23.18
2582,23.06
2583,23.37
2584,23.5
2585,23.56
2586,23.81
2587,24.81
2588,25.18
2589,25.56
2590,25.87
2591,26.68
2592,28.68
2593,31.25
2594,30.31
2595,31.87
2596,32.87
2597,32.56
2598,33.12
2599,34.87
2600,34.62
2601,36.68
2602,35.93
2603,35.18
2604,33.5
2605,35.43
2606,36.5
2607,37.68
2608,33.87
2609,27.62
2610,26.0
2611,25.56
2612,25.37
2613,25.18
2614,24.56
2615,24.43
2616,24.31
2617,24.37
2618,24.37
2619,23.43
2620,23.37
2621,23.56
2622,23.56
2623,23.62
2624,23.75
2625,23.68
2626,23.56
2627,23.5
2628,23.43
2629,23.31
2630,23.31
2631,23.31
2632,23.31
2633,23.5
2634,23.87
2635,24.75
2636,26.12
2637,26.37
2638,27.93
2639,28.68
2640,29.37
2641,32.87
2642,30.68
2643,33.12
2644,32.12
2645,33.0
2646,36.43
2647,33.87
2648,32.62
2649,32.5
2650,32.75
2651,31.18
2652,26.68
2653,23.5
2654,23.06
2655,22.93
2656,23.06
2657,23.0
2658,23.0
2659,23.18
2660,23.12
2661,23.0
2662,23.06
2663,23.06
2664,23.0
2665,22.93
2666,22.75
2667,22.81
2668,22.93
2669,23.06
2670,23.06
2671,23.12
2672,23.06
2673,23.06
2674,23.06
2675,23.06
2676,22.75
2677,22.56
2678,22.56
2679,22.25
2680,22.25
2681,22.25
2682,22.62
2683,24.68
2684,27.25
2685,28.12
2686,27.93
2687,31.06
2688,33.93
2689,31.0
2690,33.37
2691,33.37
2692,34.62
2693,31.81
2694,35.56
2695,33.87
2696,34.18
2697,38.5
2698,30.62
2699,30.5
2700,27.31
2701,37.0
2702,32.18
2703,34.68
2704,29.18
2705,26.31
2706,26.06
2707,25.68
2708,24.93
2709,23.68
2710,23.12
2711,23.37
2712,23.43
2713,23.37
2714,23.5
2715,23.56
2716,23.5
2717,23.37
2718,23.37
2719,23.31
2720,23.31
2721,23.25
2722,23.37
2723,23.43
2724,23.37
2725,23.18
2726,23.06
2727,23.12
2728,23.06
2729,22.81
2730,23.06
2731,24.18
2732,24.43
2733,24.62
2734,28.93
2735,28.06
2736,28.93
2737,31.18
2738,29.87
2739,32.93
2740,33.06
2741,35.31
2742,33.93
2743,35.43
2744,35.12
2745,35.75
2746,38.56
2747,36.68
2748,32.37
2749,35.25
2750,32.06
2751,34.37
2752,30.43
2753,24.68
2754,24.75
2755,24.31
2756,23.18
2757,22.81
2758,23.31
2759,23.62
2760,23.56
2761,23.68
2762,23.62
2763,23.56
2764,23.81
2765,23.87
2766,24.0
2767,23.62
2768,23.68
2769,23.81
2770,23.56
2771,23.43
2772,23.25
2773,23.12
2774,22.93
2775,22.81
2776,22.81
2777,23.0
2778,23.18
2779,23.5
2780,24.5
2781,26.56
2782,30.18
2783,30.68
2784,31.87
2785,32.25
2786,33.25
2787,32.18
2788,34.0
2789,33.37
2790,34.75
2791,35.37
2792,34.5
2793,32.68
2794,32.93
2795,35.56
2796,35.31
2797,38.43
2798,37.75
2799,37.56
2800,30.06
2801,27.31
2802,26.56
2803,26.12
2804,25.87
2805,25.56
2806,25.5
2807,24.68
2808,24.12
2809,23.87
2810,23.25
2811,23.18
2812,23.25
2813,23.0
2814,22.93
2815,23.37
2816,23.18
2817,22.5
2818,22.5
2819,22.56
2820,22.75
2821,22.81
2822,22.68
2823,22.81
2824,22.93
2825,22.93
2826,23.18
2827,23.87
2828,26.37
2829,27.0
2830,26.81
2831,27.93
2832,30.0
2833,29.25
2834,30.06
2835,31.25
2836,31.31
2837,31.37
2838,30.68
2839,31.37
2840,31.87
2841,35.0
2842,34.18
2843,36.93
2844,34.43
2845,30.56
2846,32.5
2847,33.18
2848,28.0
2849,26.18
2850,25.25
2851,24.75
2852,24.37
2853,24.06
2854,24.06
2855,24.0
2856,23.93
2857,24.18
2858,24.06
2859,24.0
2860,23.87
2861,23.75
2862,23.93
2863,23.81
2864,23.68
2865,23.56
2866,23.56
2867,23.37
2868,23.18
2869,22.93
2870,22.75
2871,22.68
2872,22.56
2873,22.62
2874,22.75
2875,23.25
2876,26.37
2877,26.31
2878,28.56
2879,29.37
2880,31.06
2881,28.18
2882,30.31
2883,31.81
2884,32.68
2885,34.87
2886,33.56
2887,32.87
2888,33.18
2889,35.5
2890,33.18
2891,36.12
2892,31.81
2893,31.06
2894,30.0
2895,31.62
2896,30.5
2897,28.93
2898,27.75
2899,27.12
2900,27.25
2901,26.56
2902,26.0
2903,25.5
2904,25.87
2905,25.62
2906,25.62
2907,25.75
2908,25.87
2909,26.06
2910,25.81
2911,25.25
2912,24.87
2913,25.0
2914,24.87
2915,24.56
2916,24.81
2917,24.93
2918,25.06
2919,24.81
2920,24.93
2921,24.87
2922,25.18
2923,29.68
2924,28.12
2925,34.0
2926,29.0
2927,31.18
2928,29.93
2929,30.06
2930,32.43
2931,32.25
2932,32.81
2933,35.25
2934,34.56
2935,36.43
2936,37.31
2937,35.12
2938,35.18
2939,33.18
2940,31.81
2941,29.93
2942,31.0
2943,30.93
2944,31.43
2945,29.12
2946,28.18
2947,27.5
2948,26.81
2949,26.68
2950,26.81
2951,27.06
2952,27.12
2953,26.87
2954,26.93
2955,27.06
2956,26.37
2957,26.56
2958,26.5
2959,26.25
2960,26.12
2961,25.93
2962,25.06
2963,25.18
2964,24.62
2965,23.81
2966,22.81
2967,23.06
2968,23.0
2969,23.06
2970,23.18
2971,23.37
2972,23.81
2973,25.56
2974,27.18
2975,28.43
2976,28.93
2977,30.0
2978,29.0
2979,30.31
2980,32.5
2981,31.62
2982,34.62
2983,36.18
2984,34.87
2985,36.81
2986,35.56
2987,33.43
2988,32.81
2989,36.56
2990,34.43
2991,30.93
2992,29.5
2993,28.18
2994,27.56
2995,26.87
2996,26.37
2997,25.43
2998,25.31
2999,25.5
3000,24.93
3001,23.25
3002,22.81
3003,22.5
3004,22.75
3005,22.75
3006,22.68
3007,22.81
3008,22.81
3009,22.87
3010,22.81
3011,22.75
3012,22.81
3013,22.87
3014,22.81
3015,22.75
3016,22.81
3017,22.75
3018,23.0
3019,23.56
3020,23.81
3021,24.31
3022,24.93
3023,27.37
3024,27.06
3025,31.75
3026,32.62
3027,31.62
3028,30.18
3029,29.93
3030,29.18
3031,31.31
3032,31.12
3033,32.31
3034,32.87
3035,34.25
3036,34.43
3037,36.06
3038,34.43
3039,36.37
3040,30.5
3041,28.37
3042,27.68
3043,26.62
3044,26.43
3045,25.62
3046,25.0
3047,23.81
3048,23.56
3049,23.43
3050,23.37
3051,23.56
3052,23.37
3053,23.25
3054,23.25
3055,23.43
3056,23.43
3057,23.37
3058,23.31
3059,23.43
3060,23.25
3061,23.18
3062,23.18
3063,23.37
3064,23.37
3065,23.43
3066,23.43
3067,24.06
3068,24.87
3069,25.43
3070,30.37
3071,30.0
3072,30.68
3073,34.75
3074,32.31
3075,32.68
3076,33.06
3077,35.31
3078,33.18
3079,33.56
3080,36.12
3081,33.12
3082,35.43
3083,34.62
3084,34.93
3085,36.75
3086,33.18
3087,33.75
3088,31.06
3089,28.37
3090,26.81
3091,26.68
3092,26.62
3093,26.43
3094,26.06
3095,26.06
3096,26.18
3097,26.87
3098,26.37
3099,26.5
3100,26.12
3101,26.06
3102,25.75
3103,26.12
3104,26.18
3105,25.87
3106,26.0
3107,25.75
3108,25.31
3109,25.31
3110,25.06
3111,25.12
3112,25.0
3113,25.0
3114,25.81
3115,27.12
3116,29.06
3117,31.12
3118,32.18
3119,31.06
3120,31.93
3121,31.62
3122,34.31
3123,34.06
3124,34.0
3125,31.81
3126,32.5
3127,34.37
3128,36.87
3129,36.5
3130,36.87
3131,35.93
3132,36.62
3133,35.75
3134,34.93
3135,34.68
3136,33.18
3137,31.25
3138,29.18
3139,28.37
3140,28.12
3141,28.12
3142,28.06
3143,28.0
3144,27.81
3145,27.87
3146,27.87
3147,27.18
3148,27.12
3149,27.31
3150,26.87
3151,26.81
3152,26.62
3153,27.06
3154,26.56
3155,26.12
3156,26.0
3157,26.25
3158,26.31
3159,26.37
3160,26.31
3161,26.31
3162,26.62
3163,27.18
3164,27.43
3165,27.93
3166,29.31
3167,31.37
3168,31.0
3169,34.0
3170,32.68
3171,31.06
3172,32.37
3173,32.87
3174,34.37
3175,30.93
3176,30.68
3177,29.75
3178,27.31
3179,26.37
3180,24.5
3181,24.18
3182,24.31
3183,25.06
3184,25.18
3185,24.75
3186,24.81
3187,24.62
3188,24.68
3189,24.93
3190,25.06
3191,25.06
3192,25.12
3193,25.0
3194,24.93
3195,25.06
3196,25.12
3197,24.93
3198,24.87
3199,24.75
3200,24.87
3201,25.06
3202,25.06
3203,25.12
3204,25.12
3205,24.93
3206,24.31
3207,24.31
3208,24.06
3209,24.18
3210,24.25
3211,24.68
3212,25.18
3213,26.25
3214,26.12
3215,28.75
3216,27.56
3217,31.0
3218,31.81
3219,31.81
3220,32.43
3221,30.68
3222,30.5
3223,32.56
3224,32.5
3225,35.06
3226,34.31
3227,38.06
3228,33.12
3229,32.06
3230,31.25
3231,35.43
3232,32.31
3233,34.0
3234,28.81
3235,27.75
3236,25.12
3237,24.43
3238,23.25
3239,22.75
3240,22.87
3241,22.68
3242,22.62
3243,22.56
3244,22.68
3245,22.56
3246,22.62
3247,22.5
3248,22.56
3249,22.56
3250,22.56
3251,22.43
3252,22.5
3253,22.5
3254,22.5
3255,22.43
3256,22.62
3257,22.56
3258,22.56
3259,22.81
3260,23.25
3261,24.0
3262,25.0
3263,26.31
3264,27.62
3265,31.93
3266,32.25
3267,31.93
3268,34.68
3269,34.75
3270,34.5
3271,35.31
3272,34.93
3273,36.62
3274,35.37
3275,38.81
3276,39.56
3277,37.87
3278,36.93
3279,34.81
3280,35.06
3281,34.5
3282,29.87
3283,28.25
3284,27.18
3285,26.93
3286,26.62
3287,26.43
3288,26.43
3289,26.56
3290,26.31
3291,25.75
3292,25.81
3293,25.75
3294,25.75
3295,25.12
3296,25.43
3297,25.62
3298,24.81
3299,24.81
3300,24.31
3301,24.12
3302,24.18
3303,24.5
3304,25.06
3305,25.25
3306,25.5
3307,26.25
3308,26.93
3309,27.31
3310,27.18
3311,28.62
3312,32.75
3313,29.56
3314,29.31
3315,31.81
3316,32.87
3317,33.68
3318,35.62
3319,32.75
3320,35.75
3321,37.56
3322,37.75
3323,34.87
3324,36.0
3325,32.43
3326,35.43
3327,33.43
3328,31.62
3329,30.93
3330,28.68
3331,28.43
3332,28.12
3333,28.06
3334,28.0
3335,28.0
3336,28.12
3337,26.31
3338,26.56
3339,26.25
3340,26.06
3341,26.18
3342,25.75
3343,25.68
3344,25.87
3345,25.87
3346,25.81
3347,25.93
3348,25.75
3349,23.43
3350,23.25
3351,23.06
3352,23.5
3353,23.62
3354,23.62
3355,24.18
3356,26.31
3357,27.5
3358,27.0
3359,27.12
3360,27.37
3361,27.81
3362,30.31
3363,29.87
3364,28.62
3365,29.06
3366,30.06
3367,30.31
3368,29.68
3369,32.18
3370,34.5
3371,32.5
3372,35.43
3373,35.43
3374,36.68
3375,34.12
3376,35.37
3377,31.75
3378,28.62
3379,26.75
3380,26.5
3381,26.25
3382,26.37
3383,26.43
3384,26.43
3385,26.37
3386,26.0
3387,25.68
3388,25.12
3389,24.93
3390,25.0
3391,24.87
3392,24.0
3393,23.68
3394,23.68
3395,23.81
3396,23.87
3397,23.93
3398,23.87
3399,23.87
3400,23.93
3401,24.0
3402,24.06
3403,24.18
3404,24.25
3405,25.43
3406,27.12
3407,28.31
3408,30.37
3409,32.31
3410,34.18
3411,31.62
3412,31.62
3413,34.62
3414,34.81
3415,33.37
3416,37.06
3417,35.18
3418,34.43
3419,33.62
3420,36.31
3421,32.93
3422,34.12
3423,34.68
3424,31.0
3425,29.37
3426,28.25
3427,27.87
3428,27.81
3429,27.68
3430,27.43
3431,26.93
3432,26.93
3433,26.56
3434,26.31
3435,26.12
3436,26.0
3437,26.06
3438,25.93
3439,25.56
3440,25.31
3441,25.25
3442,25.25
3443,25.25
3444,24.81
3445,24.87
3446,24.93
3447,25.0
3448,24.93
3449,24.68
3450,24.75
3451,25.87
3452,25.5
3453,26.5
3454,27.75
3455,32.5
3456,29.25
3457,30.0
3458,30.87
3459,34.18
3460,37.87
3461,35.68
3462,36.87
3463,34.62
3464,31.62
3465,33.56
3466,32.43
3467,35.93
3468,37.18
3469,32.5
3470,31.43
3471,30.18
3472,29.06
3473,28.68
3474,25.25
3475,23.68
3476,24.0
3477,24.0
3478,23.81
3479,23.87
3480,24.0
3481,24.0
3482,24.06
3483,24.0
3484,24.12
3485,23.87
3486,23.81
3487,23.93
3488,24.06
3489,24.25
3490,23.93
3491,24.06
3492,24.0
3493,24.0
3494,23.93
3495,24.06
3496,23.93
3497,24.0
3498,24.18
3499,24.62
3500,24.87
3501,26.37
3502,27.43
3503,28.56
3504,28.06
3505,29.93
3506,30.0
3507,33.93
3508,34.43
3509,32.12
3510,33.68
3511,36.56
3512,35.68
3513,35.31
3514,38.75
3515,36.37
3516,36.0
3517,36.81
3518,34.62
3519,34.12
3520,32.68
3521,30.37
3522,29.12
3523,27.12
3524,25.87
3525,25.56
3526,24.56
3527,24.68
3528,24.68
3529,24.87
3530,24.93
3531,24.87
3532,24.87
3533,24.5
3534,24.06
3535,23.75
3536,23.93
3537,23.93
3538,23.75
3539,23.75
3540,23.75
3541,23.75
3542,23.62
3543,23.68
3544,23.75
3545,23.75
3546,23.87
3547,24.18
3548,24.81
3549,25.43
3550,27.5
3551,29.06
3552,29.75
3553,33.81
3554,31.0
3555,31.68
3556,34.25
3557,34.5
3558,33.93
3559,35.75
3560,35.68
3561,36.25
3562,36.43
3563,33.81
3564,37.25
3565,33.18
3566,33.87
3567,31.81
3568,30.56
3569,29.81
3570,28.93
3571,27.18
3572,26.81
3573,26.87
3574,26.68
3575,26.12
3576,25.75
3577,26.06
3578,26.18
3579,26.31
3580,25.81
3581,25.68
3582,25.62
3583,24.93
3584,24.25
3585,23.68
3586,23.25
3587,22.93
3588,22.81
3589,23.18
3590,23.12
3591,23.43
3592,23.43
3593,23.31
3594,23.81
3595,26.81
3596,29.37
3597,28.62
3598,31.06
3599,31.12
3600,34.18
3601,35.93
3602,32.81
3603,34.18
3604,33.75
3605,34.56
3606,32.81
3607,35.81
3608,28.37
3609,31.18
3610,32.31
3611,32.25
3612,28.25
3613,28.93
3614,31.37
3615,29.75
3616,29.18
3617,27.62
3618,26.62
3619,26.12
3620,25.68
3621,25.43
3622,25.31
3623,24.93
3624,25.0
3625,25.37
3626,25.25
3627,24.87
3628,25.12
3629,25.25
3630,25.06
3631,25.31
3632,25.43
3633,24.93
3634,24.87
3635,25.0
3636,25.18
3637,25.25
3638,25.06
3639,24.93
3640,24.93
3641,24.81
3642,25.06
3643,26.93
3644,27.25
3645,29.75
3646,30.37
3647,34.37
3648,28.56
3649,32.06
3650,31.12
3651,32.06
3652,33.87
3653,35.0
3654,33.93
3655,36.31
3656,34.12
3657,33.81
3658,33.12
3659,31.56
3660,26.68
3661,32.62
3662,28.31
3663,28.87
3664,28.12
3665,27.56
3666,26.75
3667,26.18
3668,25.87
3669,25.75
3670,25.62
3671,25.81
3672,25.68
3673,25.62
3674,25.75
3675,25.62
3676,24.75
3677,24.62
3678,24.25
3679,23.93
3680,24.12
3681,24.18
3682,24.06
3683,24.18
3684,24.25
3685,24.31
3686,24.31
3687,24.31
3688,24.18
3689,24.37
3690,24.31
3691,24.75
3692,26.0
3693,25.87
3694,26.25
3695,27.25
3696,27.62
3697,29.68
3698,29.5
3699,30.31
3700,29.06
3701,29.43
3702,29.31
3703,30.37
3704,29.37
3705,31.06
3706,34.18
3707,30.87
3708,32.37
3709,31.62
3710,30.93
3711,30.56
3712,27.93
3713,27.43
3714,26.56
3715,25.75
3716,25.81
3717,25.43
3718,25.25
3719,25.12
3720,25.25
3721,24.93
3722,24.93
3723,24.93
3724,24.68
3725,24.37
3726,24.18
3727,24.37
3728,24.43
3729,24.43
3730,24.43
3731,24.18
3732,24.06
3733,24.12
3734,24.25
3735,24.0
3736,23.87
3737,23.56
3738,23.93
3739,24.75
3740,25.18
3741,25.31
3742,25.5
3743,31.43
3744,30.56
3745,34.87
3746,35.31
3747,33.43
3748,35.68
3749,33.31
3750,36.18
3751,33.93
3752,34.5
3753,37.43
3754,35.12
3755,40.25
3756,32.5
3757,34.87
3758,38.12
3759,34.68
3760,35.62
3761,32.93
3762,29.5
3763,28.81
3764,28.43
3765,28.18
3766,27.87
3767,27.56
3768,27.43
3769,26.56
3770,26.31
3771,26.12
3772,26.0
3773,25.43
3774,25.12
3775,24.68
3776,24.5
3777,24.37
3778,24.43
3779,24.75
3780,24.62
3781,24.56
3782,24.43
3783,24.43
3784,23.93
3785,23.81
3786,23.93
3787,23.68
3788,24.37
3789,24.81
3790,25.68
3791,25.68
3792,26.68
3793,26.12
3794,28.18
3795,27.62
3796,26.37
3797,26.87
3798,26.87
3799,28.62
3800,28.62
3801,27.93
3802,28.93
3803,28.87
3804,28.62
3805,29.06
3806,28.31
3807,28.0
3808,27.81
3809,26.93
3810,25.68
3811,24.93
3812,24.75
3813,24.75
3814,24.75
3815,24.75
3816,24.68
3817,24.62
3818,24.5
3819,24.5
3820,24.5
3821,24.43
3822,24.5
3823,24.5
3824,24.56
3825,24.68
3826,24.75
3827,24.68
3828,24.68
3829,24.5
3830,24.37
3831,24.37
3832,24.31
3833,24.12
3834,24.25
3835,24.87
3836,25.12
3837,27.81
3838,28.43
3839,29.12
3840,29.25
3841,34.37
3842,33.87
3843,33.56
3844,33.43
3845,34.93
3846,33.37
3847,32.18
3848,34.31
3849,29.68
3850,26.68
3851,26.37
3852,27.81
3853,29.12
3854,30.37
3855,27.37
3856,26.75
3857,25.93
3858,25.68
3859,25.68
3860,25.56
3861,25.06
3862,24.56
3863,24.56
3864,24.68
3865,24.12
3866,24.31
3867,24.31
3868,23.93
3869,23.81
3870,23.81
3871,23.81
3872,23.81
3873,23.81
3874,23.75
3875,23.68
3876,23.68
3877,23.56
3878,23.62
3879,23.68
3880,23.62
3881,23.37
3882,23.43
3883,24.12
3884,25.25
3885,27.56
3886,28.37
3887,28.12
3888,27.56
3889,27.37
3890,28.62
3891,30.43
3892,30.5
3893,31.43
3894,31.81
3895,30.75
3896,31.0
3897,32.18
3898,31.93
3899,35.12
3900,31.5
3901,35.18
3902,34.56
3903,35.62
3904,32.18
3905,33.81
3906,28.31
3907,27.43
3908,27.25
3909,26.43
3910,25.0
3911,24.5
3912,24.31
3913,24.18
3914,24.06
3915,23.75
3916,23.43
3917,23.31
3918,23.31
3919,23.25
3920,23.18
3921,23.31
3922,23.18
3923,23.12
3924,23.12
3925,23.06
3926,23.0
3927,22.93
3928,22.93
3929,22.93
3930,22.93
3931,23.31
3932,25.31
3933,26.81
3934,26.87
3935,30.0
3936,33.68
3937,30.87
3938,29.56
3939,29.0
3940,30.68
3941,33.12
3942,32.06
3943,32.75
3944,34.06
3945,31.93
3946,32.81
3947,34.25
3948,31.43
3949,31.56
3950,34.18
3951,29.37
3952,28.5
3953,27.62
3954,26.56
3955,25.56
3956,25.81
3957,25.68
3958,25.06
3959,24.93
3960,24.5
3961,24.31
3962,24.68
3963,25.0
3964,25.12
3965,24.81
3966,24.75
3967,24.56
3968,24.56
3969,24.56
3970,24.43
3971,23.87
3972,24.0
3973,24.25
3974,24.12
3975,24.25
3976,24.25
3977,24.12
3978,24.06
3979,25.12
3980,27.56
3981,28.62
3982,29.75
3983,29.87
3984,29.5
3985,31.25
3986,29.18
3987,29.0
3988,30.87
3989,30.31
3990,28.87
3991,27.43
3992,25.18
3993,25.43
3994,27.43
3995,25.87
3996,26.31
3997,26.12
3998,26.0
3999,25.93
4000,25.37
4001,24.68
4002,23.75
4003,23.87
4004,23.56
4005,23.81
4006,24.0
4007,23.68
4008,23.43
4009,23.37
4010,23.31
4011,23.43
4012,23.25
4013,23.25
4014,23.25
4015,23.18
4016,23.12
4017,23.06
4018,23.0
4019,22.93
4020,22.87
4021,22.87
4022,22.93
4023,22.93
4024,23.06
4025,23.06
4026,23.25
4027,24.43
4028,24.5
4029,25.81
4030,26.75
4031,29.12
4032,29.75
4033,29.31
4034,33.18
4035,30.56
4036,29.5
4037,30.25
4038,29.5
4039,31.43
4040,33.06
4041,34.5
4042,32.56
4043,31.68
4044,36.18
4045,35.43
4046,31.56
4047,29.25
4048,28.43
4049,27.87
4050,26.31
4051,24.93
4052,24.31
4053,24.0
4054,23.93
4055,23.81
4056,23.75
4057,23.75
4058,23.68
4059,23.62
4060,23.56
4061,23.56
4062,23.43
4063,23.31
4064,23.18
4065,23.06
4066,23.0
4067,22.93
4068,23.0
4069,23.0
4070,23.12
4071,23.12
4072,23.0
4073,23.06
4074,23.18
4075,23.62
4076,24.93
4077,24.93
4078,26.62
4079,27.87
4080,33.68
4081,33.5
4082,32.37
4083,34.75
4084,31.56
4085,36.0
4086,33.81
4087,37.62
4088,32.31
4089,35.18
4090,34.93
4091,33.0
4092,33.62
4093,39.5
4094,32.93
4095,30.31
4096,29.0
4097,26.56
4098,26.31
4099,26.18
4100,26.0
4101,25.81
4102,25.81
4103,25.25
4104,25.25
4105,25.06
4106,24.75
4107,24.5
4108,24.12
4109,24.12
4110,24.31
4111,24.12
4112,23.5
4113,23.5
4114,23.12
4115,22.87
4116,22.81
4117,22.81
4118,22.81
4119,22.81
4120,22.81
4121,22.68
4122,22.81
4123,23.06
4124,23.56
4125,24.62
4126,26.06
4127,28.56
4128,30.25
4129,31.62
4130,35.0
4131,33.56
4132,35.93
4133,35.06
4134,29.12
4135,32.5
4136,35.18
4137,33.68
4138,30.93
4139,29.81
4140,30.43
4141,29.37
4142,29.56
4143,30.0
4144,28.5
4145,27.62
4146,26.62
4147,26.31
4148,25.62
4149,25.31
4150,25.68
4151,25.62
4152,25.75
4153,25.43
4154,25.25
4155,25.18
4156,25.06
4157,24.75
4158,24.25
4159,24.25
4160,24.12
4161,24.18
4162,24.06
4163,23.93
4164,23.93
4165,23.93
4166,23.81
4167,23.68
4168,23.93
4169,23.62
4170,23.75
4171,24.5
4172,25.43
4173,26.75
4174,27.0
4175,28.93
4176,29.62
4177,29.62
4178,30.87
4179,32.25
4180,32.0
4181,35.0
4182,30.93
4183,32.12
4184,34.56
4185,34.12
4186,32.25
4187,32.62
4188,33.56
4189,35.68
4190,29.68
4191,25.06
4192,23.87
4193,24.68
4194,24.18
4195,23.93
4196,23.56
4197,23.31
4198,23.31
4199,23.18
4200,23.18
4201,23.12
4202,23.12
4203,23.06
4204,23.0
4205,23.25
4206,23.18
4207,23.06
4208,23.06
4209,22.93
4210,22.87
4211,22.81
4212,22.93
4213,22.87
4214,22.93
4215,22.87
4216,23.06
4217,22.87
4218,22.93
4219,23.37
4220,24.06
4221,25.12
4222,27.62
4223,28.18
4224,30.93
4225,32.62
4226,32.5
4227,34.68
4228,34.12
4229,33.06
4230,33.37
4231,32.93
4232,35.18
4233,33.68
4234,38.12
4235,36.93
4236,36.06
4237,35.37
4238,37.18
4239,31.93
4240,30.87
4241,29.56
4242,28.56
4243,27.37
4244,27.18
4245,27.31
4246,27.18
4247,27.18
4248,27.31
4249,27.12
4250,26.81
4251,26.56
4252,26.5
4253,26.12
4254,26.25
4255,25.06
4256,25.25
4257,25.18
4258,25.06
4259,25.0
4260,24.87
4261,24.87
4262,24.87
4263,24.87
4264,24.87
4265,23.62
4266,22.43
4267,23.62
4268,27.62
4269,29.31
4270,30.75
4271,28.0
4272,27.25
4273,26.81
4274,27.37
4275,30.93
4276,35.25
4277,30.31
4278,33.68
4279,33.68
4280,35.12
4281,35.0
4282,36.12
4283,37.81
4284,36.18
4285,33.5
4286,31.06
4287,29.43
4288,27.93
4289,27.75
4290,27.18
4291,26.75
4292,26.25
4293,24.5
4294,23.87
4295,22.56
4296,22.06
4297,22.12
4298,22.06
4299,21.81
4300,21.93
4301,22.0
4302,22.06
4303,22.25
4304,22.06
4305,22.18
4306,22.25
4307,22.37
4308,22.25
4309,22.25
4310,22.18
4311,22.18
4312,22.25
4313,22.31
4314,22.5
4315,22.68
4316,23.68
4317,24.25
4318,25.31
4319,25.31
4320,27.18
4321,28.56
4322,30.31
4323,31.18
4324,32.5
4325,33.93
4326,31.81
4327,32.87
4328,34.68
4329,33.31
4330,35.43
4331,35.62
4332,36.12
4333,37.68
4334,35.93
4335,32.87
4336,35.68
4337,31.75
4338,28.87
4339,26.81
4340,26.25
4341,25.62
4342,25.06
4343,24.75
4344,24.31
4345,24.06
4346,23.93
4347,24.12
4348,23.75
4349,23.93
4350,23.75
4351,23.43
4352,23.12
4353,23.31
4354,23.37
4355,23.68
4356,24.0
4357,23.93
4358,23.62
4359,23.75
4360,23.5
4361,23.43
4362,23.75
4363,24.56
4364,28.43
4365,26.12
4366,27.12
4367,28.81
4368,31.06
4369,34.12
4370,31.75
4371,35.31
4372,37.06
4373,35.12
4374,35.06
4375,35.18
4376,34.56
4377,31.87
4378,32.68
4379,33.12
4380,37.18
4381,39.62
4382,34.93
4383,34.31
4384,25.93
4385,25.25
4386,25.06
4387,24.93
4388,24.68
4389,24.62
4390,24.37
4391,24.06
4392,24.0
4393,24.12
4394,24.06
4395,23.81
4396,23.5
4397,23.62
