,Direccion del viento (Pos)
0,SO
1,SO
2,SO
3,NO
4,NO
5,NO
6,S
7,SE
8,SE
9,N
10,SE
11,SE
12,SE
13,O
14,O
15,NO
16,SE
17,NO
18,NO
19,SE
20,NO
21,NO
22,NE
23,NO
24,O
25,NO
26,O
27,S
28,NO
29,NE
30,O
31,NO
32,NO
33,NO
34,NE
35,E
36,NO
37,S
38,NE
39,O
40,NO
41,S
42,NE
43,SE
44,SE
45,SE
46,O
47,SE
48,NO
49,SE
50,NO
51,O
52,NO
53,SO
54,N
55,N
56,SE
57,SE
58,SE
59,SE
60,SE
61,NO
62,SE
63,SO
64,SO
65,SE
66,E
67,S
68,SO
69,SO
70,S
71,SO
72,SE
73,O
74,SO
75,SE
76,S
77,SE
78,SO
79,NO
80,O
81,NO
82,NO
83,NO
84,S
85,NO
86,NO
87,NO
88,O
89,NO
90,NO
91,E
92,S
93,SE
94,SE
95,S
96,N
97,NO
98,S
99,NE
100,N
101,NE
102,O
103,NE
104,N
105,NO
106,NO
107,N
108,N
109,N
110,N
111,S
112,O
113,S
114,SO
115,S
116,NO
117,O
118,S
119,SO
120,S
121,NO
122,SO
123,O
124,SO
125,SO
126,SE
127,SO
128,O
129,S
130,E
131,NO
132,NO
133,NE
134,O
135,NO
136,SE
137,NO
138,E
139,SO
140,E
141,SE
142,NO
143,E
144,SO
145,S
146,S
147,NO
148,SO
149,O
150,S
151,NO
152,NO
153,NE
154,O
155,NO
156,NO
157,O
158,NO
159,O
160,N
161,SE
162,NO
163,N
164,NO
165,NO
166,O
167,SO
168,O
169,O
170,O
171,NO
172,SO
173,NO
174,NO
175,NO
176,NO
177,NO
178,NO
179,NO
180,S
181,SO
182,SO
183,N
184,SE
185,E
186,SE
187,O
188,SO
189,O
190,O
191,NO
192,S
193,S
194,E
195,E
196,SO
197,NO
198,E
199,SE
200,NO
201,SE
202,SE
203,SE
204,SO
205,SO
206,SO
207,SE
208,NO
209,E
210,O
211,NO
212,NO
213,O
214,O
215,S
216,O
217,NO
218,NO
219,NO
220,NO
221,SE
222,SO
223,SE
224,E
225,S
226,SE
227,NE
228,S
229,SE
230,SE
231,E
232,SE
233,SE
234,S
235,NO
236,NO
237,NO
238,NO
239,NO
240,NO
241,NO
242,NO
243,NO
244,SO
245,O
246,SE
247,SE
248,SE
249,N
250,SE
251,E
252,SO
253,O
254,SO
255,SE
256,O
257,SE
258,SO
259,NO
260,NO
261,NO
262,NO
263,O
264,SE
265,S
266,NE
267,NE
268,NE
269,S
270,NE
271,NO
272,NO
273,NO
274,NO
275,NO
276,NO
277,SE
278,NO
279,S
280,N
281,N
282,NE
283,NO
284,NO
285,O
286,O
287,O
288,O
289,O
290,NO
291,NO
292,E
293,E
294,E
295,E
296,SE
297,NO
298,NO
299,S
300,SE
301,SE
302,SE
303,SE
304,NO
305,SO
306,O
307,NO
308,S
309,NO
310,O
311,NO
312,NO
313,SE
314,S
315,S
316,NO
317,O
318,SO
319,O
320,O
321,SE
322,SE
323,S
324,SO
325,SO
326,SE
327,SE
328,S
329,E
330,E
331,SE
332,SE
333,NO
334,E
335,SO
336,SE
337,SE
338,S
339,SO
340,O
341,SE
342,SE
343,S
344,NO
345,E
346,E
347,E
348,NO
349,O
350,NO
351,SE
352,N
353,NO
354,S
355,N
356,SE
357,E
358,SE
359,N
360,N
361,SO
362,NO
363,N
364,E
365,SO
366,SE
367,SE
368,SO
369,SE
370,SE
371,SE
372,SE
373,SE
374,NO
375,NO
376,NO
377,NO
378,NO
379,NO
380,NO
381,SE
382,SE
383,S
384,S
385,NE
386,NE
387,N
388,S
389,SO
390,SO
391,SO
392,S
393,NO
394,NO
395,NO
396,NO
397,NO
398,S
399,NO
400,SE
401,SE
402,SE
403,SE
404,SE
405,SE
406,SE
407,NO
408,NO
409,SE
410,NO
411,E
412,NO
413,SE
414,SE
415,SE
416,NO
417,NO
418,SE
419,NO
420,NO
421,S
422,NE
423,SE
424,S
425,SE
426,SE
427,SE
428,NO
429,S
430,O
431,SE
432,NO
433,O
434,O
435,O
436,S
437,S
438,S
439,NO
440,E
441,E
442,S
443,S
444,S
445,S
446,SE
447,O
448,O
449,O
450,NO
451,SO
452,SE
453,N
454,SO
455,SO
456,SE
457,SO
458,S
459,S
460,NE
461,S
462,S
463,SO
464,SO
465,SO
466,SO
467,NE
468,SE
469,SE
470,SO
471,S
472,S
473,O
474,SO
475,S
476,NO
477,NO
478,S
479,O
480,O
481,S
482,SE
483,SE
484,S
485,SE
486,SO
487,N
488,SE
489,S
490,S
491,N
492,SE
493,O
494,SO
495,SO
496,NO
497,SE
498,S
499,N
500,NO
501,N
502,N
503,N
504,NO
505,N
506,S
507,S
508,NO
509,O
510,S
511,S
512,N
513,SE
514,SE
515,S
516,E
517,SE
518,S
519,SE
520,SO
521,SO
522,NO
523,O
524,O
525,O
526,NO
527,S
528,S
529,NE
530,S
531,S
532,NE
533,S
534,N
535,E
536,E
537,E
538,E
539,E
540,E
541,E
542,SO
543,S
544,SO
545,SO
546,N
547,N
548,SE
549,SE
550,SE
551,O
552,N
553,O
554,N
555,SE
556,NO
557,SE
558,SE
559,SE
560,NE
561,SE
562,SE
563,SE
564,SE
565,SE
566,SE
567,NO
568,SE
569,SE
570,SO
571,NO
572,SE
573,NE
574,SE
575,S
576,S
577,SO
578,NE
579,NE
580,NO
581,NO
582,S
583,O
584,NO
585,NO
586,NO
587,NO
588,NO
589,NO
590,SE
591,NO
592,NO
593,E
594,SO
595,SE
596,SE
597,NO
598,O
599,E
600,SO
601,E
602,S
603,SO
604,O
605,SO
606,S
607,S
608,NO
609,S
610,O
611,SE
612,SO
613,S
614,S
615,S
616,S
617,S
618,S
619,NO
620,NO
621,NO
622,O
623,O
624,O
625,O
626,S
627,SO
628,SO
629,SO
630,SO
631,SO
632,SO
633,SO
634,SO
635,SO
636,SO
637,SO
638,SO
639,S
640,S
641,SO
642,NO
643,S
644,NO
645,SO
646,S
647,SE
648,SO
649,S
650,SE
651,O
652,SE
653,O
654,O
655,O
656,NO
657,NO
658,SE
659,NO
660,NO
661,SE
662,SE
663,SE
664,NO
665,SE
666,NO
667,SE
668,SE
669,S
670,SE
671,O
672,S
673,SO
674,S
675,S
676,SO
677,SO
678,SO
679,O
680,SO
681,SO
682,SO
683,SO
684,E
685,S
686,NO
687,SE
688,SO
689,O
690,O
691,S
692,S
693,NO
694,SO
695,E
696,E
697,SO
698,O
699,S
700,O
701,NO
702,E
703,NO
704,S
705,S
706,SE
707,NO
708,S
709,O
710,SE
711,SE
712,S
713,E
714,SE
715,SE
716,S
717,S
718,SE
719,SO
720,SE
721,O
722,S
723,S
724,SE
725,SE
726,SE
727,SE
728,SE
729,SE
730,SO
731,SE
732,SE
733,SE
734,SE
735,SO
736,S
737,NO
738,E
739,E
740,O
741,O
742,S
743,O
744,S
745,O
746,NO
747,NO
748,NO
749,NO
750,O
751,NO
752,NO
753,NO
754,SE
755,SE
756,SE
757,SE
758,SE
759,SO
760,S
761,S
762,S
763,SE
764,S
765,E
766,O
767,S
768,E
769,SO
770,SO
771,SO
772,SO
773,SO
774,E
775,NO
776,NO
777,E
778,SE
779,NO
780,NO
781,NO
782,SE
783,SO
784,SO
785,E
786,SE
787,SE
788,S
789,E
790,SO
791,E
792,S
793,SO
794,NO
795,NO
796,O
797,S
798,SO
799,S
800,SE
801,SO
802,SO
803,NO
804,NO
805,NO
806,NO
807,NO
808,E
809,E
810,NO
811,NO
812,NO
813,E
814,E
815,E
816,E
817,E
818,E
819,E
820,E
821,E
822,E
823,NO
824,SE
825,SO
826,SO
827,SE
828,SE
829,SE
830,SE
831,SO
832,S
833,SO
834,SE
835,NE
836,SE
837,S
838,S
839,O
840,SO
841,SE
842,SE
843,SE
844,S
845,S
846,SE
847,SO
848,S
849,E
850,E
851,E
852,SE
853,SE
854,SE
855,E
856,SO
857,SO
858,SO
859,SO
860,E
861,SO
862,SO
863,SO
864,NO
865,E
866,E
867,E
868,O
869,E
870,E
871,E
872,E
873,E
874,E
875,E
876,E
877,E
878,SE
879,SE
880,SO
881,SO
882,O
883,NO
884,NO
885,NO
886,NO
887,SO
888,O
889,NO
890,SO
891,O
892,SO
893,SE
894,E
895,SE
896,E
897,SE
898,E
899,E
900,E
901,E
902,NE
903,E
904,E
905,E
906,E
907,E
908,SE
909,E
910,E
911,E
912,E
913,O
914,O
915,NO
916,SE
917,SO
918,SO
919,SE
920,SE
921,SE
922,SE
923,SE
924,SE
925,SE
926,SO
927,S
928,S
929,S
930,S
931,E
932,E
933,S
934,O
935,O
936,SO
937,E
938,E
939,NO
940,S
941,NO
942,SE
943,S
944,S
945,S
946,SE
947,SO
948,S
949,S
950,S
951,S
952,E
953,NO
954,S
955,NO
956,E
957,SO
958,E
959,NO
960,S
961,S
962,SO
963,E
964,E
965,E
966,E
967,E
968,E
969,E
970,O
971,O
972,O
973,SE
974,SE
975,S
976,S
977,NO
978,S
979,S
980,SO
981,SE
982,S
983,SE
984,NO
985,NO
986,SO
987,E
988,SE
989,SO
990,E
991,NO
992,NO
993,NO
994,E
995,NO
996,NO
997,NO
998,SE
999,SE
1000,SE
1001,SE
1002,SE
1003,SE
1004,NO
1005,NO
1006,E
1007,SO
1008,SO
1009,SO
1010,E
1011,O
1012,O
1013,S
1014,SE
1015,O
1016,S
1017,SE
1018,SE
1019,SE
1020,SE
1021,SE
1022,SE
1023,SE
1024,SE
1025,SE
1026,S
1027,SO
1028,E
1029,S
1030,S
1031,NO
1032,NO
1033,E
1034,S
1035,O
1036,S
1037,S
1038,S
1039,S
1040,SO
1041,S
1042,O
1043,SE
1044,SO
1045,SO
1046,O
1047,NO
1048,NO
1049,E
1050,SO
1051,E
1052,E
1053,E
1054,N
1055,N
1056,N
1057,N
1058,N
1059,N
1060,E
1061,E
1062,E
1063,O
1064,E
1065,E
1066,E
1067,E
1068,SO
1069,S
1070,S
1071,SE
1072,O
1073,SO
1074,E
1075,NO
1076,NO
1077,SE
1078,S
1079,E
1080,S
1081,SO
1082,O
1083,S
1084,S
1085,O
1086,S
1087,SE
1088,SE
1089,E
1090,SO
1091,S
1092,E
1093,SE
1094,SO
1095,S
1096,NE
1097,S
1098,S
1099,E
1100,NO
1101,NO
1102,NO
1103,E
1104,E
1105,E
1106,E
1107,E
1108,E
1109,E
1110,S
1111,SO
1112,E
1113,S
1114,SE
1115,S
1116,S
1117,S
1118,SO
1119,NO
1120,NO
1121,S
1122,S
1123,SO
1124,SO
1125,O
1126,S
1127,NE
1128,S
1129,SE
1130,S
1131,NO
1132,O
1133,O
1134,S
1135,NO
1136,NO
1137,SO
1138,NO
1139,NO
1140,SO
1141,O
1142,SE
1143,E
1144,SO
1145,SO
1146,SO
1147,SO
1148,SO
1149,E
1150,E
1151,E
1152,N
1153,N
1154,E
1155,E
1156,E
1157,NO
1158,E
1159,SE
1160,S
1161,E
1162,N
1163,SE
1164,NO
1165,NO
1166,SE
1167,NO
1168,NO
1169,E
1170,E
1171,SE
1172,S
1173,SO
1174,S
1175,SO
1176,O
1177,S
1178,NO
1179,SO
1180,S
1181,E
1182,SE
1183,E
1184,SE
1185,E
1186,E
1187,E
1188,E
1189,E
1190,E
1191,E
1192,E
1193,E
1194,E
1195,E
1196,E
1197,NO
1198,O
1199,O
1200,O
1201,O
1202,O
1203,E
1204,NO
1205,NO
1206,N
1207,E
1208,SO
1209,E
1210,E
1211,E
1212,E
1213,SE
1214,E
1215,E
1216,E
1217,NO
1218,S
1219,SO
1220,NO
1221,O
1222,E
1223,O
1224,NO
1225,E
1226,SO
1227,SE
1228,NO
1229,SO
1230,SO
1231,NO
1232,E
1233,E
1234,E
1235,N
1236,E
1237,E
1238,S
1239,S
1240,S
1241,NO
1242,E
1243,SO
1244,E
1245,S
1246,S
1247,SE
1248,SO
1249,E
1250,E
1251,S
1252,SE
1253,S
1254,SO
1255,SO
1256,E
1257,E
1258,S
1259,SO
1260,S
1261,SO
1262,NO
1263,SE
1264,S
1265,S
1266,S
1267,SO
1268,SO
1269,SO
1270,O
1271,SO
1272,NO
1273,NO
1274,S
1275,SE
1276,O
1277,SO
1278,S
1279,E
1280,SO
1281,SO
1282,E
1283,NO
1284,O
1285,NO
1286,O
1287,E
1288,N
1289,E
1290,N
1291,N
1292,E
1293,E
1294,NO
1295,NO
1296,NO
1297,NO
1298,NO
1299,SO
1300,SE
1301,E
1302,E
1303,N
1304,E
1305,SO
1306,E
1307,N
1308,E
1309,E
1310,E
1311,SO
1312,SO
1313,E
1314,E
1315,NO
1316,E
1317,E
1318,E
1319,E
1320,SO
1321,E
1322,NO
1323,E
1324,NO
1325,NO
1326,NO
1327,E
1328,NO
1329,E
1330,E
1331,E
1332,E
1333,E
1334,SO
1335,N
1336,E
1337,SO
1338,N
1339,E
1340,E
1341,N
1342,N
1343,E
1344,NO
1345,O
1346,O
1347,S
1348,SO
1349,O
1350,SE
1351,S
1352,NO
1353,SO
1354,S
1355,S
1356,SO
1357,S
1358,S
1359,E
1360,NO
1361,NO
1362,NO
1363,NO
1364,NO
1365,NO
1366,O
1367,O
1368,NO
1369,E
1370,N
1371,N
1372,E
1373,E
1374,E
1375,E
1376,N
1377,E
1378,SE
1379,E
1380,S
1381,SE
1382,O
1383,E
1384,S
1385,S
1386,S
1387,S
1388,S
1389,S
1390,S
1391,SO
1392,O
1393,NO
1394,S
1395,SO
1396,NO
1397,S
1398,NO
1399,O
1400,NO
1401,SE
1402,NO
1403,S
1404,O
1405,SO
1406,NO
1407,O
1408,NO
1409,NO
1410,E
1411,E
1412,NO
1413,NO
1414,NO
1415,E
1416,NO
1417,NO
1418,NO
1419,NO
1420,E
1421,E
1422,E
1423,E
1424,NO
1425,O
1426,E
1427,SO
1428,S
1429,O
1430,O
1431,O
1432,E
1433,E
1434,SO
1435,O
1436,S
1437,SE
1438,S
1439,S
1440,S
1441,S
1442,S
1443,S
1444,SO
1445,E
1446,O
1447,NO
1448,NO
1449,E
1450,NO
1451,E
1452,NO
1453,NO
1454,NO
1455,SO
1456,E
1457,E
1458,E
1459,O
1460,NO
1461,E
1462,E
1463,SO
1464,S
1465,S
1466,E
1467,E
1468,E
1469,S
1470,SE
1471,NO
1472,O
1473,SO
1474,O
1475,O
1476,NO
1477,N
1478,E
1479,E
1480,E
1481,NO
1482,NO
1483,NO
1484,NO
1485,NO
1486,E
1487,S
1488,SE
1489,S
1490,NO
1491,O
1492,NO
1493,SO
1494,SO
1495,O
1496,SO
1497,SO
1498,SO
1499,SE
1500,SE
1501,SO
1502,SO
1503,E
1504,SE
1505,S
1506,E
1507,E
1508,SE
1509,E
1510,S
1511,S
1512,S
1513,S
1514,S
1515,NO
1516,S
1517,N
1518,S
1519,SE
1520,S
1521,NO
1522,O
1523,S
1524,S
1525,S
1526,N
1527,NO
1528,NO
1529,NO
1530,E
1531,SE
1532,E
1533,O
1534,SO
1535,SE
1536,SE
1537,E
1538,SE
1539,NO
1540,S
1541,S
1542,O
1543,E
1544,SE
1545,E
1546,SO
1547,E
1548,NO
1549,SE
1550,SE
1551,O
1552,NO
1553,E
1554,SO
1555,O
1556,E
1557,O
1558,NO
1559,E
1560,E
1561,E
1562,O
1563,SE
1564,O
1565,SO
1566,SE
1567,SE
1568,NO
1569,O
1570,SE
1571,E
1572,E
1573,E
1574,O
1575,O
1576,SE
1577,SE
1578,N
1579,S
1580,SE
1581,E
1582,NO
1583,NO
1584,S
1585,NO
1586,NO
1587,SE
1588,O
1589,S
1590,SO
1591,S
1592,SO
1593,SO
1594,SE
1595,E
1596,S
1597,S
1598,E
1599,SO
1600,E
1601,E
1602,E
1603,E
1604,SE
1605,NO
1606,E
1607,E
1608,NO
1609,NO
1610,S
1611,S
1612,E
1613,O
1614,NO
1615,O
1616,O
1617,O
1618,E
1619,SO
1620,O
1621,S
1622,E
1623,E
1624,E
1625,E
1626,E
1627,S
1628,E
1629,SE
1630,E
1631,E
1632,S
1633,SO
1634,S
1635,E
1636,O
1637,SE
1638,SO
1639,S
1640,S
1641,S
1642,S
1643,S
1644,S
1645,SO
1646,SE
1647,S
1648,S
1649,E
1650,SO
1651,SO
1652,NO
1653,S
1654,NO
1655,NO
1656,NO
1657,SO
1658,E
1659,SE
1660,SO
1661,E
1662,S
1663,S
1664,E
1665,SE
1666,SE
1667,SE
1668,SE
1669,SE
1670,E
1671,E
1672,S
1673,SO
1674,SO
1675,SO
1676,SO
1677,SO
1678,S
1679,SO
1680,S
1681,O
1682,O
1683,S
1684,E
1685,S
1686,SO
1687,S
1688,NO
1689,O
1690,S
1691,S
1692,S
1693,O
1694,O
1695,O
1696,O
1697,O
1698,NO
1699,NO
1700,NO
1701,NO
1702,NO
1703,NO
1704,NO
1705,NO
1706,NO
1707,NO
1708,NO
1709,E
1710,E
1711,NO
1712,NO
1713,NO
1714,NO
1715,NO
1716,O
1717,O
1718,NO
1719,O
1720,SO
1721,SO
1722,SO
1723,S
1724,S
1725,O
1726,E
1727,SE
1728,S
1729,S
1730,SE
1731,SO
1732,SO
1733,E
1734,S
1735,SE
1736,O
1737,S
1738,S
1739,S
1740,S
1741,SO
1742,S
1743,SO
1744,S
1745,SE
1746,S
1747,SO
1748,S
1749,SE
1750,S
1751,SE
1752,SE
1753,SE
1754,E
1755,SO
1756,SO
1757,S
1758,SO
1759,O
1760,E
1761,N
1762,SO
1763,E
1764,E
1765,E
1766,E
1767,E
1768,E
1769,E
1770,E
1771,E
1772,O
1773,SE
1774,N
1775,S
1776,SO
1777,SE
1778,S
1779,S
1780,S
1781,S
1782,O
1783,SO
1784,S
1785,SE
1786,S
1787,S
1788,SE
1789,S
1790,E
1791,E
1792,E
1793,E
1794,E
1795,SE
1796,E
1797,O
1798,O
1799,SE
1800,S
1801,SO
1802,S
1803,SO
1804,SO
1805,SE
1806,SO
1807,SO
1808,SO
1809,S
1810,E
1811,SE
1812,SE
1813,S
1814,SE
1815,E
1816,E
1817,S
1818,S
1819,SE
1820,SE
1821,SE
1822,SE
1823,SE
1824,SO
1825,S
1826,S
1827,SO
1828,SE
1829,SO
1830,E
1831,SE
1832,O
1833,SE
1834,NO
1835,NO
1836,NO
1837,NO
1838,NO
1839,S
1840,E
1841,N
1842,NO
1843,N
1844,E
1845,N
1846,O
1847,NO
1848,NO
1849,NO
1850,NO
1851,NO
1852,NO
1853,N
1854,E
1855,NO
1856,N
1857,E
1858,E
1859,E
1860,E
1861,E
1862,E
1863,E
1864,E
1865,E
1866,E
1867,E
1868,E
1869,E
1870,SO
1871,SO
1872,E
1873,O
1874,SE
1875,SO
1876,SO
1877,SE
1878,S
1879,S
1880,SE
1881,NO
1882,S
1883,S
1884,SO
1885,NO
1886,NO
1887,NO
1888,E
1889,NO
1890,E
1891,NO
1892,NO
1893,NO
1894,NO
1895,NO
1896,E
1897,E
1898,NO
1899,E
1900,E
1901,NO
1902,NO
1903,E
1904,O
1905,N
1906,NO
1907,NO
1908,NO
1909,SO
1910,E
1911,SE
1912,SO
1913,SO
1914,NO
1915,S
1916,N
1917,E
1918,E
1919,SE
1920,SO
1921,E
1922,SO
1923,SO
1924,NO
1925,S
1926,S
1927,S
1928,S
1929,SO
1930,NO
1931,O
1932,N
1933,E
1934,E
1935,E
1936,NO
1937,SE
1938,S
1939,O
1940,SE
1941,SE
1942,SO
1943,O
1944,O
1945,S
1946,E
1947,NO
1948,O
1949,E
1950,E
1951,S
1952,SE
1953,SE
1954,S
1955,NO
1956,NO
1957,NO
1958,NO
1959,NO
1960,NO
1961,NO
1962,NO
1963,NO
1964,NO
1965,NO
1966,NO
1967,NO
1968,E
1969,SE
1970,E
1971,S
1972,SO
1973,SO
1974,E
1975,E
1976,O
1977,O
1978,S
1979,SE
1980,SO
1981,S
1982,S
1983,S
1984,O
1985,O
1986,SO
1987,NO
1988,SO
1989,SO
1990,SO
1991,E
1992,S
1993,SE
1994,SE
1995,E
1996,SE
1997,E
1998,E
1999,SE
2000,N
2001,SE
2002,SE
2003,SE
2004,S
2005,SE
2006,S
2007,SE
2008,SE
2009,SE
2010,SE
2011,SE
2012,E
2013,S
2014,S
2015,S
2016,SO
2017,S
2018,E
2019,S
2020,SO
2021,S
2022,O
2023,SE
2024,S
2025,SO
2026,NO
2027,E
2028,O
2029,SE
2030,SO
2031,S
2032,S
2033,E
2034,S
2035,S
2036,SE
2037,E
2038,E
2039,S
2040,SE
2041,SO
2042,S
2043,SO
2044,S
2045,SE
2046,E
2047,E
2048,S
2049,S
2050,S
2051,S
2052,E
2053,SE
2054,SE
2055,SE
2056,SE
2057,SE
2058,E
2059,SO
2060,SE
2061,SE
2062,SE
2063,SE
2064,S
2065,SE
2066,S
2067,S
2068,SE
2069,SE
2070,O
2071,E
2072,E
2073,O
2074,S
2075,SO
2076,O
2077,SE
2078,SE
2079,SE
2080,S
2081,SE
2082,NO
2083,NO
2084,E
2085,NO
2086,SO
2087,NO
2088,O
2089,E
2090,E
2091,E
2092,E
2093,E
2094,E
2095,E
2096,NO
2097,NO
2098,NO
2099,O
2100,S
2101,S
2102,SE
2103,SE
2104,SE
2105,SE
2106,S
2107,S
2108,E
2109,O
2110,O
2111,O
2112,O
2113,SO
2114,S
2115,S
2116,S
2117,SO
2118,SE
2119,SO
2120,S
2121,S
2122,S
2123,S
2124,E
2125,E
2126,E
2127,SE
2128,SO
2129,SO
2130,E
2131,E
2132,E
2133,SO
2134,E
2135,SO
2136,E
2137,SO
2138,SO
2139,SO
2140,S
2141,SO
2142,E
2143,E
2144,N
2145,SO
2146,N
2147,E
2148,E
2149,SO
2150,SO
2151,SO
2152,SO
2153,S
2154,SE
2155,S
2156,N
2157,SE
2158,SO
2159,SO
2160,SE
2161,SE
2162,SE
2163,E
2164,S
2165,SE
2166,O
2167,SO
2168,SE
2169,S
2170,SO
2171,O
2172,S
2173,SE
2174,E
2175,O
2176,S
2177,SO
2178,S
2179,S
2180,S
2181,S
2182,E
2183,SE
2184,E
2185,SE
2186,SO
2187,E
2188,SE
2189,E
2190,O
2191,N
2192,E
2193,S
2194,E
2195,SE
2196,S
2197,S
2198,SE
2199,SE
2200,SE
2201,SE
2202,S
2203,S
2204,SO
2205,S
2206,E
2207,E
2208,E
2209,E
2210,S
2211,E
2212,SE
2213,SO
2214,SE
2215,S
2216,E
2217,SO
2218,SE
2219,S
2220,O
2221,NE
2222,O
2223,O
2224,SO
2225,SE
2226,E
2227,SE
2228,E
2229,SE
2230,E
2231,S
2232,S
2233,S
2234,SE
2235,E
2236,E
2237,S
2238,S
2239,SO
2240,E
2241,E
2242,N
2243,O
2244,S
2245,S
2246,N
2247,N
2248,E
2249,E
2250,SE
2251,S
2252,E
2253,SE
2254,S
2255,SO
2256,NO
2257,NO
2258,SO
2259,O
2260,E
2261,SO
2262,E
2263,NO
2264,O
2265,E
2266,NO
2267,SO
2268,E
2269,SO
2270,O
2271,O
2272,E
2273,E
2274,SO
2275,E
2276,E
2277,E
2278,E
2279,NO
2280,E
2281,E
2282,E
2283,NO
2284,O
2285,NO
2286,S
2287,SO
2288,E
2289,S
2290,S
2291,E
2292,E
2293,SE
2294,S
2295,S
2296,SE
2297,SE
2298,SE
2299,SE
2300,E
2301,N
2302,N
2303,E
2304,E
2305,O
2306,SO
2307,SO
2308,SE
2309,SE
2310,SO
2311,E
2312,S
2313,S
2314,SE
2315,SO
2316,SE
2317,NO
2318,SE
2319,E
2320,NO
2321,E
2322,E
2323,E
2324,E
2325,E
2326,SO
2327,NO
2328,NO
2329,NO
2330,E
2331,E
2332,E
2333,NO
2334,O
2335,NO
2336,SO
2337,SE
2338,E
2339,E
2340,E
2341,SE
2342,SE
2343,S
2344,S
2345,E
2346,E
2347,E
2348,O
2349,O
2350,SE
2351,NO
2352,E
2353,SO
2354,SE
2355,S
2356,SE
2357,SO
2358,N
2359,SO
2360,E
2361,SE
2362,SE
2363,SO
2364,SE
2365,E
2366,NE
2367,SO
2368,SO
2369,E
2370,NO
2371,E
2372,E
2373,E
2374,E
2375,E
2376,E
2377,E
2378,NO
2379,NO
2380,NO
2381,NO
2382,NO
2383,N
2384,E
2385,SO
2386,NO
2387,O
2388,O
2389,NO
2390,NO
2391,E
2392,S
2393,SO
2394,N
2395,SO
2396,E
2397,E
2398,E
2399,E
2400,E
2401,NO
2402,O
2403,SE
2404,S
2405,S
2406,S
2407,SO
2408,S
2409,E
2410,SO
2411,NO
2412,E
2413,E
2414,E
2415,E
2416,E
2417,SO
2418,E
2419,SE
2420,S
2421,SE
2422,SE
2423,S
2424,SE
2425,SE
2426,S
2427,S
2428,S
2429,SO
2430,SE
2431,S
2432,SE
2433,S
2434,SE
2435,SO
2436,S
2437,O
2438,S
2439,S
2440,S
2441,S
2442,S
2443,E
2444,E
2445,S
2446,SE
2447,S
2448,S
2449,S
2450,S
2451,SE
2452,SE
2453,E
2454,SE
2455,SE
2456,S
2457,S
2458,SO
2459,S
2460,S
2461,O
2462,S
2463,S
2464,E
2465,SE
2466,E
2467,SO
2468,SE
2469,S
2470,SE
2471,E
2472,SE
2473,E
2474,SE
2475,SE
2476,S
2477,S
2478,SE
2479,SE
2480,SE
2481,S
2482,S
2483,NO
2484,N
2485,NO
2486,E
2487,N
2488,SO
2489,SE
2490,S
2491,SE
2492,SE
2493,SE
2494,S
2495,E
2496,SE
2497,S
2498,SE
2499,SE
2500,SE
2501,SO
2502,S
2503,E
2504,SE
2505,SO
2506,SE
2507,SE
2508,E
2509,SE
2510,SE
2511,S
2512,SE
2513,E
2514,E
2515,SE
2516,E
2517,E
2518,E
2519,E
2520,E
2521,NO
2522,E
2523,E
2524,N
2525,N
2526,N
2527,SE
2528,S
2529,SO
2530,S
2531,E
2532,SE
2533,S
2534,O
2535,SE
2536,SE
2537,SE
2538,S
2539,S
2540,N
2541,S
2542,SE
2543,S
2544,S
2545,S
2546,SO
2547,S
2548,SO
2549,S
2550,SE
2551,S
2552,E
2553,SE
2554,N
2555,SO
2556,S
2557,SO
2558,SE
2559,S
2560,SE
2561,E
2562,E
2563,SE
2564,SE
2565,SE
2566,S
2567,SE
2568,S
2569,S
2570,SE
2571,S
2572,S
2573,SE
2574,E
2575,E
2576,SE
2577,SE
2578,S
2579,SE
2580,SE
2581,SE
2582,SE
2583,SE
2584,E
2585,SE
2586,SE
2587,S
2588,O
2589,S
2590,S
2591,E
2592,SE
2593,S
2594,E
2595,SO
2596,S
2597,S
2598,SE
2599,SO
2600,O
2601,E
2602,S
2603,S
2604,SO
2605,S
2606,S
2607,S
2608,S
2609,S
2610,S
2611,S
2612,S
2613,S
2614,S
2615,SE
2616,S
2617,S
2618,S
2619,SO
2620,S
2621,E
2622,SE
2623,SE
2624,O
2625,S
2626,S
2627,S
2628,SO
2629,S
2630,SE
2631,SE
2632,SE
2633,S
2634,S
2635,SE
2636,SO
2637,S
2638,O
2639,S
2640,S
2641,SE
2642,N
2643,SE
2644,E
2645,S
2646,S
2647,SO
2648,SE
2649,SE
2650,S
2651,SE
2652,SE
2653,E
2654,E
2655,SE
2656,SE
2657,S
2658,S
2659,S
2660,S
2661,SE
2662,S
2663,SO
2664,SE
2665,S
2666,SO
2667,S
2668,S
2669,S
2670,S
2671,SE
2672,S
2673,S
2674,SE
2675,E
2676,E
2677,SO
2678,SE
2679,S
2680,S
2681,S
2682,S
2683,SE
2684,SE
2685,SE
2686,S
2687,S
2688,SE
2689,SO
2690,E
2691,O
2692,O
2693,S
2694,O
2695,SO
2696,S
2697,E
2698,O
2699,E
2700,O
2701,E
2702,SO
2703,NO
2704,NO
2705,E
2706,SE
2707,SE
2708,S
2709,S
2710,SE
2711,S
2712,S
2713,S
2714,S
2715,S
2716,SE
2717,SE
2718,SE
2719,SO
2720,E
2721,E
2722,SO
2723,S
2724,SE
2725,SE
2726,S
2727,SE
2728,SO
2729,S
2730,S
2731,SO
2732,S
2733,SE
2734,SE
2735,S
2736,SE
2737,SE
2738,SE
2739,S
2740,S
2741,NO
2742,S
2743,S
2744,SO
2745,SO
2746,S
2747,O
2748,S
2749,S
2750,SO
2751,SO
2752,NO
2753,SO
2754,SE
2755,SE
2756,SO
2757,S
2758,E
2759,S
2760,S
2761,SE
2762,S
2763,S
2764,SE
2765,SE
2766,S
2767,S
2768,SE
2769,SE
2770,SE
2771,SE
2772,SE
2773,SO
2774,S
2775,SE
2776,SE
2777,E
2778,SE
2779,SE
2780,E
2781,SE
2782,S
2783,S
2784,S
2785,O
2786,S
2787,S
2788,E
2789,S
2790,SE
2791,SO
2792,E
2793,S
2794,S
2795,SE
2796,S
2797,S
2798,SO
2799,O
2800,S
2801,SE
2802,E
2803,E
2804,E
2805,E
2806,O
2807,S
2808,E
2809,SE
2810,S
2811,N
2812,S
2813,S
2814,S
2815,SE
2816,SO
2817,SO
2818,S
2819,O
2820,N
2821,S
2822,S
2823,SE
2824,N
2825,SO
2826,SO
2827,S
2828,N
2829,SO
2830,O
2831,N
2832,NE
2833,SE
2834,S
2835,S
2836,S
2837,S
2838,S
2839,SO
2840,SE
2841,SO
2842,SE
2843,E
2844,S
2845,SO
2846,S
2847,S
2848,SE
2849,E
2850,E
2851,SE
2852,E
2853,E
2854,E
2855,S
2856,S
2857,SO
2858,S
2859,E
2860,N
2861,S
2862,S
2863,S
2864,S
2865,E
2866,N
2867,N
2868,E
2869,E
2870,SE
2871,O
2872,E
2873,NO
2874,E
2875,E
2876,N
2877,N
2878,S
2879,S
2880,E
2881,SE
2882,SE
2883,S
2884,SO
2885,NO
2886,NO
2887,NO
2888,NO
2889,O
2890,NO
2891,E
2892,NO
2893,NO
2894,E
2895,E
2896,NO
2897,E
2898,E
2899,E
2900,E
2901,E
2902,NO
2903,E
2904,E
2905,E
2906,NO
2907,E
2908,SO
2909,SO
2910,E
2911,E
2912,E
2913,E
2914,E
2915,E
2916,E
2917,NO
2918,E
2919,E
2920,E
2921,E
2922,NO
2923,E
2924,S
2925,SO
2926,E
2927,SO
2928,NO
2929,E
2930,E
2931,E
2932,E
2933,NO
2934,O
2935,NO
2936,O
2937,NO
2938,NO
2939,O
2940,O
2941,E
2942,NO
2943,NO
2944,SO
2945,NO
2946,E
2947,E
2948,E
2949,E
2950,NO
2951,E
2952,NO
2953,E
2954,E
2955,E
2956,NO
2957,E
2958,NO
2959,E
2960,E
2961,N
2962,E
2963,SE
2964,S
2965,SE
2966,E
2967,SO
2968,E
2969,E
2970,E
2971,E
2972,NO
2973,NO
2974,NO
2975,NO
2976,E
2977,N
2978,O
2979,SO
2980,S
2981,SO
2982,SE
2983,SO
2984,S
2985,E
2986,S
2987,N
2988,S
2989,E
2990,SE
2991,E
2992,E
2993,SO
2994,SO
2995,E
2996,SO
2997,N
2998,SE
2999,S
3000,SO
3001,SO
3002,SE
3003,S
3004,SE
3005,SE
3006,SE
3007,SO
3008,E
3009,E
3010,E
3011,E
3012,E
3013,SE
3014,SE
3015,S
3016,S
3017,E
3018,E
3019,SE
3020,E
3021,E
3022,SE
3023,SE
3024,S
3025,SE
3026,S
3027,S
3028,O
3029,SE
3030,SO
3031,SO
3032,SO
3033,SE
3034,SE
3035,S
3036,E
3037,SE
3038,SE
3039,NE
3040,E
3041,SE
3042,E
3043,SE
3044,SE
3045,S
3046,SO
3047,SO
3048,SE
3049,SE
3050,SE
3051,E
3052,SE
3053,S
3054,N
3055,N
3056,O
3057,E
3058,SE
3059,S
3060,S
3061,S
3062,S
3063,S
3064,NO
3065,E
3066,N
3067,E
3068,NO
3069,NO
3070,NO
3071,N
3072,E
3073,SO
3074,SO
3075,SO
3076,SO
3077,NO
3078,E
3079,E
3080,E
3081,E
3082,NO
3083,E
3084,O
3085,E
3086,NO
3087,NO
3088,E
3089,SO
3090,E
3091,SO
3092,E
3093,E
3094,E
3095,SO
3096,E
3097,E
3098,NO
3099,E
3100,E
3101,E
3102,E
3103,E
3104,E
3105,E
3106,NO
3107,NO
3108,E
3109,NO
3110,NO
3111,E
3112,NO
3113,E
3114,E
3115,E
3116,E
3117,O
3118,NO
3119,NO
3120,E
3121,O
3122,E
3123,E
3124,E
3125,O
3126,SO
3127,NO
3128,E
3129,O
3130,NO
3131,SO
3132,E
3133,NO
3134,E
3135,NO
3136,NO
3137,SO
3138,E
3139,SO
3140,NO
3141,NO
3142,E
3143,NO
3144,SO
3145,NO
3146,NO
3147,NO
3148,NO
3149,NO
3150,E
3151,E
3152,E
3153,E
3154,E
3155,E
3156,E
3157,NO
3158,E
3159,NO
3160,NO
3161,NO
3162,E
3163,E
3164,E
3165,E
3166,NO
3167,E
3168,NO
3169,E
3170,E
3171,O
3172,O
3173,O
3174,NO
3175,E
3176,NO
3177,O
3178,S
3179,SE
3180,SE
3181,N
3182,SE
3183,N
3184,E
3185,N
3186,E
3187,SE
3188,S
3189,S
3190,E
3191,N
3192,N
3193,SE
3194,E
3195,E
3196,N
3197,O
3198,SE
3199,SE
3200,S
3201,S
3202,S
3203,S
3204,S
3205,S
3206,S
3207,S
3208,S
3209,SE
3210,O
3211,SE
3212,SE
3213,S
3214,S
3215,N
3216,S
3217,N
3218,N
3219,S
3220,S
3221,S
3222,N
3223,N
3224,NO
3225,SE
3226,E
3227,S
3228,S
3229,S
3230,SO
3231,O
3232,O
3233,O
3234,SO
3235,NO
3236,NO
3237,SE
3238,N
3239,S
3240,S
3241,S
3242,SE
3243,O
3244,E
3245,E
3246,N
3247,E
3248,E
3249,SE
3250,S
3251,S
3252,E
3253,E
3254,E
3255,O
3256,O
3257,NO
3258,SO
3259,S
3260,SE
3261,SE
3262,E
3263,SE
3264,SO
3265,SO
3266,SE
3267,S
3268,S
3269,SE
3270,O
3271,E
3272,NO
3273,O
3274,NO
3275,O
3276,NO
3277,E
3278,O
3279,NO
3280,E
3281,E
3282,E
3283,E
3284,NO
3285,E
3286,E
3287,E
3288,SO
3289,SO
3290,E
3291,E
3292,NO
3293,NO
3294,NO
3295,NO
3296,E
3297,E
3298,E
3299,SO
3300,E
3301,O
3302,SO
3303,E
3304,E
3305,SO
3306,E
3307,E
3308,O
3309,E
3310,E
3311,E
3312,NO
3313,NO
3314,SE
3315,NO
3316,O
3317,NO
3318,O
3319,O
3320,E
3321,O
3322,O
3323,O
3324,O
3325,O
3326,NO
3327,E
3328,SO
3329,E
3330,E
3331,E
3332,E
3333,O
3334,E
3335,E
3336,NO
3337,E
3338,SO
3339,E
3340,E
3341,E
3342,E
3343,NO
3344,N
3345,S
3346,S
3347,S
3348,SE
3349,S
3350,S
3351,S
3352,S
3353,E
3354,SE
3355,E
3356,E
3357,S
3358,SE
3359,N
3360,N
3361,N
3362,S
3363,S
3364,S
3365,SO
3366,S
3367,SE
3368,SE
3369,SO
3370,SE
3371,SE
3372,SE
3373,S
3374,S
3375,S
3376,S
3377,S
3378,S
3379,S
3380,S
3381,S
3382,S
3383,S
3384,S
3385,SO
3386,E
3387,E
3388,SE
3389,S
3390,S
3391,S
3392,E
3393,E
3394,NO
3395,SE
3396,NO
3397,O
3398,SO
3399,E
3400,NO
3401,S
3402,S
3403,N
3404,S
3405,S
3406,SO
3407,SE
3408,E
3409,SE
3410,O
3411,S
3412,SE
3413,S
3414,O
3415,SE
3416,S
3417,S
3418,E
3419,E
3420,E
3421,O
3422,NO
3423,E
3424,NO
3425,E
3426,E
3427,E
3428,E
3429,E
3430,E
3431,SO
3432,SO
3433,E
3434,E
3435,SO
3436,S
3437,SE
3438,N
3439,S
3440,S
3441,S
3442,SE
3443,E
3444,SO
3445,S
3446,SE
3447,SE
3448,S
3449,S
3450,S
3451,S
3452,S
3453,SE
3454,S
3455,SO
3456,S
3457,S
3458,SO
3459,S
3460,S
3461,S
3462,SE
3463,S
3464,S
3465,SE
3466,SO
3467,SE
3468,S
3469,NO
3470,NO
3471,NO
3472,O
3473,E
3474,E
3475,SO
3476,SE
3477,SE
3478,E
3479,SE
3480,N
3481,E
3482,SE
3483,E
3484,E
3485,S
3486,NO
3487,S
3488,S
3489,S
3490,S
3491,NO
3492,S
3493,N
3494,N
3495,N
3496,N
3497,SE
3498,S
3499,E
3500,E
3501,S
3502,SE
3503,S
3504,SE
3505,N
3506,NE
3507,SO
3508,SE
3509,S
3510,SO
3511,S
3512,SO
3513,S
3514,O
3515,S
3516,S
3517,S
3518,S
3519,S
3520,SO
3521,S
3522,S
3523,S
3524,SE
3525,E
3526,SO
3527,SO
3528,SO
3529,SO
3530,N
3531,N
3532,N
3533,N
3534,N
3535,S
3536,S
3537,N
3538,E
3539,S
3540,S
3541,S
3542,SE
3543,E
3544,E
3545,E
3546,O
3547,S
3548,S
3549,E
3550,S
3551,SE
3552,SE
3553,S
3554,S
3555,S
3556,SE
3557,SO
3558,SO
3559,S
3560,SE
3561,O
3562,S
3563,O
3564,S
3565,SO
3566,NO
3567,E
3568,SO
3569,SO
3570,E
3571,NO
3572,E
3573,E
3574,SO
3575,E
3576,E
3577,E
3578,NO
3579,E
3580,E
3581,E
3582,E
3583,E
3584,E
3585,E
3586,O
3587,E
3588,SE
3589,SO
3590,E
3591,E
3592,S
3593,SE
3594,SE
3595,SE
3596,E
3597,SE
3598,SE
3599,SE
3600,S
3601,NO
3602,S
3603,NO
3604,E
3605,E
3606,NO
3607,NO
3608,S
3609,S
3610,S
3611,S
3612,E
3613,SO
3614,SO
3615,E
3616,SE
3617,E
3618,E
3619,E
3620,SE
3621,SE
3622,SE
3623,E
3624,E
3625,E
3626,E
3627,S
3628,S
3629,S
3630,S
3631,S
3632,SE
3633,S
3634,S
3635,S
3636,SO
3637,SO
3638,SO
3639,E
3640,N
3641,E
3642,SE
3643,SE
3644,S
3645,S
3646,SE
3647,E
3648,S
3649,S
3650,S
3651,SO
3652,S
3653,S
3654,SO
3655,SO
3656,S
3657,SE
3658,E
3659,E
3660,E
3661,O
3662,E
3663,NO
3664,E
3665,E
3666,NO
3667,E
3668,E
3669,E
3670,E
3671,E
3672,E
3673,SO
3674,S
3675,SE
3676,S
3677,S
3678,S
3679,S
3680,S
3681,SE
3682,SE
3683,E
3684,SE
3685,S
3686,S
3687,SE
3688,SE
3689,SE
3690,S
3691,S
3692,SO
3693,SE
3694,S
3695,S
3696,S
3697,S
3698,S
3699,SE
3700,S
3701,SE
3702,S
3703,S
3704,S
3705,S
3706,S
3707,SO
3708,S
3709,S
3710,SO
3711,E
3712,NE
3713,S
3714,E
3715,SE
3716,SE
3717,SE
3718,S
3719,S
3720,SE
3721,SE
3722,S
3723,SE
3724,SE
3725,SE
3726,S
3727,SE
3728,E
3729,S
3730,S
3731,S
3732,S
3733,E
3734,SE
3735,SE
3736,E
3737,SE
3738,SE
3739,SE
3740,S
3741,E
3742,SE
3743,SE
3744,SE
3745,S
3746,SO
3747,S
3748,SO
3749,O
3750,S
3751,S
3752,N
3753,NO
3754,NO
3755,S
3756,O
3757,O
3758,E
3759,N
3760,E
3761,NO
3762,E
3763,NO
3764,E
3765,NO
3766,SO
3767,S
3768,E
3769,SE
3770,S
3771,SE
3772,S
3773,S
3774,N
3775,S
3776,SE
3777,S
3778,E
3779,N
3780,SE
3781,S
3782,E
3783,S
3784,S
3785,S
3786,S
3787,S
3788,S
3789,SE
3790,SE
3791,SE
3792,S
3793,S
3794,SE
3795,SE
3796,S
3797,SE
3798,S
3799,S
3800,S
3801,E
3802,SO
3803,N
3804,S
3805,S
3806,S
3807,S
3808,SO
3809,S
3810,S
3811,S
3812,S
3813,S
3814,S
3815,S
3816,S
3817,S
3818,S
3819,S
3820,S
3821,S
3822,S
3823,S
3824,S
3825,S
3826,S
3827,SE
3828,SE
3829,SE
3830,S
3831,N
3832,S
3833,S
3834,SE
3835,S
3836,S
3837,S
3838,S
3839,S
3840,S
3841,N
3842,SO
3843,S
3844,SO
3845,S
3846,SE
3847,SE
3848,SE
3849,S
3850,SE
3851,E
3852,SE
3853,S
3854,SE
3855,SE
3856,SO
3857,E
3858,S
3859,E
3860,E
3861,SE
3862,S
3863,S
3864,E
3865,E
3866,SE
3867,E
3868,S
3869,S
3870,O
3871,N
3872,S
3873,N
3874,SE
3875,SE
3876,SE
3877,SE
3878,N
3879,S
3880,SE
3881,S
3882,N
3883,SE
3884,SE
3885,SE
3886,SE
3887,S
3888,SE
3889,S
3890,S
3891,SE
3892,SE
3893,S
3894,S
3895,SO
3896,SO
3897,S
3898,SO
3899,SE
3900,S
3901,SO
3902,N
3903,S
3904,E
3905,SO
3906,S
3907,S
3908,S
3909,S
3910,SE
3911,SO
3912,S
3913,SE
3914,S
3915,SE
3916,SE
3917,SE
3918,O
3919,N
3920,N
3921,N
3922,N
3923,N
3924,SO
3925,N
3926,NO
3927,SO
3928,E
3929,E
3930,E
3931,SE
3932,SE
3933,SE
3934,E
3935,SE
3936,SO
3937,SO
3938,N
3939,S
3940,S
3941,S
3942,E
3943,E
3944,SO
3945,SE
3946,S
3947,SE
3948,S
3949,SE
3950,S
3951,SE
3952,E
3953,SE
3954,S
3955,SE
3956,S
3957,S
3958,S
3959,SE
3960,S
3961,S
3962,S
3963,SE
3964,SE
3965,S
3966,S
3967,SE
3968,SE
3969,S
3970,S
3971,SE
3972,S
3973,SE
3974,S
3975,S
3976,S
3977,S
3978,S
3979,S
3980,S
3981,SE
3982,SE
3983,S
3984,S
3985,S
3986,S
3987,SE
3988,S
3989,SO
3990,SO
3991,SE
3992,S
3993,SE
3994,E
3995,S
3996,SE
3997,SE
3998,S
3999,SE
4000,S
4001,SE
4002,SE
4003,E
4004,SE
4005,E
4006,E
4007,S
4008,S
4009,S
4010,S
4011,SE
4012,SE
4013,SE
4014,S
4015,SE
4016,SE
4017,E
4018,E
4019,SE
4020,SE
4021,E
4022,O
4023,N
4024,S
4025,SE
4026,SE
4027,E
4028,SE
4029,E
4030,S
4031,N
4032,SE
4033,SE
4034,E
4035,S
4036,S
4037,S
4038,SO
4039,S
4040,S
4041,E
4042,E
4043,SE
4044,SO
4045,S
4046,S
4047,SE
4048,S
4049,E
4050,E
4051,E
4052,E
4053,S
4054,S
4055,E
4056,SO
4057,S
4058,S
4059,E
4060,SE
4061,E
4062,E
4063,E
4064,SE
4065,SE
4066,S
4067,S
4068,S
4069,S
4070,SO
4071,E
4072,E
4073,E
4074,S
4075,S
4076,N
4077,N
4078,N
4079,E
4080,SE
4081,SO
4082,S
4083,SE
4084,O
4085,NO
4086,S
4087,SO
4088,S
4089,SO
4090,NO
4091,SO
4092,S
4093,E
4094,S
4095,NO
4096,E
4097,E
4098,N
4099,N
4100,N
4101,E
4102,SO
4103,NO
4104,E
4105,S
4106,SE
4107,S
4108,E
4109,N
4110,E
4111,SE
4112,E
4113,E
4114,S
4115,SE
4116,S
4117,E
4118,E
4119,SE
4120,E
4121,SE
4122,E
4123,E
4124,SE
4125,SE
4126,O
4127,O
4128,O
4129,SE
4130,S
4131,SE
4132,NO
4133,S
4134,N
4135,N
4136,S
4137,SO
4138,SE
4139,S
4140,E
4141,SE
4142,SE
4143,S
4144,SE
4145,SE
4146,SO
4147,SE
4148,S
4149,SE
4150,S
4151,S
4152,S
4153,S
4154,S
4155,SE
4156,S
4157,SE
4158,S
4159,S
4160,S
4161,S
4162,S
4163,S
4164,SE
4165,S
4166,O
4167,SE
4168,E
4169,S
4170,S
4171,E
4172,S
4173,S
4174,S
4175,S
4176,SE
4177,S
4178,S
4179,N
4180,S
4181,S
4182,SE
4183,SO
4184,S
4185,SO
4186,E
4187,SE
4188,S
4189,S
4190,N
4191,SO
4192,S
4193,E
4194,S
4195,SE
4196,N
4197,SE
4198,E
4199,SO
4200,S
4201,SE
4202,S
4203,SE
4204,S
4205,E
4206,S
4207,S
4208,SE
4209,S
4210,SE
4211,N
4212,S
4213,S
4214,S
4215,S
4216,SE
4217,SE
4218,SE
4219,SE
4220,SE
4221,N
4222,N
4223,S
4224,SO
4225,S
4226,S
4227,SO
4228,SO
4229,NO
4230,O
4231,S
4232,NO
4233,SO
4234,E
4235,NO
4236,NO
4237,O
4238,E
4239,NO
4240,E
4241,NO
4242,NO
4243,O
4244,NO
4245,NO
4246,E
4247,NO
4248,E
4249,NE
4250,E
4251,E
4252,NO
4253,SE
4254,E
4255,E
4256,NO
4257,E
4258,E
4259,E
4260,E
4261,E
4262,E
4263,E
4264,E
4265,SO
4266,S
4267,E
4268,SE
4269,S
4270,SE
4271,S
4272,SE
4273,S
4274,S
4275,S
4276,S
4277,SE
4278,SO
4279,SO
4280,S
4281,E
4282,SO
4283,S
4284,SO
4285,S
4286,S
4287,S
4288,S
4289,E
4290,SO
4291,SO
4292,NO
4293,O
4294,N
4295,SE
4296,S
4297,SE
4298,N
4299,E
4300,E
4301,E
4302,E
4303,S
4304,S
4305,N
4306,E
4307,N
4308,S
4309,SE
4310,E
4311,E
4312,E
4313,E
4314,E
4315,O
4316,NO
4317,O
4318,N
4319,S
4320,SE
4321,E
4322,S
4323,S
4324,E
4325,E
4326,E
4327,SE
4328,S
4329,S
4330,SO
4331,SO
4332,NO
4333,NO
4334,E
4335,NO
4336,NO
4337,NO
4338,E
4339,E
4340,NO
4341,NO
4342,E
4343,E
4344,E
4345,E
4346,E
4347,E
4348,E
4349,SO
4350,E
4351,E
4352,SE
4353,SE
4354,SE
4355,S
4356,SE
4357,S
4358,S
4359,E
4360,SE
4361,S
4362,E
4363,E
4364,S
4365,SE
4366,SE
4367,N
4368,E
4369,E
4370,E
4371,E
4372,SO
4373,O
4374,NO
4375,S
4376,S
4377,SO
4378,SO
4379,E
4380,E
4381,S
4382,SO
4383,SO
4384,SE
4385,S
4386,E
4387,S
4388,S
4389,SE
4390,SE
4391,SE
4392,SE
4393,SE
4394,E
4395,SE
4396,S
4397,SE
