,Velocidad del viento (Km/h)
0,0.0
1,0.0
2,0.0
3,0.0
4,0.0
5,0.0
6,0.0
7,0.0
8,0.0
9,0.0
10,0.0
11,0.0
12,0.0
13,0.0
14,0.0
15,0.0
16,1.4103819780000002
17,1.786600496
18,0.0
19,0.0
20,4.721311475
21,1.111969112
22,0.0
23,2.6086956519999998
24,1.540106952
25,0.0
26,2.530755712
27,0.0
28,3.356643357
29,0.0
30,1.451612903
31,1.339534884
32,1.226575809
33,1.206030151
34,4.04494382
35,4.2352941180000006
36,0.0
37,0.0
38,0.0
39,0.0
40,0.0
41,0.0
42,0.0
43,0.0
44,0.0
45,1.22971819
46,0.0
47,0.0
48,0.0
49,0.0
50,0.0
51,0.0
52,0.0
53,0.0
54,0.0
55,0.0
56,0.0
57,0.0
58,0.0
59,0.0
60,0.0
61,0.0
62,0.0
63,0.0
64,0.0
65,3.031578947
66,1.986206897
67,1.391304348
68,1.951219512
69,1.371428571
70,3.977900552
71,1.242450388
72,0.0
73,0.0
74,1.7245508980000002
75,1.592920354
76,0.0
77,6.288209607000001
78,1.5270413569999999
79,0.0
80,1.098398169
81,0.0
82,0.0
83,0.0
84,0.0
85,3.5207823960000004
86,2.045454545
87,0.0
88,1.184210526
89,0.0
90,0.0
91,0.0
92,0.0
93,0.0
94,1.0958904109999998
95,0.0
96,0.0
97,0.0
98,0.0
99,0.0
100,0.0
101,0.0
102,0.0
103,0.0
104,0.0
105,0.0
106,0.0
107,0.0
108,0.0
109,0.0
110,0.0
111,1.118012422
112,2.208588957
113,1.262050833
114,4.102564103
115,1.179361179
116,0.0
117,1.8181818180000002
118,0.0
119,5.78313253
120,0.0
121,0.0
122,2.4324324319999997
123,1.42999007
124,1.225531915
125,2.1917808219999997
126,0.0
127,1.018387553
128,3.192904656
129,0.0
130,0.0
131,0.0
132,0.0
133,5.538461538
134,1.014084507
135,8.780487805
136,0.0
137,0.0
138,1.195020747
139,0.0
140,5.647058824
141,0.0
142,0.0
143,0.0
144,1.486068111
145,0.0
146,0.0
147,0.0
148,0.0
149,0.0
150,1.09008327
151,0.0
152,0.0
153,0.0
154,0.0
155,0.0
156,0.0
157,0.0
158,0.0
159,0.0
160,7.659574468
161,0.0
162,0.0
163,0.0
164,0.0
165,3.388235294
166,1.907284768
167,4.0793201130000005
168,1.3926499030000001
169,1.297297297
170,1.9780219780000001
171,0.0
172,0.0
173,2.495667244
174,5.017421603
175,1.518987342
176,1.1419508329999999
177,1.791044776
178,0.0
179,0.0
180,0.0
181,0.0
182,0.0
183,0.0
184,0.0
185,0.0
186,1.086792453
187,0.0
188,2.926829268
189,1.782178218
190,1.244598099
191,0.0
192,0.0
193,0.0
194,0.0
195,0.0
196,0.0
197,0.0
198,0.0
199,0.0
200,0.0
201,0.0
202,0.0
203,0.0
204,0.0
205,0.0
206,0.0
207,0.0
208,0.0
209,0.0
210,1.649484536
211,1.222410866
212,0.0
213,1.8997361480000001
214,2.045454545
215,1.641961231
216,1.560130011
217,0.0
218,1.841432225
219,2.845849802
220,1.16410671
221,2.482758621
222,1.86770428
223,8.421052632
224,2.796116505
225,0.0
226,5.581395349
227,1.730769231
228,0.0
229,0.0
230,0.0
231,6.0
232,5.76
233,2.763915547
234,0.0
235,1.986206897
236,0.0
237,0.0
238,0.0
239,0.0
240,0.0
241,0.0
242,0.0
243,0.0
244,1.294964029
245,0.0
246,0.0
247,1.4271556
248,0.0
249,0.0
250,0.0
251,0.0
252,0.0
253,0.0
254,0.0
255,0.0
256,1.244598099
257,2.063037249
258,0.0
259,0.0
260,0.0
261,0.0
262,3.5555555560000003
263,1.1774325429999999
264,2.208588957
265,0.0
266,0.0
267,1.075429425
268,1.239242685
269,0.0
270,0.0
271,0.0
272,0.0
273,0.0
274,0.0
275,0.0
276,0.0
277,0.0
278,0.0
279,0.0
280,0.0
281,0.0
282,0.0
283,0.0
284,0.0
285,0.0
286,0.0
287,0.0
288,0.0
289,0.0
290,0.0
291,0.0
292,0.0
293,0.0
294,0.0
295,0.0
296,0.0
297,0.0
298,0.0
299,0.0
300,0.0
301,0.0
302,1.0169491529999999
303,0.0
304,0.0
305,0.0
306,7.346938776
307,0.0
308,0.0
309,0.0
310,1.2676056340000001
311,6.127659574
312,1.07946027
313,0.0
314,7.236180905
315,1.5078534030000001
316,0.0
317,1.472392638
318,4.403669725
319,42.35294118
320,1.9123505980000002
321,0.0
322,0.0
323,3.333333333
324,2.8125
325,3.9560439560000003
326,2.647058824
327,0.0
328,0.0
329,1.375358166
330,1.238177128
331,3.388235294
332,0.0
333,0.0
334,1.160354553
335,0.0
336,0.0
337,1.029306648
338,2.548672566
339,0.0
340,0.0
341,0.0
342,0.0
343,0.0
344,0.0
345,0.0
346,0.0
347,0.0
348,0.0
349,0.0
350,0.0
351,0.0
352,0.0
353,0.0
354,1.102603369
355,0.0
356,2.632541133
357,8.888888889
358,0.0
359,1.467889908
360,1.8
361,0.0
362,0.0
363,2.036775106
364,0.0
365,0.0
366,0.0
367,3.2359550560000003
368,1.052631579
369,1.359773371
370,1.191066998
371,2.763915547
372,1.431411531
373,3.870967742
374,0.0
375,0.0
376,0.0
377,0.0
378,0.0
379,0.0
380,0.0
381,0.0
382,0.0
383,0.0
384,0.0
385,0.0
386,0.0
387,0.0
388,0.0
389,0.0
390,0.0
391,0.0
392,0.0
393,0.0
394,0.0
395,0.0
396,0.0
397,0.0
398,5.950413222999999
399,0.0
400,2.613430127
401,8.13559322
402,1.714285714
403,0.0
404,0.0
405,1.262050833
406,1.730769231
407,1.9538670280000001
408,0.0
409,2.396006656
410,2.834645669
411,1.9123505980000002
412,0.0
413,1.30198915
414,2.517482517
415,1.7183770880000002
416,1.2903225809999999
417,1.4187192119999998
418,2.807017544
419,3.243243243
420,1.19205298
421,1.024182077
422,4.210526316
423,5.975103734
424,1.940700809
425,1.548387097
426,0.0
427,2.071942446
428,0.0
429,0.0
430,1.587651599
431,0.0
432,0.0
433,0.0
434,0.0
435,0.0
436,0.0
437,0.0
438,0.0
439,0.0
440,0.0
441,0.0
442,1.975308642
443,0.0
444,0.0
445,0.0
446,0.0
447,0.0
448,0.0
449,0.0
450,0.0
451,6.79245283
452,1.173594132
453,1.580680571
454,3.31797235
455,1.827411168
456,1.6822429909999999
457,2.260596546
458,1.069042316
459,2.9629629630000003
460,3.1718061669999997
461,4.864864865
462,1.383285303
463,0.0
464,1.421520237
465,7.384615385
466,4.056338028
467,1.575492341
468,2.6815642459999998
469,0.0
470,1.387283237
471,4.4582043339999995
472,0.0
473,0.0
474,1.126760563
475,0.0
476,0.0
477,0.0
478,0.0
479,0.0
480,3.287671233
481,0.0
482,0.0
483,0.0
484,3.609022556
485,3.923705722
486,1.5533980580000002
487,0.0
488,0.0
489,1.907284768
490,1.49068323
491,1.240310078
492,2.647058824
493,0.0
494,0.0
495,0.0
496,0.0
497,1.986206897
498,3.31797235
499,3.214285714
500,0.0
501,2.2820919180000003
502,2.461538462
503,2.651933702
504,7.461139896000001
505,1.764705882
506,5.975103734
507,4.186046512
508,1.154771451
509,3.090128755
510,7.236180905
511,4.914675768
512,0.0
513,2.457337884
514,2.264150943
515,1.69212691
516,6.486486486
517,0.0
518,0.0
519,0.0
520,0.0
521,0.0
522,0.0
523,4.210526316
524,0.0
525,0.0
526,0.0
527,0.0
528,0.0
529,0.0
530,0.0
531,0.0
532,0.0
533,0.0
534,0.0
535,0.0
536,0.0
537,0.0
538,0.0
539,0.0
540,0.0
541,1.105990783
542,1.8628719280000001
543,2.292993631
544,0.0
545,1.1068408920000001
546,1.7412333740000001
547,1.018387553
548,0.0
549,1.251086012
550,1.4472361809999998
551,0.0
552,2.105263158
553,1.829733164
554,1.6438356159999998
555,3.272727273
556,2.7324478180000003
557,1.23182207
558,3.512195122
559,4.114285714
560,3.185840708
561,5.413533835
562,1.7955112219999998
563,2.521891419
564,1.696113074
565,0.0
566,1.467889908
567,1.3980582519999998
568,1.700118064
569,2.891566265
570,4.26035503
571,3.45323741
572,1.732851986
573,2.774566474
574,1.573770492
575,2.38410596
576,2.993762994
577,3.529411765
578,2.632541133
579,2.360655738
580,0.0
581,0.0
582,0.0
583,0.0
584,0.0
585,0.0
586,0.0
587,0.0
588,4.114285714
589,1.664739884
590,1.02637206
591,1.081893313
592,1.176470588
593,1.5221987319999999
594,2.25
595,1.9485791609999998
596,0.0
597,2.074927954
598,1.184210526
599,2.23255814
600,2.360655738
601,2.651933702
602,1.7245508980000002
603,2.02247191
604,0.0
605,1.254355401
606,2.142857143
607,1.775585697
608,1.102603369
609,1.176470588
610,1.073825503
611,2.208588957
612,0.0
613,0.0
614,0.0
615,0.0
616,0.0
617,0.0
618,0.0
619,0.0
620,0.0
621,0.0
622,0.0
623,0.0
624,0.0
625,1.2676056340000001
626,1.275465013
627,0.0
628,0.0
629,0.0
630,0.0
631,0.0
632,0.0
633,0.0
634,0.0
635,0.0
636,0.0
637,0.0
638,0.0
639,1.032998565
640,3.819628647
641,1.875
642,0.0
643,1.225531915
644,0.0
645,3.6641221369999997
646,3.923705722
647,1.548387097
648,3.420427553
649,1.363636364
650,6.0
651,1.940700809
652,1.044992743
653,3.3103448280000003
654,5.052631579
655,4.63022508
656,4.3636363639999995
657,0.0
658,0.0
659,0.0
660,0.0
661,0.0
662,1.342031687
663,0.0
664,0.0
665,2.296650718
666,1.277728483
667,0.0
668,0.0
669,0.0
670,0.0
671,0.0
672,1.546723953
673,0.0
674,0.0
675,0.0
676,0.0
677,0.0
678,0.0
679,1.139240506
680,1.4922279790000001
681,0.0
682,0.0
683,0.0
684,0.0
685,0.0
686,0.0
687,0.0
688,0.0
689,0.0
690,2.676579926
691,1.179361179
692,4.600638978
693,0.0
694,1.493775934
695,0.0
696,0.0
697,1.5015641290000001
698,1.31147541
699,1.535181237
700,1.388621022
701,3.2
702,1.113689095
703,0.0
704,1.258741259
705,2.031029619
706,1.589403974
707,0.0
708,2.9090909089999997
709,1.282279608
710,1.105990783
711,3.2071269489999996
712,1.8181818180000002
713,1.951219512
714,1.160354553
715,0.0
716,0.0
717,2.77992278
718,0.0
719,1.3953488369999998
720,0.0
721,3.37236534
722,4.090909091
723,0.0
724,4.417177914
725,1.291479821
726,0.0
727,1.503131524
728,1.704142012
729,1.285714286
730,0.0
731,0.0
732,0.0
733,0.0
734,1.349578257
735,0.0
736,0.0
737,0.0
738,0.0
739,0.0
740,3.037974684
741,1.4953271030000002
742,1.580680571
743,4.285714286
744,1.658986175
745,2.068965517
746,0.0
747,3.123644252
748,0.0
749,3.0703624730000003
750,8.372093023
751,0.0
752,1.325966851
753,0.0
754,0.0
755,3.192904656
756,0.0
757,0.0
758,3.325635104
759,0.0
760,1.825095057
761,0.0
762,2.162162162
763,1.9225634180000002
764,4.897959183999999
765,1.115414407
766,0.0
767,0.0
768,0.0
769,0.0
770,0.0
771,0.0
772,0.0
773,0.0
774,8.674698795
775,0.0
776,0.0
777,0.0
778,0.0
779,0.0
780,0.0
781,0.0
782,0.0
783,0.0
784,1.296129613
785,5.829959514
786,3.044397463
787,2.526315789
788,2.75334608
789,1.991701245
790,1.476923077
791,1.110254433
792,2.31884058
793,0.0
794,3.38028169
795,0.0
796,1.239242685
797,1.342031687
798,1.438561439
799,2.696629213
800,1.207041073
801,1.058045555
802,1.548387097
803,0.0
804,0.0
805,0.0
806,0.0
807,0.0
808,0.0
809,0.0
810,0.0
811,0.0
812,0.0
813,0.0
814,0.0
815,0.0
816,0.0
817,0.0
818,0.0
819,2.647058824
820,0.0
821,0.0
822,0.0
823,0.0
824,0.0
825,0.0
826,0.0
827,0.0
828,0.0
829,0.0
830,5.60311284
831,5.106382979
832,5.034965035
833,2.453151618
834,1.2642669009999998
835,1.601779755
836,4.376899696000001
837,4.600638978
838,5.714285714
839,0.0
840,1.381957774
841,1.4103819780000002
842,1.5110178380000001
843,0.0
844,0.0
845,3.090128755
846,2.408026756
847,1.4984391259999998
848,3.654822335
849,0.0
850,0.0
851,0.0
852,1.6143497759999998
853,0.0
854,1.254355401
855,1.3407821229999999
856,0.0
857,0.0
858,0.0
859,0.0
860,0.0
861,0.0
862,0.0
863,0.0
864,0.0
865,0.0
866,0.0
867,0.0
868,0.0
869,0.0
870,0.0
871,0.0
872,0.0
873,0.0
874,0.0
875,0.0
876,0.0
877,0.0
878,0.0
879,0.0
880,2.057142857
881,2.11143695
882,1.097560976
883,0.0
884,0.0
885,1.042722665
886,2.300319489
887,0.0
888,3.123644252
889,5.179856115
890,1.246753247
891,0.0
892,3.287671233
893,5.496183206
894,0.0
895,0.0
896,4.864864865
897,0.0
898,1.4187192119999998
899,0.0
900,1.512605042
901,0.0
902,1.37667304
903,1.101759755
904,0.0
905,0.0
906,25.0
907,5.78313253
908,3.185840708
909,1.7204301080000002
910,5.475285171
911,1.174551387
912,7.578947368
913,0.0
914,0.0
915,0.0
916,0.0
917,3.711340206
918,1.108545035
919,0.0
920,1.391304348
921,0.0
922,0.0
923,0.0
924,0.0
925,0.0
926,0.0
927,0.0
928,0.0
929,0.0
930,1.047272727
931,1.40077821
932,0.0
933,0.0
934,2.3376623380000003
935,0.0
936,1.051094891
937,1.32474701
938,0.0
939,0.0
940,1.662817552
941,1.961852861
942,1.716328963
943,0.0
944,0.0
945,0.0
946,1.396702231
947,0.0
948,0.0
949,0.0
950,0.0
951,0.0
952,0.0
953,0.0
954,0.0
955,0.0
956,0.0
957,0.0
958,0.0
959,0.0
960,0.0
961,1.775585697
962,0.0
963,0.0
964,0.0
965,4.417177914
966,0.0
967,1.5078534030000001
968,0.0
969,0.0
970,3.573200993
971,0.0
972,0.0
973,0.0
974,0.0
975,4.324324324
976,1.353383459
977,0.0
978,2.36453202
979,2.333873582
980,2.274881517
981,1.927710843
982,2.80155642
983,0.0
984,0.0
985,1.636363636
986,2.9327902239999997
987,0.0
988,0.0
989,2.114537445
990,0.0
991,0.0
992,0.0
993,1.478439425
994,1.2868632709999999
995,2.987551867
996,1.951219512
997,0.0
998,1.756097561
999,0.0
1000,0.0
1001,0.0
1002,0.0
1003,0.0
1004,0.0
1005,0.0
1006,0.0
1007,0.0
1008,0.0
1009,3.9452054789999997
1010,0.0
1011,0.0
1012,0.0
1013,2.2291021669999997
1014,0.0
1015,0.0
1016,0.0
1017,1.300813008
1018,1.664739884
1019,0.0
1020,0.0
1021,0.0
1022,0.0
1023,0.0
1024,0.0
1025,1.7932752180000002
1026,2.576028623
1027,3.333333333
1028,2.424242424
1029,1.15755627
1030,0.0
1031,0.0
1032,1.5567567569999998
1033,1.945945946
1034,1.274336283
1035,2.926829268
1036,4.149855908
1037,3.37236534
1038,3.673469388
1039,4.690553746
1040,8.421052632
1041,1.6308040769999999
1042,0.0
1043,1.176470588
1044,1.4754098359999999
1045,2.133333333
1046,0.0
1047,0.0
1048,0.0
1049,1.223449448
1050,0.0
1051,0.0
1052,1.208053691
1053,0.0
1054,0.0
1055,0.0
1056,0.0
1057,0.0
1058,0.0
1059,0.0
1060,0.0
1061,0.0
1062,0.0
1063,0.0
1064,0.0
1065,0.0
1066,0.0
1067,0.0
1068,7.30964467
1069,0.0
1070,0.0
1071,1.775585697
1072,1.15942029
1073,1.097560976
1074,0.0
1075,4.298507463
1076,0.0
1077,1.82278481
1078,2.4870466319999998
1079,1.716328963
1080,1.9538670280000001
1081,4.528301887
1082,2.482758621
1083,1.4922279790000001
1084,0.0
1085,3.45323741
1086,4.137931034
1087,3.923705722
1088,2.1785173980000003
1089,1.222410866
1090,3.0508474580000002
1091,2.7906976739999996
1092,1.9022457069999998
1093,2.31511254
1094,2.696629213
1095,3.9560439560000003
1096,2.785299807
1097,1.7625458999999999
1098,5.353159851
1099,0.0
1100,0.0
1101,0.0
1102,0.0
1103,0.0
1104,0.0
1105,0.0
1106,0.0
1107,0.0
1108,0.0
1109,0.0
1110,0.0
1111,8.944099378999999
1112,0.0
1113,7.2
1114,0.0
1115,8.780487805
1116,0.0
1117,0.0
1118,0.0
1119,1.690140845
1120,1.5450643780000002
1121,1.97260274
1122,0.0
1123,1.4619289340000001
1124,2.594594595
1125,1.9538670280000001
1126,2.6086956519999998
1127,0.0
1128,2.3491027730000003
1129,1.451612903
1130,1.504702194
1131,0.0
1132,1.153846154
1133,2.025316456
1134,1.299638989
1135,2.264150943
1136,2.4870466319999998
1137,4.298507463
1138,0.0
1139,0.0
1140,1.313868613
1141,0.0
1142,1.674418605
1143,0.0
1144,3.018867925
1145,0.0
1146,0.0
1147,0.0
1148,0.0
1149,0.0
1150,0.0
1151,0.0
1152,0.0
1153,0.0
1154,0.0
1155,0.0
1156,0.0
1157,0.0
1158,0.0
1159,0.0
1160,0.0
1161,0.0
1162,0.0
1163,0.0
1164,0.0
1165,0.0
1166,0.0
1167,0.0
1168,0.0
1169,0.0
1170,0.0
1171,3.3103448280000003
1172,1.4457831330000002
1173,1.986206897
1174,3.564356436
1175,1.92
1176,1.146496815
1177,3.7305699480000003
1178,1.3162705670000001
1179,1.909814324
1180,0.0
1181,1.5221987319999999
1182,1.321100917
1183,35.12195122
1184,1.25
1185,6.315789474
1186,1.054945055
1187,1.053401609
1188,0.0
1189,0.0
1190,0.0
1191,0.0
1192,0.0
1193,0.0
1194,0.0
1195,0.0
1196,0.0
1197,0.0
1198,0.0
1199,0.0
1200,0.0
1201,0.0
1202,0.0
1203,0.0
1204,0.0
1205,0.0
1206,0.0
1207,0.0
1208,0.0
1209,0.0
1210,0.0
1211,0.0
1212,2.036775106
1213,0.0
1214,0.0
1215,0.0
1216,0.0
1217,0.0
1218,0.0
1219,0.0
1220,0.0
1221,0.0
1222,0.0
1223,1.4328358209999998
1224,0.0
1225,0.0
1226,6.127659574
1227,1.1774325429999999
1228,0.0
1229,3.75
1230,2.440677966
1231,0.0
1232,0.0
1233,2.885771543
1234,1.8997361480000001
1235,0.0
1236,0.0
1237,0.0
1238,1.16410671
1239,0.0
1240,0.0
1241,0.0
1242,3.063829787
1243,1.476923077
1244,0.0
1245,2.074927954
1246,1.608938547
1247,1.28342246
1248,2.686567164
1249,0.0
1250,0.0
1251,0.0
1252,0.0
1253,2.5
1254,1.0480349340000001
1255,2.632541133
1256,0.0
1257,0.0
1258,0.0
1259,0.0
1260,0.0
1261,3.789473684
1262,0.0
1263,1.417322835
1264,1.458966565
1265,3.6363636360000005
1266,1.627118644
1267,2.737642586
1268,0.0
1269,1.9225634180000002
1270,3.2653061219999997
1271,2.7118644069999998
1272,0.0
1273,0.0
1274,0.0
1275,1.8090452259999998
1276,4.337349398
1277,0.0
1278,1.2676056340000001
1279,0.0
1280,1.6308040769999999
1281,1.1419508329999999
1282,1.30198915
1283,0.0
1284,0.0
1285,1.24137931
1286,0.0
1287,0.0
1288,0.0
1289,0.0
1290,0.0
1291,0.0
1292,0.0
1293,0.0
1294,0.0
1295,0.0
1296,0.0
1297,0.0
1298,0.0
1299,0.0
1300,0.0
1301,0.0
1302,0.0
1303,0.0
1304,0.0
1305,0.0
1306,0.0
1307,0.0
1308,0.0
1309,0.0
1310,0.0
1311,0.0
1312,1.282279608
1313,0.0
1314,0.0
1315,0.0
1316,0.0
1317,0.0
1318,2.057142857
1319,0.0
1320,0.0
1321,0.0
1322,0.0
1323,2.063037249
1324,3.64556962
1325,3.1718061669999997
1326,4.816053512
1327,3.272727273
1328,1.714285714
1329,1.1068408920000001
1330,2.096069869
1331,2.8290766210000005
1332,2.139673105
1333,2.205206738
1334,0.0
1335,0.0
1336,3.214285714
1337,0.0
1338,1.92513369
1339,0.0
1340,0.0
1341,0.0
1342,1.253263708
1343,0.0
1344,4.528301887
1345,0.0
1346,0.0
1347,3.0125523010000004
1348,0.0
1349,4.033613445
1350,4.114285714
1351,2.691588785
1352,0.0
1353,2.3040000000000003
1354,1.708185053
1355,1.075429425
1356,0.0
1357,1.696113074
1358,0.0
1359,0.0
1360,0.0
1361,2.453151618
1362,1.258741259
1363,0.0
1364,0.0
1365,2.102189781
1366,1.1566265059999998
1367,49.65517241
1368,0.0
1369,3.090128755
1370,1.203007519
1371,0.0
1372,5.373134328
1373,9.171974522000001
1374,6.82464455
1375,0.0
1376,0.0
1377,0.0
1378,0.0
1379,18.94736842
1380,0.0
1381,1.92
1382,0.0
1383,2.0991253640000003
1384,0.0
1385,0.0
1386,0.0
1387,0.0
1388,0.0
1389,0.0
1390,0.0
1391,2.416107383
1392,1.027837259
1393,7.659574468
1394,0.0
1395,1.313868613
1396,0.0
1397,1.806775408
1398,2.133333333
1399,2.4
1400,25.0
1401,1.660899654
1402,1.621621622
1403,3.341067285
1404,0.0
1405,0.0
1406,0.0
1407,0.0
1408,0.0
1409,0.0
1410,0.0
1411,0.0
1412,0.0
1413,0.0
1414,0.0
1415,0.0
1416,0.0
1417,0.0
1418,0.0
1419,0.0
1420,0.0
1421,0.0
1422,0.0
1423,0.0
1424,0.0
1425,0.0
1426,0.0
1427,0.0
1428,0.0
1429,0.0
1430,0.0
1431,0.0
1432,0.0
1433,0.0
1434,0.0
1435,0.0
1436,1.037463977
1437,0.0
1438,2.060085837
1439,0.0
1440,0.0
1441,0.0
1442,1.0992366409999998
1443,0.0
1444,1.7518248180000002
1445,0.0
1446,1.051094891
1447,0.0
1448,0.0
1449,1.262050833
1450,1.601779755
1451,1.786600496
1452,2.130177515
1453,2.054208274
1454,2.5714285709999998
1455,1.347053321
1456,1.980742779
1457,8.13559322
1458,0.0
1459,0.0
1460,0.0
1461,0.0
1462,0.0
1463,0.0
1464,0.0
1465,0.0
1466,0.0
1467,1.095057034
1468,1.7777777780000001
1469,1.5789473680000001
1470,1.68618267
1471,0.0
1472,6.697674419
1473,0.0
1474,2.903225806
1475,0.0
1476,0.0
1477,1.014799154
1478,0.0
1479,2.4324324319999997
1480,0.0
1481,0.0
1482,0.0
1483,0.0
1484,0.0
1485,0.0
1486,0.0
1487,0.0
1488,0.0
1489,8.181818182
1490,0.0
1491,1.435692921
1492,0.0
1493,2.139673105
1494,1.344537815
1495,1.122369447
1496,1.2111017659999999
1497,1.277728483
1498,1.428571429
1499,0.0
1500,1.523809524
1501,0.0
1502,0.0
1503,0.0
1504,4.324324324
1505,3.1034482760000004
1506,0.0
1507,0.0
1508,0.0
1509,0.0
1510,0.0
1511,0.0
1512,0.0
1513,1.6802800469999999
1514,3.45323741
1515,0.0
1516,0.0
1517,1.829733164
1518,2.2820919180000003
1519,1.011235955
1520,5.581395349
1521,0.0
1522,0.0
1523,6.889952152999999
1524,0.0
1525,0.0
1526,0.0
1527,0.0
1528,0.0
1529,0.0
1530,0.0
1531,0.0
1532,2.11143695
1533,0.0
1534,0.0
1535,4.528301887
1536,2.195121951
1537,3.130434783
1538,5.373134328
1539,0.0
1540,1.541755889
1541,2.862823062
1542,0.0
1543,0.0
1544,0.0
1545,0.0
1546,0.0
1547,0.0
1548,0.0
1549,0.0
1550,0.0
1551,0.0
1552,0.0
1553,0.0
1554,0.0
1555,0.0
1556,0.0
1557,0.0
1558,0.0
1559,0.0
1560,0.0
1561,0.0
1562,0.0
1563,0.0
1564,0.0
1565,0.0
1566,0.0
1567,0.0
1568,0.0
1569,0.0
1570,0.0
1571,0.0
1572,0.0
1573,0.0
1574,0.0
1575,0.0
1576,0.0
1577,0.0
1578,0.0
1579,0.0
1580,0.0
1581,0.0
1582,0.0
1583,0.0
1584,0.0
1585,0.0
1586,0.0
1587,0.0
1588,0.0
1589,0.0
1590,0.0
1591,1.5567567569999998
1592,0.0
1593,0.0
1594,0.0
1595,0.0
1596,0.0
1597,0.0
1598,2.0991253640000003
1599,0.0
1600,0.0
1601,0.0
1602,0.0
1603,0.0
1604,0.0
1605,0.0
1606,0.0
1607,0.0
1608,0.0
1609,0.0
1610,0.0
1611,0.0
1612,0.0
1613,0.0
1614,0.0
1615,0.0
1616,0.0
1617,0.0
1618,0.0
1619,0.0
1620,0.0
1621,0.0
1622,0.0
1623,0.0
1624,0.0
1625,0.0
1626,0.0
1627,0.0
1628,0.0
1629,0.0
1630,0.0
1631,0.0
1632,0.0
1633,0.0
1634,0.0
1635,0.0
1636,0.0
1637,0.0
1638,0.0
1639,0.0
1640,0.0
1641,0.0
1642,0.0
1643,0.0
1644,0.0
1645,0.0
1646,0.0
1647,0.0
1648,0.0
1649,0.0
1650,0.0
1651,0.0
1652,0.0
1653,0.0
1654,9.290322581
1655,0.0
1656,1.9302949059999999
1657,0.0
1658,0.0
1659,0.0
1660,0.0
1661,0.0
1662,0.0
1663,0.0
1664,0.0
1665,0.0
1666,0.0
1667,0.0
1668,0.0
1669,0.0
1670,0.0
1671,0.0
1672,0.0
1673,0.0
1674,0.0
1675,0.0
1676,0.0
1677,0.0
1678,0.0
1679,0.0
1680,0.0
1681,0.0
1682,0.0
1683,0.0
1684,0.0
1685,0.0
1686,0.0
1687,0.0
1688,0.0
1689,0.0
1690,0.0
1691,0.0
1692,0.0
1693,0.0
1694,0.0
1695,0.0
1696,0.0
1697,0.0
1698,0.0
1699,0.0
1700,0.0
1701,4.149855908
1702,1.6705336430000002
1703,2.3801652890000002
1704,0.0
1705,0.0
1706,0.0
1707,0.0
1708,0.0
1709,0.0
1710,0.0
1711,0.0
1712,0.0
1713,0.0
1714,0.0
1715,4.965517241000001
1716,0.0
1717,0.0
1718,0.0
1719,0.0
1720,0.0
1721,0.0
1722,0.0
1723,0.0
1724,0.0
1725,0.0
1726,0.0
1727,0.0
1728,0.0
1729,0.0
1730,0.0
1731,0.0
1732,0.0
1733,0.0
1734,0.0
1735,1.435692921
1736,1.745454545
1737,0.0
1738,3.673469388
1739,2.330097087
1740,2.208588957
1741,1.8628719280000001
1742,1.15942029
1743,0.0
1744,0.0
1745,0.0
1746,0.0
1747,0.0
1748,0.0
1749,1.006289308
1750,1.345794393
1751,1.739130435
1752,1.986206897
1753,6.260869565
1754,0.0
1755,1.305530372
1756,1.664739884
1757,3.47826087
1758,0.0
1759,0.0
1760,0.0
1761,0.0
1762,0.0
1763,0.0
1764,0.0
1765,0.0
1766,0.0
1767,0.0
1768,0.0
1769,0.0
1770,0.0
1771,0.0
1772,0.0
1773,0.0
1774,1.091736164
1775,0.0
1776,0.0
1777,4.615384615
1778,1.6551724140000001
1779,2.98136646
1780,3.0
1781,3.37236534
1782,3.7597911230000003
1783,0.0
1784,1.2
1785,1.437125749
1786,1.887287025
1787,2.307692308
1788,1.68618267
1789,0.0
1790,2.333873582
1791,3.272727273
1792,0.0
1793,0.0
1794,1.7183770880000002
1795,0.0
1796,2.530755712
1797,0.0
1798,0.0
1799,0.0
1800,0.0
1801,0.0
1802,0.0
1803,0.0
1804,0.0
1805,0.0
1806,0.0
1807,0.0
1808,0.0
1809,0.0
1810,0.0
1811,2.651933702
1812,0.0
1813,1.091736164
1814,1.233933162
1815,0.0
1816,0.0
1817,0.0
1818,0.0
1819,0.0
1820,0.0
1821,1.5254237290000001
1822,0.0
1823,1.068249258
1824,1.054172767
1825,0.0
1826,1.171684296
1827,0.0
1828,1.811320755
1829,1.442885772
1830,1.509433962
1831,1.83908046
1832,0.0
1833,4.5
1834,1.872561769
1835,1.476923077
1836,1.662817552
1837,0.0
1838,0.0
1839,0.0
1840,3.257918552
1841,3.68286445
1842,2.2570532919999997
1843,1.307901907
1844,0.0
1845,2.260596546
1846,1.775585697
1847,2.02247191
1848,0.0
1849,0.0
1850,0.0
1851,1.478439425
1852,0.0
1853,0.0
1854,0.0
1855,0.0
1856,0.0
1857,1.2162162159999999
1858,0.0
1859,2.993762994
1860,0.0
1861,0.0
1862,0.0
1863,0.0
1864,0.0
1865,0.0
1866,0.0
1867,1.5015641290000001
1868,0.0
1869,0.0
1870,0.0
1871,0.0
1872,1.5078534030000001
1873,0.0
1874,0.0
1875,1.7712177119999999
1876,1.19205298
1877,1.8437900130000002
1878,0.0
1879,0.0
1880,2.028169014
1881,0.0
1882,2.548672566
1883,3.1034482760000004
1884,3.364485981
1885,0.0
1886,0.0
1887,0.0
1888,0.0
1889,0.0
1890,0.0
1891,0.0
1892,2.465753425
1893,0.0
1894,0.0
1895,0.0
1896,1.8
1897,1.009110021
1898,0.0
1899,7.5
1900,0.0
1901,0.0
1902,0.0
1903,0.0
1904,0.0
1905,0.0
1906,0.0
1907,0.0
1908,0.0
1909,0.0
1910,0.0
1911,12.20338983
1912,4.63022508
1913,0.0
1914,0.0
1915,0.0
1916,0.0
1917,1.917443409
1918,0.0
1919,0.0
1920,2.253521127
1921,9.230769231
1922,3.5910224439999996
1923,1.254355401
1924,8.520710058999999
1925,0.0
1926,0.0
1927,0.0
1928,0.0
1929,0.0
1930,2.002781641
1931,1.305530372
1932,2.785299807
1933,2.322580645
1934,2.98136646
1935,1.6234498309999998
1936,1.1688311690000002
1937,4.571428571
1938,7.461139896000001
1939,0.0
1940,2.8180039139999997
1941,5.853658537
1942,0.0
1943,0.0
1944,0.0
1945,0.0
1946,0.0
1947,0.0
1948,0.0
1949,0.0
1950,0.0
1951,1.39941691
1952,0.0
1953,1.048798252
1954,0.0
1955,0.0
1956,0.0
1957,0.0
1958,0.0
1959,0.0
1960,0.0
1961,0.0
1962,0.0
1963,0.0
1964,0.0
1965,0.0
1966,0.0
1967,0.0
1968,2.218798151
1969,2.8685258960000004
1970,2.142857143
1971,1.180327869
1972,3.5910224439999996
1973,1.357210179
1974,0.0
1975,3.2286995519999997
1976,1.134751773
1977,1.4984391259999998
1978,1.8181818180000002
1979,0.0
1980,1.240310078
1981,1.3980582519999998
1982,0.0
1983,0.0
1984,0.0
1985,0.0
1986,0.0
1987,0.0
1988,0.0
1989,1.454545455
1990,4.337349398
1991,2.307692308
1992,0.0
1993,1.329639889
1994,2.051282051
1995,2.763915547
1996,0.0
1997,0.0
1998,0.0
1999,0.0
2000,0.0
2001,0.0
2002,0.0
2003,0.0
2004,1.2903225809999999
2005,1.909814324
2006,0.0
2007,1.841432225
2008,0.0
2009,0.0
2010,0.0
2011,0.0
2012,0.0
2013,0.0
2014,1.011235955
2015,1.572052402
2016,2.47848537
2017,1.013370866
2018,0.0
2019,2.096069869
2020,1.607142857
2021,5.179856115
2022,1.062730627
2023,1.127642913
2024,1.310282075
2025,1.5368196369999998
2026,1.4754098359999999
2027,6.6359447
2028,1.4048780490000001
2029,2.074927954
2030,0.0
2031,0.0
2032,0.0
2033,0.0
2034,0.0
2035,0.0
2036,0.0
2037,0.0
2038,4.982698962
2039,0.0
2040,0.0
2041,0.0
2042,0.0
2043,0.0
2044,4.337349398
2045,0.0
2046,0.0
2047,1.282279608
2048,0.0
2049,0.0
2050,0.0
2051,0.0
2052,6.127659574
2053,0.0
2054,0.0
2055,0.0
2056,0.0
2057,4.721311475
2058,0.0
2059,0.0
2060,0.0
2061,0.0
2062,1.146496815
2063,1.077038145
2064,0.0
2065,1.067457376
2066,1.6179775280000002
2067,6.605504587
2068,1.344537815
2069,3.137254902
2070,2.123893805
2071,1.6802800469999999
2072,0.0
2073,0.0
2074,0.0
2075,25.0
2076,0.0
2077,0.0
2078,0.0
2079,4.931506849
2080,2.0
2081,0.0
2082,3.6
2083,1.4457831330000002
2084,0.0
2085,1.147410359
2086,0.0
2087,0.0
2088,0.0
2089,1.379310345
2090,2.267716535
2091,2.642201835
2092,0.0
2093,0.0
2094,0.0
2095,0.0
2096,0.0
2097,0.0
2098,0.0
2099,0.0
2100,0.0
2101,0.0
2102,1.943319838
2103,1.292639138
2104,1.638225256
2105,0.0
2106,1.260945709
2107,7.741935484
2108,0.0
2109,1.698113208
2110,1.47995889
2111,0.0
2112,49.65517241
2113,8.323699422
2114,3.7305699480000003
2115,1.171684296
2116,1.577217963
2117,0.0
2118,4.06779661
2119,2.742857143
2120,1.296129613
2121,0.0
2122,0.0
2123,1.210084034
2124,0.0
2125,1.9022457069999998
2126,0.0
2127,0.0
2128,1.424332344
2129,0.0
2130,0.0
2131,0.0
2132,0.0
2133,0.0
2134,1.132966168
2135,0.0
2136,0.0
2137,0.0
2138,0.0
2139,0.0
2140,0.0
2141,3.333333333
2142,0.0
2143,0.0
2144,0.0
2145,0.0
2146,2.114537445
2147,2.8514851489999997
2148,1.232876712
2149,0.0
2150,0.0
2151,0.0
2152,1.506276151
2153,1.775585697
2154,0.0
2155,2.102189781
2156,1.92
2157,0.0
2158,1.213142376
2159,2.080924855
2160,1.187139324
2161,2.3801652890000002
2162,29.387755100000003
2163,0.0
2164,2.5
2165,3.913043478
2166,1.28113879
2167,1.605351171
2168,2.845849802
2169,0.0
2170,2.701688555
2171,0.0
2172,2.6039783
2173,0.0
2174,2.774566474
2175,0.0
2176,0.0
2177,0.0
2178,0.0
2179,0.0
2180,0.0
2181,0.0
2182,2.222222222
2183,5.9016393439999995
2184,1.232876712
2185,7.659574468
2186,0.0
2187,0.0
2188,0.0
2189,0.0
2190,3.272727273
2191,0.0
2192,0.0
2193,0.0
2194,0.0
2195,0.0
2196,14.25742574
2197,1.773399015
2198,0.0
2199,0.0
2200,0.0
2201,0.0
2202,1.892247043
2203,0.0
2204,0.0
2205,1.54340836
2206,2.130177515
2207,0.0
2208,1.171684296
2209,1.013370866
2210,1.6
2211,1.4472361809999998
2212,2.1917808219999997
2213,2.345276873
2214,0.0
2215,3.341067285
2216,2.4489795919999997
2217,1.0992366409999998
2218,2.647058824
2219,3.654822335
2220,2.0
2221,1.2576419209999998
2222,1.221374046
2223,1.203007519
2224,1.32474701
2225,1.254355401
2226,3.923705722
2227,1.804511278
2228,5.829959514
2229,1.098398169
2230,0.0
2231,0.0
2232,0.0
2233,5.052631579
2234,0.0
2235,0.0
2236,0.0
2237,0.0
2238,0.0
2239,0.0
2240,0.0
2241,0.0
2242,0.0
2243,0.0
2244,0.0
2245,0.0
2246,0.0
2247,0.0
2248,0.0
2249,0.0
2250,0.0
2251,0.0
2252,0.0
2253,0.0
2254,0.0
2255,0.0
2256,0.0
2257,1.338289963
2258,0.0
2259,0.0
2260,1.875
2261,5.669291339
2262,3.54679803
2263,1.359773371
2264,2.62295082
2265,3.396226415
2266,2.845849802
2267,4.06779661
2268,2.530755712
2269,1.67636787
2270,3.2286995519999997
2271,3.85026738
2272,2.7906976739999996
2273,1.044234953
2274,0.0
2275,0.0
2276,0.0
2277,0.0
2278,0.0
2279,0.0
2280,0.0
2281,0.0
2282,1.887287025
2283,1.4342629480000002
2284,0.0
2285,2.322580645
2286,0.0
2287,0.0
2288,1.4187192119999998
2289,0.0
2290,68.57142857
2291,0.0
2292,1.147410359
2293,0.0
2294,0.0
2295,7.164179104
2296,0.0
2297,0.0
2298,0.0
2299,3.2653061219999997
2300,2.155688623
2301,0.0
2302,0.0
2303,0.0
2304,0.0
2305,0.0
2306,0.0
2307,3.966942149
2308,28.8
2309,1.7955112219999998
2310,6.545454545
2311,20.0
2312,1.3953488369999998
2313,1.855670103
2314,0.0
2315,1.108545035
2316,1.265377856
2317,0.0
2318,0.0
2319,2.3723229
2320,0.0
2321,1.730769231
2322,1.228668942
2323,7.578947368
2324,0.0
2325,3.461538462
2326,0.0
2327,0.0
2328,0.0
2329,0.0
2330,2.412060302
2331,0.0
2332,0.0
2333,0.0
2334,1.5110178380000001
2335,0.0
2336,0.0
2337,1.454545455
2338,5.12455516
2339,3.85026738
2340,0.0
2341,5.454545455
2342,0.0
2343,0.0
2344,0.0
2345,0.0
2346,6.4
2347,0.0
2348,0.0
2349,0.0
2350,0.0
2351,1.080270068
2352,0.0
2353,0.0
2354,0.0
2355,2.089985486
2356,2.063037249
2357,2.6815642459999998
2358,1.02637206
2359,1.032998565
2360,1.832061069
2361,1.882352941
2362,1.980742779
2363,4.4582043339999995
2364,2.647058824
2365,1.424332344
2366,1.811320755
2367,0.0
2368,0.0
2369,1.227621483
2370,0.0
2371,0.0
2372,0.0
2373,0.0
2374,0.0
2375,0.0
2376,2.3762376240000003
2377,3.711340206
2378,1.15848753
2379,0.0
2380,1.221374046
2381,0.0
2382,0.0
2383,0.0
2384,1.260945709
2385,1.126760563
2386,3.789473684
2387,1.115414407
2388,0.0
2389,0.0
2390,0.0
2391,0.0
2392,1.9302949059999999
2393,2.589928058
2394,0.0
2395,1.463414634
2396,0.0
2397,8.044692737
2398,0.0
2399,4.528301887
2400,0.0
2401,0.0
2402,1.234991424
2403,0.0
2404,2.530755712
2405,7.346938776
2406,1.343283582
2407,2.774566474
2408,1.788819876
2409,2.274881517
2410,0.0
2411,1.9302949059999999
2412,0.0
2413,0.0
2414,10.58823529
2415,1.829733164
2416,0.0
2417,2.2820919180000003
2418,0.0
2419,0.0
2420,1.274336283
2421,0.0
2422,0.0
2423,2.5714285709999998
2424,0.0
2425,0.0
2426,0.0
2427,0.0
2428,0.0
2429,0.0
2430,1.067457376
2431,0.0
2432,1.1556982340000002
2433,0.0
2434,0.0
2435,0.0
2436,11.90082645
2437,0.0
2438,2.307692308
2439,0.0
2440,0.0
2441,0.0
2442,0.0
2443,1.0457516340000002
2444,2.368421053
2445,1.619797525
2446,0.0
2447,1.09008327
2448,1.054945055
2449,1.339534884
2450,0.0
2451,1.065088757
2452,2.521891419
2453,1.9022457069999998
2454,9.113924051
2455,1.636363636
2456,2.521891419
2457,2.3491027730000003
2458,3.272727273
2459,1.022001419
2460,0.0
2461,0.0
2462,0.0
2463,0.0
2464,1.022001419
2465,27.69230769
2466,0.0
2467,0.0
2468,0.0
2469,3.420427553
2470,0.0
2471,1.438561439
2472,0.0
2473,1.610738255
2474,2.495667244
2475,0.0
2476,0.0
2477,0.0
2478,2.975206612
2479,0.0
2480,0.0
2481,0.0
2482,0.0
2483,0.0
2484,0.0
2485,0.0
2486,0.0
2487,0.0
2488,0.0
2489,0.0
2490,0.0
2491,0.0
2492,0.0
2493,0.0
2494,1.568627451
2495,7.783783784
2496,1.951219512
2497,1.148325359
2498,3.6641221369999997
2499,6.180257511000001
2500,1.214165261
2501,1.9780219780000001
2502,0.0
2503,0.0
2504,1.14924182
2505,0.0
2506,0.0
2507,1.453077699
2508,2.060085837
2509,1.011235955
2510,0.0
2511,2.408026756
2512,2.599277978
2513,1.708185053
2514,3.404255319
2515,0.0
2516,0.0
2517,1.4984391259999998
2518,4.542586751
2519,0.0
2520,0.0
2521,0.0
2522,2.4324324319999997
2523,0.0
2524,0.0
2525,0.0
2526,0.0
2527,0.0
2528,0.0
2529,1.92
2530,3.150984683
2531,0.0
2532,2.8685258960000004
2533,2.763915547
2534,0.0
2535,0.0
2536,2.096069869
2537,0.0
2538,0.0
2539,0.0
2540,0.0
2541,1.92513369
2542,0.0
2543,1.24567474
2544,1.006993007
2545,1.074626866
2546,0.0
2547,2.36453202
2548,1.4328358209999998
2549,2.267716535
2550,4.033613445
2551,1.964529332
2552,0.0
2553,1.31147541
2554,0.0
2555,2.404006678
2556,1.425742574
2557,1.205020921
2558,3.538083538
2559,3.711340206
2560,5.691699605
2561,0.0
2562,1.7412333740000001
2563,2.716981132
2564,9.056603774
2565,1.594684385
2566,1.210084034
2567,5.017421603
2568,1.577217963
2569,1.0827067670000001
2570,7.272727272999999
2571,6.153846154
2572,0.0
2573,0.0
2574,0.0
2575,0.0
2576,0.0
2577,0.0
2578,0.0
2579,5.393258427
2580,0.0
2581,0.0
2582,0.0
2583,0.0
2584,0.0
2585,0.0
2586,0.0
2587,0.0
2588,0.0
2589,1.0909090909999999
2590,0.0
2591,2.774566474
2592,2.686567164
2593,1.627118644
2594,1.213142376
2595,0.0
2596,2.975206612
2597,1.454545455
2598,2.544169611
2599,2.56227758
2600,2.3920265780000003
2601,0.0
2602,1.40077821
2603,3.025210084
2604,1.820480405
2605,1.115414407
2606,2.195121951
2607,1.8181818180000002
2608,2.580645161
2609,1.764705882
2610,1.135646688
2611,0.0
2612,0.0
2613,1.591160221
2614,1.453077699
2615,10.35971223
2616,0.0
2617,1.180327869
2618,0.0
2619,0.0
2620,0.0
2621,1.782178218
2622,7.461139896000001
2623,0.0
2624,0.0
2625,3.243243243
2626,0.0
2627,0.0
2628,0.0
2629,0.0
2630,0.0
2631,1.5789473680000001
2632,0.0
2633,0.0
2634,1.1068408920000001
2635,0.0
2636,2.627737226
2637,1.728691477
2638,1.565217391
2639,0.0
2640,1.3483146069999998
2641,1.318681319
2642,1.276595745
2643,1.694117647
2644,1.379310345
2645,3.083511777
2646,3.404255319
2647,1.276595745
2648,0.0
2649,2.242990654
2650,5.669291339
2651,1.207041073
2652,4.5
2653,2.074927954
2654,2.031029619
2655,1.1520000000000001
2656,0.0
2657,0.0
2658,0.0
2659,1.354656632
2660,1.288014311
2661,1.071428571
2662,2.53968254
2663,3.38028169
2664,0.0
2665,0.0
2666,1.2162162159999999
2667,1.0212765959999999
2668,0.0
2669,1.067457376
2670,1.064301552
2671,1.179361179
2672,0.0
2673,0.0
2674,0.0
2675,0.0
2676,0.0
2677,0.0
2678,5.413533835
2679,3.22147651
2680,0.0
2681,0.0
2682,0.0
2683,1.909814324
2684,0.0
2685,2.5714285709999998
2686,0.0
2687,2.127031019
2688,0.0
2689,1.9225634180000002
2690,0.0
2691,4.056338028
2692,1.108545035
2693,2.016806723
2694,1.786600496
2695,1.424332344
2696,0.0
2697,1.674418605
2698,0.0
2699,0.0
2700,0.0
2701,3.6363636360000005
2702,1.7977528090000001
2703,1.183237469
2704,4.705882353
2705,2.236024845
2706,0.0
2707,2.2570532919999997
2708,2.285714286
2709,1.49068323
2710,1.5500538209999999
2711,0.0
2712,1.619797525
2713,0.0
2714,0.0
2715,0.0
2716,0.0
2717,1.598224195
2718,0.0
2719,1.300813008
2720,0.0
2721,6.315789474
2722,1.758241758
2723,3.692307692
2724,3.881401617
2725,1.956521739
2726,1.06351551
2727,0.0
2728,0.0
2729,0.0
2730,0.0
2731,0.0
2732,1.4922279790000001
2733,0.0
2734,0.0
2735,1.9699042409999998
2736,0.0
2737,3.503649635
2738,1.649484536
2739,0.0
2740,2.914979757
2741,0.0
2742,2.23255814
2743,2.594594595
2744,1.422924901
2745,1.956521739
2746,0.0
2747,1.1774325429999999
2748,2.102189781
2749,0.0
2750,1.438561439
2751,4.3636363639999995
2752,0.0
2753,1.603563474
2754,1.375358166
2755,0.0
2756,2.171945701
2757,0.0
2758,0.0
2759,0.0
2760,0.0
2761,1.580680571
2762,0.0
2763,0.0
2764,3.157894737
2765,0.0
2766,0.0
2767,1.277728483
2768,0.0
2769,0.0
2770,2.495667244
2771,0.0
2772,0.0
2773,0.0
2774,1.391304348
2775,0.0
2776,0.0
2777,4.982698962
2778,0.0
2779,9.536423841
2780,0.0
2781,2.920892495
2782,1.943319838
2783,1.964529332
2784,1.40077821
2785,1.28
2786,1.377990431
2787,0.0
2788,0.0
2789,1.183237469
2790,2.267716535
2791,1.37667304
2792,1.2111017659999999
2793,1.237113402
2794,2.074927954
2795,1.011235955
2796,3.8605898119999997
2797,1.0495626820000001
2798,2.8514851489999997
2799,0.0
2800,2.75862069
2801,1.940700809
2802,1.7932752180000002
2803,2.239502333
2804,1.20906801
2805,0.0
2806,0.0
2807,0.0
2808,0.0
2809,4.615384615
2810,0.0
2811,0.0
2812,0.0
2813,0.0
2814,0.0
2815,0.0
2816,3.74025974
2817,1.014799154
2818,0.0
2819,0.0
2820,1.018387553
2821,0.0
2822,13.58490566
2823,0.0
2824,0.0
2825,0.0
2826,0.0
2827,1.940700809
2828,0.0
2829,25.0
2830,2.23255814
2831,2.701688555
2832,2.3376623380000003
2833,1.563517915
2834,3.529411765
2835,0.0
2836,1.136543015
2837,8.674698795
2838,3.54679803
2839,1.44
2840,1.7245508980000002
2841,1.081893313
2842,3.902439024
2843,1.596452328
2844,2.404006678
2845,1.456016178
2846,2.576028623
2847,2.424242424
2848,2.048364154
2849,0.0
2850,0.0
2851,1.6666666669999999
2852,0.0
2853,0.0
2854,0.0
2855,0.0
2856,6.288209607000001
2857,0.0
2858,3.8605898119999997
2859,1.4271556
2860,0.0
2861,0.0
2862,0.0
2863,0.0
2864,0.0
2865,0.0
2866,0.0
2867,0.0
2868,0.0
2869,0.0
2870,0.0
2871,0.0
2872,0.0
2873,0.0
2874,0.0
2875,0.0
2876,0.0
2877,1.9538670280000001
2878,1.836734694
2879,0.0
2880,1.8181818180000002
2881,1.82278481
2882,2.6086956519999998
2883,0.0
2884,0.0
2885,0.0
2886,2.175226586
2887,0.0
2888,0.0
2889,0.0
2890,2.051282051
2891,2.6039783
2892,3.486682809
2893,1.166936791
2894,1.441441441
2895,0.0
2896,3.673469388
2897,1.605351171
2898,1.09008327
2899,1.069836553
2900,1.3320999070000001
2901,1.575492341
2902,0.0
2903,2.8180039139999997
2904,2.23255814
2905,9.056603774
2906,1.046511628
2907,2.016806723
2908,1.165048544
2909,3.250564334
2910,1.197007481
2911,2.175226586
2912,2.6086956519999998
2913,3.130434783
2914,2.260596546
2915,2.300319489
2916,2.557726465
2917,3.512195122
2918,4.948453608
2919,1.107692308
2920,3.495145631
2921,2.491349481
2922,1.658986175
2923,1.7370325690000001
2924,0.0
2925,0.0
2926,1.058823529
2927,3.164835165
2928,5.198555957
2929,1.523809524
2930,1.15755627
2931,1.381957774
2932,2.039660057
2933,1.112828439
2934,1.5584415580000002
2935,2.260596546
2936,2.920892495
2937,4.5859872610000005
2938,3.157894737
2939,2.651933702
2940,1.1410459590000002
2941,0.0
2942,1.33580705
2943,3.031578947
2944,1.435692921
2945,1.834394904
2946,3.302752294
2947,1.6475972540000001
2948,0.0
2949,0.0
2950,0.0
2951,0.0
2952,2.264150943
2953,3.356643357
2954,1.572052402
2955,2.218798151
2956,0.0
2957,1.454545455
2958,1.756097561
2959,0.0
2960,0.0
2961,1.5669205659999998
2962,2.136498516
2963,2.215384615
2964,0.0
2965,1.523809524
2966,1.31147541
2967,2.133333333
2968,2.404006678
2969,4.272997033
2970,2.120765832
2971,0.0
2972,1.2868632709999999
2973,0.0
2974,2.149253731
2975,1.0992366409999998
2976,1.700118064
2977,1.5584415580000002
2978,1.4131501469999999
2979,1.943319838
2980,0.0
2981,1.176470588
2982,3.214285714
2983,0.0
2984,1.47995889
2985,3.2286995519999997
2986,0.0
2987,1.917443409
2988,1.265377856
2989,8.944099378999999
2990,0.0
2991,0.0
2992,0.0
2993,1.503131524
2994,9.350649351
2995,0.0
2996,0.0
2997,0.0
2998,0.0
2999,1.172638436
3000,3.80952381
3001,7.955801105
3002,1.138339921
3003,0.0
3004,2.039660057
3005,0.0
3006,0.0
3007,0.0
3008,0.0
3009,0.0
3010,0.0
3011,0.0
3012,0.0
3013,0.0
3014,0.0
3015,0.0
3016,0.0
3017,0.0
3018,0.0
3019,0.0
3020,1.11627907
3021,0.0
3022,0.0
3023,1.456016178
3024,7.30964467
3025,2.637362637
3026,1.546723953
3027,2.62295082
3028,1.8604651159999999
3029,1.660899654
3030,3.164835165
3031,1.7370325690000001
3032,1.193040597
3033,4.931506849
3034,7.422680412
3035,1.444332999
3036,0.0
3037,0.0
3038,2.171945701
3039,1.956521739
3040,1.28342246
3041,6.6359447
3042,1.044992743
3043,0.0
3044,1.081893313
3045,1.773399015
3046,0.0
3047,5.373134328
3048,1.591160221
3049,0.0
3050,0.0
3051,4.285714286
3052,1.496881497
3053,1.4131501469999999
3054,0.0
3055,0.0
3056,0.0
3057,0.0
3058,1.827411168
3059,0.0
3060,0.0
3061,0.0
3062,0.0
3063,0.0
3064,0.0
3065,0.0
3066,0.0
3067,5.106382979
3068,0.0
3069,2.420168067
3070,0.0
3071,0.0
3072,0.0
3073,2.3723229
3074,8.13559322
3075,7.461139896000001
3076,0.0
3077,7.659574468
3078,1.4472361809999998
3079,3.090128755
3080,1.448692153
3081,1.097560976
3082,1.25
3083,1.032998565
3084,0.0
3085,0.0
3086,1.115414407
3087,2.651933702
3088,1.8628719280000001
3089,0.0
3090,0.0
3091,0.0
3092,0.0
3093,0.0
3094,0.0
3095,0.0
3096,0.0
3097,2.1851289830000002
3098,0.0
3099,1.06351551
3100,2.4324324319999997
3101,1.206030151
3102,1.075429425
3103,0.0
3104,1.4922279790000001
3105,1.148325359
3106,2.146050671
3107,0.0
3108,1.242450388
3109,0.0
3110,0.0
3111,1.129411765
3112,0.0
3113,0.0
3114,4.0793201130000005
3115,1.649484536
3116,3.923705722
3117,3.47826087
3118,2.737642586
3119,2.102189781
3120,6.545454545
3121,2.98136646
3122,2.548672566
3123,4.090909091
3124,1.113689095
3125,4.0793201130000005
3126,1.9780219780000001
3127,3.486682809
3128,1.714285714
3129,3.64556962
3130,5.975103734
3131,2.2018348619999997
3132,2.987551867
3133,5.052631579
3134,6.0
3135,2.874251497
3136,2.576028623
3137,2.274881517
3138,3.692307692
3139,2.5
3140,1.531914894
3141,1.541755889
3142,1.841432225
3143,8.0
3144,1.986206897
3145,1.836734694
3146,2.585278276
3147,5.274725275
3148,1.161290323
3149,2.0
3150,1.191066998
3151,1.956521739
3152,0.0
3153,2.517482517
3154,2.2291021669999997
3155,0.0
3156,0.0
3157,5.0
3158,1.3980582519999998
3159,1.531914894
3160,1.5368196369999998
3161,2.019635344
3162,0.0
3163,0.0
3164,1.4457831330000002
3165,1.877444589
3166,0.0
3167,1.641961231
3168,2.416107383
3169,1.0169491529999999
3170,2.727272727
3171,1.570338059
3172,2.396006656
3173,4.247787611000001
3174,4.090909091
3175,1.4984391259999998
3176,4.485981308
3177,1.4457831330000002
3178,0.0
3179,1.2687224670000001
3180,1.9780219780000001
3181,1.732851986
3182,2.993762994
3183,0.0
3184,0.0
3185,1.240310078
3186,0.0
3187,0.0
3188,0.0
3189,0.0
3190,1.310282075
3191,0.0
3192,1.8628719280000001
3193,0.0
3194,0.0
3195,0.0
3196,2.823529412
3197,0.0
3198,0.0
3199,0.0
3200,0.0
3201,0.0
3202,0.0
3203,0.0
3204,0.0
3205,0.0
3206,0.0
3207,0.0
3208,0.0
3209,0.0
3210,0.0
3211,1.766871166
3212,0.0
3213,1.904761905
3214,1.7518248180000002
3215,2.326332795
3216,1.210084034
3217,2.469982847
3218,1.514195584
3219,1.938088829
3220,1.582417582
3221,1.006289308
3222,1.756097561
3223,1.161290323
3224,1.009110021
3225,0.0
3226,0.0
3227,1.3407821229999999
3228,0.0
3229,0.0
3230,0.0
3231,0.0
3232,0.0
3233,0.0
3234,0.0
3235,0.0
3236,1.383285303
3237,1.570338059
3238,1.086792453
3239,1.6705336430000002
3240,0.0
3241,1.9022457069999998
3242,0.0
3243,0.0
3244,1.601779755
3245,1.846153846
3246,1.1320754720000001
3247,0.0
3248,0.0
3249,0.0
3250,0.0
3251,0.0
3252,0.0
3253,0.0
3254,3.1788079469999997
3255,1.540106952
3256,1.212121212
3257,0.0
3258,0.0
3259,0.0
3260,0.0
3261,1.747572816
3262,4.5859872610000005
3263,2.5
3264,1.359773371
3265,2.8685258960000004
3266,0.0
3267,1.24137931
3268,1.299638989
3269,1.385948027
3270,0.0
3271,1.877444589
3272,4.173913043
3273,5.647058824
3274,0.0
3275,3.829787234
3276,1.061164333
3277,1.636363636
3278,1.238177128
3279,2.4324324319999997
3280,3.582089552
3281,0.0
3282,1.064301552
3283,1.054945055
3284,1.118012422
3285,1.142857143
3286,0.0
3287,1.312670921
3288,0.0
3289,0.0
3290,2.548672566
3291,1.584158416
3292,1.037463977
3293,1.343283582
3294,2.048364154
3295,2.096069869
3296,2.292993631
3297,2.139673105
3298,0.0
3299,3.420427553
3300,0.0
3301,2.88
3302,1.167883212
3303,2.599277978
3304,0.0
3305,2.526315789
3306,1.310282075
3307,2.4489795919999997
3308,1.660899654
3309,3.673469388
3310,2.033898305
3311,1.836734694
3312,2.796116505
3313,1.139240506
3314,1.458966565
3315,1.172638436
3316,1.363636364
3317,0.0
3318,2.482758621
3319,2.5714285709999998
3320,1.047272727
3321,1.496881497
3322,2.063037249
3323,3.38028169
3324,3.711340206
3325,3.110151188
3326,1.274336283
3327,4.914675768
3328,4.417177914
3329,3.75
3330,1.417322835
3331,3.68286445
3332,2.408026756
3333,1.5517241380000002
3334,5.87755102
3335,1.6822429909999999
3336,1.565217391
3337,1.370123692
3338,6.545454545
3339,1.1659919029999999
3340,5.052631579
3341,1.749696233
3342,1.1374407579999999
3343,0.0
3344,0.0
3345,0.0
3346,0.0
3347,0.0
3348,3.74025974
3349,1.354656632
3350,2.8290766210000005
3351,0.0
3352,0.0
3353,1.734939759
3354,0.0
3355,0.0
3356,32.72727273
3357,0.0
3358,1.764705882
3359,1.7603911980000002
3360,1.441441441
3361,4.675324675
3362,2.25
3363,1.7932752180000002
3364,0.0
3365,1.41453831
3366,1.4984391259999998
3367,7.30964467
3368,0.0
3369,0.0
3370,1.125
3371,2.6716140999999998
3372,2.1917808219999997
3373,0.0
3374,2.993762994
3375,4.784053156000001
3376,0.0
3377,0.0
3378,0.0
3379,0.0
3380,0.0
3381,0.0
3382,0.0
3383,0.0
3384,0.0
3385,0.0
3386,0.0
3387,1.343283582
3388,0.0
3389,0.0
3390,0.0
3391,0.0
3392,3.404255319
3393,2.051282051
3394,2.057142857
3395,0.0
3396,0.0
3397,1.9123505980000002
3398,0.0
3399,0.0
3400,0.0
3401,4.5859872610000005
3402,0.0
3403,8.727272727
3404,0.0
3405,0.0
3406,1.7777777780000001
3407,1.730769231
3408,4.272997033
3409,1.175510204
3410,1.095057034
3411,1.5533980580000002
3412,4.350453172
3413,0.0
3414,1.415929204
3415,4.137931034
3416,0.0
3417,0.0
3418,0.0
3419,2.005571031
3420,1.4342629480000002
3421,2.580645161
3422,4.337349398
3423,1.6161616159999999
3424,3.006263048
3425,1.560130011
3426,1.7412333740000001
3427,0.0
3428,2.333873582
3429,1.967213115
3430,1.239242685
3431,0.0
3432,1.37667304
3433,1.017667845
3434,0.0
3435,0.0
3436,0.0
3437,0.0
3438,0.0
3439,0.0
3440,0.0
3441,0.0
3442,0.0
3443,1.825095057
3444,2.56227758
3445,0.0
3446,0.0
3447,0.0
3448,1.3980582519999998
3449,0.0
3450,0.0
3451,0.0
3452,0.0
3453,3.280182232
3454,1.337047354
3455,4.126074499
3456,5.255474453
3457,0.0
3458,1.383285303
3459,5.806451612999999
3460,0.0
3461,0.0
3462,2.074927954
3463,2.300319489
3464,0.0
3465,1.9123505980000002
3466,0.0
3467,0.0
3468,0.0
3469,2.311396469
3470,2.495667244
3471,1.119751166
3472,2.1654135340000003
3473,1.5078534030000001
3474,4.832214765
3475,1.4663951119999998
3476,1.9834710740000001
3477,2.647058824
3478,1.028571429
3479,2.857142857
3480,1.54340836
3481,0.0
3482,2.632541133
3483,1.6143497759999998
3484,1.111111111
3485,5.12455516
3486,0.0
3487,0.0
3488,0.0
3489,0.0
3490,1.154771451
3491,0.0
3492,0.0
3493,0.0
3494,0.0
3495,0.0
3496,0.0
3497,0.0
3498,1.139240506
3499,0.0
3500,0.0
3501,1.20906801
3502,0.0
3503,1.226575809
3504,1.7777777780000001
3505,1.7712177119999999
3506,1.318681319
3507,1.4754098359999999
3508,1.077844311
3509,0.0
3510,1.131186174
3511,1.54340836
3512,1.12412178
3513,1.421520237
3514,0.0
3515,0.0
3516,1.119751166
3517,0.0
3518,0.0
3519,0.0
3520,0.0
3521,0.0
3522,0.0
3523,1.198003328
3524,0.0
3525,2.627737226
3526,0.0
3527,0.0
3528,0.0
3529,0.0
3530,0.0
3531,0.0
3532,0.0
3533,0.0
3534,0.0
3535,0.0
3536,0.0
3537,7.461139896000001
3538,0.0
3539,0.0
3540,0.0
3541,0.0
3542,0.0
3543,0.0
3544,0.0
3545,0.0
3546,0.0
3547,0.0
3548,0.0
3549,1.10514198
3550,1.374045802
3551,1.181296144
3552,2.215384615
3553,0.0
3554,1.533546326
3555,0.0
3556,18.7012987
3557,1.038211968
3558,0.0
3559,0.0
3560,1.568627451
3561,3.37236534
3562,0.0
3563,1.136543015
3564,1.113689095
3565,0.0
3566,0.0
3567,0.0
3568,0.0
3569,2.424242424
3570,2.424242424
3571,1.073825503
3572,1.41453831
3573,2.260596546
3574,1.085154484
3575,0.0
3576,5.853658537
3577,4.931506849
3578,5.691699605
3579,2.019635344
3580,1.67636787
3581,0.0
3582,1.01910828
3583,3.388235294
3584,0.0
3585,0.0
3586,0.0
3587,0.0
3588,0.0
3589,0.0
3590,0.0
3591,0.0
3592,0.0
3593,0.0
3594,0.0
3595,1.12412178
3596,0.0
3597,1.387283237
3598,0.0
3599,0.0
3600,1.024182077
3601,1.072226359
3602,0.0
3603,0.0
3604,0.0
3605,2.585278276
3606,1.917443409
3607,1.658986175
3608,0.0
3609,4.126074499
3610,0.0
3611,0.0
3612,2.3376623380000003
3613,2.3376623380000003
3614,0.0
3615,0.0
3616,1.92513369
3617,1.127642913
3618,6.79245283
3619,1.32474701
3620,0.0
3621,2.56684492
3622,0.0
3623,0.0
3624,0.0
3625,1.309090909
3626,1.653272101
3627,0.0
3628,0.0
3629,0.0
3630,0.0
3631,0.0
3632,5.829959514
3633,0.0
3634,0.0
3635,0.0
3636,0.0
3637,0.0
3638,0.0
3639,0.0
3640,0.0
3641,0.0
3642,3.083511777
3643,0.0
3644,0.0
3645,0.0
3646,1.6
3647,0.0
3648,2.4324324319999997
3649,0.0
3650,57.6
3651,0.0
3652,0.0
3653,1.255448997
3654,0.0
3655,0.0
3656,3.280182232
3657,30.0
3658,0.0
3659,0.0
3660,0.0
3661,0.0
3662,2.613430127
3663,2.969072165
3664,1.493775934
3665,2.4489795919999997
3666,1.246753247
3667,0.0
3668,0.0
3669,5.475285171
3670,0.0
3671,0.0
3672,0.0
3673,0.0
3674,1.1009174309999998
3675,0.0
3676,1.0596026490000001
3677,0.0
3678,1.011946592
3679,1.486068111
3680,0.0
3681,0.0
3682,0.0
3683,0.0
3684,3.420427553
3685,0.0
3686,0.0
3687,1.278863233
3688,0.0
3689,0.0
3690,0.0
3691,0.0
3692,0.0
3693,0.0
3694,0.0
3695,0.0
3696,1.4830072090000002
3697,0.0
3698,0.0
3699,0.0
3700,1.696113074
3701,0.0
3702,1.034482759
3703,0.0
3704,4.571428571
3705,1.582417582
3706,1.764705882
3707,1.187139324
3708,1.022001419
3709,1.964529332
3710,7.164179104
3711,2.065997131
3712,2.356792144
3713,2.146050671
3714,23.60655738
3715,0.0
3716,4.5
3717,0.0
3718,0.0
3719,0.0
3720,0.0
3721,0.0
3722,0.0
3723,2.260596546
3724,1.5789473680000001
3725,1.523809524
3726,0.0
3727,1.3320999070000001
3728,0.0
3729,0.0
3730,1.22971819
3731,2.274881517
3732,0.0
3733,0.0
3734,0.0
3735,0.0
3736,0.0
3737,0.0
3738,1.4021421619999999
3739,0.0
3740,0.0
3741,0.0
3742,1.081081081
3743,1.773399015
3744,0.0
3745,1.766871166
3746,3.582089552
3747,0.0
3748,0.0
3749,1.263157895
3750,1.0389610390000001
3751,1.841432225
3752,1.275465013
3753,2.742857143
3754,0.0
3755,2.31511254
3756,5.393258427
3757,5.236363636
3758,1.3320999070000001
3759,11.33858268
3760,2.98136646
3761,1.1374407579999999
3762,1.69212691
3763,14.11764706
3764,1.125879593
3765,0.0
3766,0.0
3767,0.0
3768,0.0
3769,0.0
3770,0.0
3771,0.0
3772,0.0
3773,3.396226415
3774,0.0
3775,1.591160221
3776,0.0
3777,1.031518625
3778,0.0
3779,2.975206612
3780,0.0
3781,0.0
3782,3.018867925
3783,1.113689095
3784,2.048364154
3785,1.87012987
3786,3.573200993
3787,0.0
3788,0.0
3789,1.451612903
3790,4.137931034
3791,3.341067285
3792,1.4649033569999999
3793,3.3488372089999996
3794,1.034482759
3795,6.990291262
3796,1.712247325
3797,2.089985486
3798,0.0
3799,0.0
3800,2.6039783
3801,1.775585697
3802,2.666666667
3803,4.04494382
3804,0.0
3805,0.0
3806,0.0
3807,0.0
3808,1.573770492
3809,0.0
3810,0.0
3811,0.0
3812,0.0
3813,0.0
3814,0.0
3815,0.0
3816,0.0
3817,0.0
3818,0.0
3819,0.0
3820,0.0
3821,0.0
3822,0.0
3823,3.3488372089999996
3824,0.0
3825,1.435692921
3826,1.15942029
3827,3.779527559
3828,2.465753425
3829,0.0
3830,0.0
3831,1.6
3832,1.2984670870000001
3833,0.0
3834,2.013986014
3835,2.4324324319999997
3836,1.561822126
3837,0.0
3838,0.0
3839,1.940700809
3840,0.0
3841,2.748091603
3842,3.006263048
3843,2.175226586
3844,1.6308040769999999
3845,2.38410596
3846,2.526315789
3847,1.4271556
3848,3.123644252
3849,1.967213115
3850,0.0
3851,2.011173184
3852,1.4501510569999998
3853,4.311377246
3854,1.86770428
3855,1.596452328
3856,0.0
3857,0.0
3858,0.0
3859,4.897959183999999
3860,0.0
3861,1.7433414040000001
3862,0.0
3863,0.0
3864,0.0
3865,0.0
3866,2.3723229
3867,1.745454545
3868,0.0
3869,0.0
3870,0.0
3871,0.0
3872,0.0
3873,0.0
3874,0.0
3875,0.0
3876,1.2642669009999998
3877,1.009110021
3878,0.0
3879,1.203007519
3880,1.073825503
3881,0.0
3882,0.0
3883,0.0
3884,0.0
3885,0.0
3886,1.0337401290000001
3887,1.660899654
3888,1.540106952
3889,1.184210526
3890,1.0942249240000002
3891,1.5859030840000001
3892,1.716328963
3893,2.8125
3894,1.4574898790000002
3895,2.278481013
3896,1.756097561
3897,4.0
3898,4.897959183999999
3899,1.453077699
3900,1.541755889
3901,5.179856115
3902,1.204013378
3903,0.0
3904,0.0
3905,0.0
3906,3.5555555560000003
3907,0.0
3908,2.482758621
3909,2.239502333
3910,2.02247191
3911,0.0
3912,1.294964029
3913,0.0
3914,6.6359447
3915,0.0
3916,0.0
3917,0.0
3918,0.0
3919,0.0
3920,0.0
3921,0.0
3922,0.0
3923,0.0
3924,0.0
3925,0.0
3926,0.0
3927,0.0
3928,0.0
3929,8.323699422
3930,0.0
3931,0.0
3932,0.0
3933,0.0
3934,1.126760563
3935,4.114285714
3936,2.108345534
3937,1.967213115
3938,3.503649635
3939,0.0
3940,1.381957774
3941,0.0
3942,2.139673105
3943,2.3491027730000003
3944,0.0
3945,1.3953488369999998
3946,0.0
3947,4.247787611000001
3948,2.453151618
3949,3.9560439560000003
3950,1.306715064
3951,2.3801652890000002
3952,0.0
3953,2.146050671
3954,0.0
3955,3.412322275
3956,1.540106952
3957,0.0
3958,2.0779220780000003
3959,1.061164333
3960,0.0
3961,0.0
3962,2.360655738
3963,1.24567474
3964,1.512605042
3965,0.0
3966,1.194029851
3967,0.0
3968,6.605504587
3969,0.0
3970,0.0
3971,0.0
3972,0.0
3973,0.0
3974,0.0
3975,0.0
3976,0.0
3977,0.0
3978,0.0
3979,0.0
3980,0.0
3981,1.1556982340000002
3982,1.134751773
3983,1.668597914
3984,1.096725057
3985,0.0
3986,10.90909091
3987,3.47826087
3988,3.388235294
3989,2.330097087
3990,1.523809524
3991,2.8125
3992,1.184210526
3993,1.103448276
3994,1.6724738680000002
3995,1.136543015
3996,1.855670103
3997,1.421520237
3998,2.62295082
3999,0.0
4000,1.210084034
4001,1.36492891
4002,1.041214751
4003,1.563517915
4004,0.0
4005,1.25984252
4006,0.0
4007,8.622754491
4008,0.0
4009,0.0
4010,0.0
4011,1.662817552
4012,3.3103448280000003
4013,0.0
4014,0.0
4015,1.444332999
4016,1.961852861
4017,4.832214765
4018,0.0
4019,1.170731707
4020,0.0
4021,1.88976378
4022,1.5
4023,0.0
4024,0.0
4025,0.0
4026,0.0
4027,6.180257511000001
4028,5.12455516
4029,5.60311284
4030,4.931506849
4031,1.01910828
4032,1.062730627
4033,2.054208274
4034,4.2352941180000006
4035,6.428571429
4036,1.28
4037,0.0
4038,2.696629213
4039,0.0
4040,1.179361179
4041,1.8090452259999998
4042,1.9328859059999999
4043,2.9508196719999997
4044,4.0793201130000005
4045,1.125879593
4046,1.791044776
4047,1.39941691
4048,0.0
4049,3.2951945080000002
4050,0.0
4051,1.704142012
4052,0.0
4053,0.0
4054,0.0
4055,22.5
4056,0.0
4057,0.0
4058,0.0
4059,1.894736842
4060,1.092564492
4061,1.515789474
4062,0.0
4063,0.0
4064,0.0
4065,0.0
4066,0.0
4067,0.0
4068,0.0
4069,0.0
4070,1.0762331840000001
4071,0.0
4072,0.0
4073,0.0
4074,0.0
4075,0.0
4076,0.0
4077,5.714285714
4078,1.1374407579999999
4079,1.284567351
4080,0.0
4081,1.804511278
4082,1.7603911980000002
4083,2.326332795
4084,1.25984252
4085,0.0
4086,0.0
4087,0.0
4088,1.8437900130000002
4089,5.950413222999999
4090,2.333873582
4091,0.0
4092,0.0
4093,1.1659919029999999
4094,0.0
4095,2.11143695
4096,1.836734694
4097,0.0
4098,1.1068408920000001
4099,1.027837259
4100,0.0
4101,0.0
4102,0.0
4103,0.0
4104,0.0
4105,0.0
4106,0.0
4107,4.690553746
4108,5.55984556
4109,1.9485791609999998
4110,0.0
4111,2.944785276
4112,8.520710058999999
4113,0.0
4114,1.411764706
4115,0.0
4116,0.0
4117,2.048364154
4118,0.0
4119,1.1455847259999998
4120,1.074626866
4121,6.889952152999999
4122,0.0
4123,0.0
4124,0.0
4125,0.0
4126,0.0
4127,0.0
4128,0.0
4129,7.384615385
4130,0.0
4131,0.0
4132,1.820480405
4133,0.0
4134,1.476923077
4135,1.161290323
4136,3.64556962
4137,1.3162705670000001
4138,0.0
4139,8.181818182
4140,5.373134328
4141,0.0
4142,1.0337401290000001
4143,0.0
4144,1.377990431
4145,2.987551867
4146,1.523809524
4147,1.4076246330000002
4148,0.0
4149,0.0
4150,0.0
4151,0.0
4152,0.0
4153,0.0
4154,0.0
4155,0.0
4156,1.5254237290000001
4157,2.267716535
4158,0.0
4159,2.975206612
4160,1.339534884
4161,1.387283237
4162,1.0892586990000002
4163,0.0
4164,0.0
4165,6.6359447
4166,2.02247191
4167,1.1697806659999999
4168,4.615384615
4169,1.877444589
4170,0.0
4171,5.1428571430000005
4172,2.5714285709999998
4173,1.745454545
4174,2.544169611
4175,2.75862069
4176,2.15892054
4177,2.530755712
4178,3.037974684
4179,6.6359447
4180,3.257918552
4181,3.076923077
4182,1.305530372
4183,3.5555555560000003
4184,2.95687885
4185,0.0
4186,1.073825503
4187,3.85026738
4188,2.6716140999999998
4189,1.749696233
4190,2.396006656
4191,1.3407821229999999
4192,1.344537815
4193,1.87012987
4194,4.298507463
4195,1.698113208
4196,1.384615385
4197,1.4619289340000001
4198,1.225531915
4199,0.0
4200,2.774566474
4201,0.0
4202,1.370123692
4203,1.610738255
4204,0.0
4205,0.0
4206,0.0
4207,0.0
4208,0.0
4209,0.0
4210,1.078651685
4211,0.0
4212,2.796116505
4213,0.0
4214,1.32474701
4215,2.093023256
4216,2.008368201
4217,0.0
4218,0.0
4219,0.0
4220,0.0
4221,0.0
4222,1.0480349340000001
4223,1.14924182
4224,2.162162162
4225,1.67636787
4226,1.2
4227,0.0
4228,0.0
4229,1.454545455
4230,0.0
4231,1.1068408920000001
4232,1.651376147
4233,1.362346263
4234,2.737642586
4235,0.0
4236,1.747572816
4237,1.640091116
4238,4.914675768
4239,3.829787234
4240,2.114537445
4241,1.222410866
4242,1.592920354
4243,0.0
4244,1.766871166
4245,2.396006656
4246,1.448692153
4247,0.0
4248,3.272727273
4249,2.171945701
4250,2.36453202
4251,8.520710058999999
4252,2.130177515
4253,1.234991424
4254,2.333873582
4255,1.043478261
4256,1.071428571
4257,0.0
4258,0.0
4259,0.0
4260,0.0
4261,0.0
4262,0.0
4263,0.0
4264,0.0
4265,2.796116505
4266,0.0
4267,1.136543015
4268,0.0
4269,1.009817672
4270,1.4830072090000002
4271,1.136543015
4272,1.848523748
4273,2.060085837
4274,1.081081081
4275,1.057268722
4276,0.0
4277,0.0
4278,1.252173913
4279,2.139673105
4280,1.884816754
4281,0.0
4282,2.333873582
4283,0.0
4284,2.9629629630000003
4285,1.263157895
4286,0.0
4287,0.0
4288,3.0
4289,1.570338059
4290,7.9120879120000005
4291,0.0
4292,2.345276873
4293,1.815889029
4294,2.75334608
4295,2.9508196719999997
4296,2.544169611
4297,0.0
4298,1.2720848059999998
4299,0.0
4300,0.0
4301,0.0
4302,0.0
4303,0.0
4304,0.0
4305,0.0
4306,0.0
4307,0.0
4308,0.0
4309,0.0
4310,0.0
4311,0.0
4312,4.4582043339999995
4313,0.0
4314,0.0
4315,0.0
4316,6.82464455
4317,0.0
4318,0.0
4319,1.1697806659999999
4320,0.0
4321,0.0
4322,1.619797525
4323,2.326332795
4324,1.9225634180000002
4325,1.470888662
4326,2.2291021669999997
4327,2.796116505
4328,0.0
4329,1.6475972540000001
4330,0.0
4331,0.0
4332,1.1697806659999999
4333,1.664739884
4334,3.0
4335,0.0
4336,1.0843373490000001
4337,0.0
4338,0.0
4339,0.0
4340,0.0
4341,0.0
4342,1.506276151
4343,0.0
4344,0.0
4345,0.0
4346,0.0
4347,0.0
4348,0.0
4349,1.489141675
4350,0.0
4351,0.0
4352,0.0
4353,0.0
4354,0.0
4355,0.0
4356,23.22580645
4357,0.0
4358,0.0
4359,0.0
4360,0.0
4361,0.0
4362,0.0
4363,0.0
4364,0.0
4365,1.277728483
4366,1.013370866
4367,0.0
4368,0.0
4369,0.0
4370,0.0
4371,5.950413222999999
4372,0.0
4373,0.0
4374,2.31511254
4375,0.0
4376,0.0
4377,0.0
4378,2.80155642
4379,1.627118644
4380,1.530286929
4381,1.139240506
4382,1.3953488369999998
4383,1.383285303
4384,3.582089552
4385,5.106382979
4386,7.741935484
4387,4.736842105
4388,0.0
4389,2.211981567
4390,1.9944598340000002
4391,4.337349398
4392,1.223449448
4393,1.504702194
4394,7.236180905
4395,0.0
4396,0.0
4397,4.210526316
